Year,ISO2,ISO3,Country,Variable,Dataset,CalculatedScore,isOpen,aExists,bAvailable,cMachineReadable,dBulk,eFree,fLicense,gUpdated,hSustainable,iDiscoverable,jLinked
2014,AR,ARG,Argentina,ODB.2013.D1,D1 - Map,80,0,5,10,15,15,15,0,10,5,5,0
2014,AR,ARG,Argentina,ODB.2013.D2,D2 - Land,5,0,5,0,0,0,0,0,0,0,0,0
2014,AR,ARG,Argentina,ODB.2013.D4,D4 - Census,80,0,5,10,15,15,15,0,10,5,5,0
2014,AR,ARG,Argentina,ODB.2013.D5,D5 - Budget,15,0,5,10,0,0,0,0,0,0,0,0
2014,AR,ARG,Argentina,ODB.2013.D6,D6 - Spend,15,0,5,10,0,0,0,0,0,0,0,0
2014,AR,ARG,Argentina,ODB.2013.D7,D7 - Company,15,0,5,10,0,0,0,0,0,0,0,0
2014,AR,ARG,Argentina,ODB.2013.D8,D8 - Legislation,15,0,5,10,0,0,0,0,0,0,0,0
2014,AR,ARG,Argentina,ODB.2013.D9,D9 - Transport,95,1,5,10,15,15,15,15,10,5,5,0
2014,AR,ARG,Argentina,ODB.2013.D10,D10 - Trade,10,0,5,10,0,0,0,0,-5,0,0,0
2014,AR,ARG,Argentina,ODB.2013.D11,D11 - Health,15,0,5,10,0,0,0,0,0,0,0,0
2014,AR,ARG,Argentina,ODB.2013.D12,D12 - Education,80,1,5,10,15,15,15,15,-5,5,5,0
2014,AR,ARG,Argentina,ODB.2013.D13,D13 - Crime,10,0,5,10,0,0,0,0,-5,0,0,0
2014,AR,ARG,Argentina,ODB.2013.D14,D14 - Environment,10,0,5,10,0,0,0,0,-5,0,0,0
2014,AR,ARG,Argentina,ODB.2013.D15,D15 - Elections,95,1,5,10,15,15,15,15,10,5,5,0
2014,AR,ARG,Argentina,ODB.2013.D16,D16 - Contracts,15,0,5,10,0,0,0,0,0,0,0,0
2014,AU,AUS,Australia,ODB.2013.D1,D1 - Map,95,1,5,10,15,15,15,15,10,5,5,0
2014,AU,AUS,Australia,ODB.2013.D2,D2 - Land,10,0,5,10,0,0,0,0,-5,0,0,0
2014,AU,AUS,Australia,ODB.2013.D4,D4 - Census,80,0,5,10,15,0,15,15,10,5,5,0
2014,AU,AUS,Australia,ODB.2013.D5,D5 - Budget,80,0,5,10,15,0,15,15,10,5,5,0
2014,AU,AUS,Australia,ODB.2013.D6,D6 - Spend,15,0,5,10,0,0,0,0,0,0,0,0
2014,AU,AUS,Australia,ODB.2013.D7,D7 - Company,85,0,5,10,15,15,15,0,10,5,5,5
2014,AU,AUS,Australia,ODB.2013.D8,D8 - Legislation,15,0,5,10,0,0,0,0,0,0,0,0
2014,AU,AUS,Australia,ODB.2013.D9,D9 - Transport,90,1,5,10,15,15,15,15,10,5,0,0
2014,AU,AUS,Australia,ODB.2013.D10,D10 - Trade,90,1,5,10,15,15,15,15,10,0,5,0
2014,AU,AUS,Australia,ODB.2013.D11,D11 - Health,65,0,5,10,15,0,15,15,-5,5,5,0
2014,AU,AUS,Australia,ODB.2013.D12,D12 - Education,65,0,5,10,15,0,15,15,-5,5,5,0
2014,AU,AUS,Australia,ODB.2013.D13,D13 - Crime,75,1,5,10,15,15,15,15,-5,0,5,0
2014,AU,AUS,Australia,ODB.2013.D14,D14 - Environment,55,0,5,10,15,0,15,15,-5,0,0,0
2014,AU,AUS,Australia,ODB.2013.D15,D15 - Elections,95,1,5,10,15,15,15,15,10,5,5,0
2014,AU,AUS,Australia,ODB.2013.D16,D16 - Contracts,80,1,5,10,15,15,15,15,-5,5,5,0
2014,AT,AUT,Austria,ODB.2013.D1,D1 - Map,15,0,5,10,0,0,0,0,0,0,0,0
2014,AT,AUT,Austria,ODB.2013.D2,D2 - Land,15,0,5,10,0,0,0,0,0,0,0,0
2014,AT,AUT,Austria,ODB.2013.D4,D4 - Census,65,0,5,10,15,0,15,0,10,5,5,0
2014,AT,AUT,Austria,ODB.2013.D5,D5 - Budget,65,0,5,10,15,0,15,0,10,5,5,0
2014,AT,AUT,Austria,ODB.2013.D6,D6 - Spend,5,0,5,0,0,0,0,0,0,0,0,0
2014,AT,AUT,Austria,ODB.2013.D7,D7 - Company,5,0,5,0,0,0,0,0,0,0,0,0
2014,AT,AUT,Austria,ODB.2013.D8,D8 - Legislation,95,1,5,10,15,15,15,15,10,5,5,0
2014,AT,AUT,Austria,ODB.2013.D9,D9 - Transport,95,1,5,10,15,15,15,15,10,5,5,0
2014,AT,AUT,Austria,ODB.2013.D10,D10 - Trade,80,0,5,10,15,0,15,15,10,5,5,0
2014,AT,AUT,Austria,ODB.2013.D11,D11 - Health,5,0,5,0,0,0,0,0,0,0,0,0
2014,AT,AUT,Austria,ODB.2013.D12,D12 - Education,40,0,5,10,15,0,15,0,-5,0,0,0
2014,AT,AUT,Austria,ODB.2013.D13,D13 - Crime,15,0,5,10,0,0,0,0,0,0,0,0
2014,AT,AUT,Austria,ODB.2013.D14,D14 - Environment,15,0,5,10,0,0,0,0,0,0,0,0
2014,AT,AUT,Austria,ODB.2013.D15,D15 - Elections,95,1,5,10,15,15,15,15,10,5,5,0
2014,AT,AUT,Austria,ODB.2013.D16,D16 - Contracts,15,0,5,10,0,0,0,0,0,0,0,0
2014,BH,BHR,Bahrain,ODB.2013.D1,D1 - Map,15,0,5,10,0,0,0,0,0,0,0,0
2014,BH,BHR,Bahrain,ODB.2013.D2,D2 - Land,5,0,5,0,0,0,0,0,0,0,0,0
2014,BH,BHR,Bahrain,ODB.2013.D4,D4 - Census,55,0,5,10,15,15,15,0,-5,0,0,0
2014,BH,BHR,Bahrain,ODB.2013.D5,D5 - Budget,10,0,5,10,0,0,0,0,-5,0,0,0
2014,BH,BHR,Bahrain,ODB.2013.D6,D6 - Spend,5,0,5,0,0,0,0,0,0,0,0,0
2014,BH,BHR,Bahrain,ODB.2013.D7,D7 - Company,10,0,5,10,0,0,0,0,-5,0,0,0
2014,BH,BHR,Bahrain,ODB.2013.D8,D8 - Legislation,5,0,5,0,0,0,0,0,0,0,0,0
2014,BH,BHR,Bahrain,ODB.2013.D9,D9 - Transport,15,0,5,10,0,0,0,0,0,0,0,0
2014,BH,BHR,Bahrain,ODB.2013.D10,D10 - Trade,10,0,5,10,0,0,0,0,-5,0,0,0
2014,BH,BHR,Bahrain,ODB.2013.D11,D11 - Health,25,0,5,10,15,0,0,0,-5,0,0,0
2014,BH,BHR,Bahrain,ODB.2013.D12,D12 - Education,40,0,5,10,15,0,15,0,-5,0,0,0
2014,BH,BHR,Bahrain,ODB.2013.D13,D13 - Crime,5,0,5,0,0,0,0,0,0,0,0,0
2014,BH,BHR,Bahrain,ODB.2013.D14,D14 - Environment,5,0,5,0,0,0,0,0,0,0,0,0
2014,BH,BHR,Bahrain,ODB.2013.D15,D15 - Elections,5,0,5,0,0,0,0,0,0,0,0,0
2014,BH,BHR,Bahrain,ODB.2013.D16,D16 - Contracts,15,0,5,10,0,0,0,0,0,0,0,0
2014,BD,BGD,Bangladesh,ODB.2013.D1,D1 - Map,15,0,5,10,0,0,0,0,0,0,0,0
2014,BD,BGD,Bangladesh,ODB.2013.D2,D2 - Land,10,0,5,10,0,0,0,0,-5,0,0,0
2014,BD,BGD,Bangladesh,ODB.2013.D4,D4 - Census,15,0,5,10,0,0,0,0,0,0,0,0
2014,BD,BGD,Bangladesh,ODB.2013.D5,D5 - Budget,15,0,5,10,0,0,0,0,0,0,0,0
2014,BD,BGD,Bangladesh,ODB.2013.D6,D6 - Spend,15,0,5,10,0,0,0,0,0,0,0,0
2014,BD,BGD,Bangladesh,ODB.2013.D7,D7 - Company,10,0,5,10,0,0,0,0,-5,0,0,0
2014,BD,BGD,Bangladesh,ODB.2013.D8,D8 - Legislation,15,0,5,10,0,0,0,0,0,0,0,0
2014,BD,BGD,Bangladesh,ODB.2013.D9,D9 - Transport,15,0,5,10,0,0,0,0,0,0,0,0
2014,BD,BGD,Bangladesh,ODB.2013.D10,D10 - Trade,15,0,5,10,0,0,0,0,0,0,0,0
2014,BD,BGD,Bangladesh,ODB.2013.D11,D11 - Health,15,0,5,10,0,0,0,0,0,0,0,0
2014,BD,BGD,Bangladesh,ODB.2013.D12,D12 - Education,15,0,5,10,0,0,0,0,0,0,0,0
2014,BD,BGD,Bangladesh,ODB.2013.D13,D13 - Crime,15,0,5,10,0,0,0,0,0,0,0,0
2014,BD,BGD,Bangladesh,ODB.2013.D14,D14 - Environment,10,0,5,10,0,0,0,0,-5,0,0,0
2014,BD,BGD,Bangladesh,ODB.2013.D15,D15 - Elections,15,0,5,10,0,0,0,0,0,0,0,0
2014,BD,BGD,Bangladesh,ODB.2013.D16,D16 - Contracts,15,0,5,10,0,0,0,0,0,0,0,0
2014,BE,BEL,Belgium,ODB.2013.D1,D1 - Map,5,0,5,0,0,0,0,0,0,0,0,0
2014,BE,BEL,Belgium,ODB.2013.D2,D2 - Land,15,0,5,10,0,0,0,0,0,0,0,0
2014,BE,BEL,Belgium,ODB.2013.D4,D4 - Census,80,0,5,10,15,15,15,0,10,5,5,0
2014,BE,BEL,Belgium,ODB.2013.D5,D5 - Budget,80,0,5,10,15,15,15,0,10,5,5,0
2014,BE,BEL,Belgium,ODB.2013.D6,D6 - Spend,5,0,5,0,0,0,0,0,0,0,0,0
2014,BE,BEL,Belgium,ODB.2013.D7,D7 - Company,80,0,5,10,15,15,15,0,10,5,5,0
2014,BE,BEL,Belgium,ODB.2013.D8,D8 - Legislation,15,0,5,10,0,0,0,0,0,0,0,0
2014,BE,BEL,Belgium,ODB.2013.D9,D9 - Transport,10,0,5,10,0,0,0,0,-5,0,0,0
2014,BE,BEL,Belgium,ODB.2013.D10,D10 - Trade,10,0,5,10,0,0,0,0,-5,0,0,0
2014,BE,BEL,Belgium,ODB.2013.D11,D11 - Health,15,0,5,10,0,0,0,0,0,0,0,0
2014,BE,BEL,Belgium,ODB.2013.D12,D12 - Education,15,0,5,10,0,0,0,0,0,0,0,0
2014,BE,BEL,Belgium,ODB.2013.D13,D13 - Crime,65,0,5,10,15,0,15,0,10,5,5,0
2014,BE,BEL,Belgium,ODB.2013.D14,D14 - Environment,40,0,5,10,15,0,15,0,-5,0,0,0
2014,BE,BEL,Belgium,ODB.2013.D15,D15 - Elections,15,0,5,10,0,0,0,0,0,0,0,0
2014,BE,BEL,Belgium,ODB.2013.D16,D16 - Contracts,15,0,5,10,0,0,0,0,0,0,0,0
2014,BJ,BEN,Benin,ODB.2013.D1,D1 - Map,5,0,5,0,0,0,0,0,0,0,0,0
2014,BJ,BEN,Benin,ODB.2013.D2,D2 - Land,5,0,5,0,0,0,0,0,0,0,0,0
2014,BJ,BEN,Benin,ODB.2013.D4,D4 - Census,65,0,5,10,15,0,15,0,10,5,5,0
2014,BJ,BEN,Benin,ODB.2013.D5,D5 - Budget,15,0,5,10,0,0,0,0,0,0,0,0
2014,BJ,BEN,Benin,ODB.2013.D6,D6 - Spend,5,0,5,0,0,0,0,0,0,0,0,0
2014,BJ,BEN,Benin,ODB.2013.D7,D7 - Company,15,0,5,10,0,0,0,0,0,0,0,0
2014,BJ,BEN,Benin,ODB.2013.D8,D8 - Legislation,5,0,5,0,0,0,0,0,0,0,0,0
2014,BJ,BEN,Benin,ODB.2013.D9,D9 - Transport,0,0,0,0,0,0,0,0,0,0,0,0
2014,BJ,BEN,Benin,ODB.2013.D10,D10 - Trade,60,0,5,10,15,15,15,0,-5,0,5,0
2014,BJ,BEN,Benin,ODB.2013.D11,D11 - Health,80,0,5,10,15,15,15,0,10,5,5,0
2014,BJ,BEN,Benin,ODB.2013.D12,D12 - Education,5,0,5,0,0,0,0,0,0,0,0,0
2014,BJ,BEN,Benin,ODB.2013.D13,D13 - Crime,5,0,5,0,0,0,0,0,0,0,0,0
2014,BJ,BEN,Benin,ODB.2013.D14,D14 - Environment,5,0,5,0,0,0,0,0,0,0,0,0
2014,BJ,BEN,Benin,ODB.2013.D15,D15 - Elections,0,0,0,0,0,0,0,0,0,0,0,0
2014,BJ,BEN,Benin,ODB.2013.D16,D16 - Contracts,5,0,5,0,0,0,0,0,0,0,0,0
2014,BW,BWA,Botswana,ODB.2013.D1,D1 - Map,5,0,5,0,0,0,0,0,0,0,0,0
2014,BW,BWA,Botswana,ODB.2013.D2,D2 - Land,5,0,5,0,0,0,0,0,0,0,0,0
2014,BW,BWA,Botswana,ODB.2013.D4,D4 - Census,15,0,5,10,0,0,0,0,0,0,0,0
2014,BW,BWA,Botswana,ODB.2013.D5,D5 - Budget,15,0,5,10,0,0,0,0,0,0,0,0
2014,BW,BWA,Botswana,ODB.2013.D6,D6 - Spend,5,0,5,0,0,0,0,0,0,0,0,0
2014,BW,BWA,Botswana,ODB.2013.D7,D7 - Company,5,0,5,0,0,0,0,0,0,0,0,0
2014,BW,BWA,Botswana,ODB.2013.D8,D8 - Legislation,10,0,5,10,0,0,0,0,-5,0,0,0
2014,BW,BWA,Botswana,ODB.2013.D9,D9 - Transport,0,0,0,0,0,0,0,0,0,0,0,0
2014,BW,BWA,Botswana,ODB.2013.D10,D10 - Trade,15,0,5,10,0,0,0,0,0,0,0,0
2014,BW,BWA,Botswana,ODB.2013.D11,D11 - Health,15,0,5,10,0,0,0,0,0,0,0,0
2014,BW,BWA,Botswana,ODB.2013.D12,D12 - Education,10,0,5,10,0,0,0,0,-5,0,0,0
2014,BW,BWA,Botswana,ODB.2013.D13,D13 - Crime,10,0,5,10,0,0,0,0,-5,0,0,0
2014,BW,BWA,Botswana,ODB.2013.D14,D14 - Environment,10,0,5,10,0,0,0,0,-5,0,0,0
2014,BW,BWA,Botswana,ODB.2013.D15,D15 - Elections,15,0,5,10,0,0,0,0,0,0,0,0
2014,BW,BWA,Botswana,ODB.2013.D16,D16 - Contracts,10,0,5,10,0,0,0,0,-5,0,0,0
2014,BR,BRA,Brazil,ODB.2013.D1,D1 - Map,80,0,5,10,15,15,15,0,10,5,5,0
2014,BR,BRA,Brazil,ODB.2013.D2,D2 - Land,60,0,5,10,15,0,15,0,10,5,0,0
2014,BR,BRA,Brazil,ODB.2013.D4,D4 - Census,80,0,5,10,15,15,15,0,10,5,5,0
2014,BR,BRA,Brazil,ODB.2013.D5,D5 - Budget,95,1,5,10,15,15,15,15,10,5,5,0
2014,BR,BRA,Brazil,ODB.2013.D6,D6 - Spend,75,0,5,10,15,15,15,0,10,5,0,0
2014,BR,BRA,Brazil,ODB.2013.D7,D7 - Company,60,0,5,10,15,15,15,0,-5,0,5,0
2014,BR,BRA,Brazil,ODB.2013.D8,D8 - Legislation,15,0,5,10,0,0,0,0,0,0,0,0
2014,BR,BRA,Brazil,ODB.2013.D9,D9 - Transport,75,0,5,10,15,15,15,0,10,5,0,0
2014,BR,BRA,Brazil,ODB.2013.D10,D10 - Trade,80,0,5,10,15,15,15,0,10,5,5,0
2014,BR,BRA,Brazil,ODB.2013.D11,D11 - Health,80,0,5,10,15,0,15,15,10,5,5,0
2014,BR,BRA,Brazil,ODB.2013.D12,D12 - Education,90,1,5,10,15,15,15,15,10,5,0,0
2014,BR,BRA,Brazil,ODB.2013.D13,D13 - Crime,5,0,5,0,0,0,0,0,0,0,0,0
2014,BR,BRA,Brazil,ODB.2013.D14,D14 - Environment,45,0,5,10,15,0,15,0,-5,0,5,0
2014,BR,BRA,Brazil,ODB.2013.D15,D15 - Elections,65,0,5,10,15,0,15,0,10,5,5,0
2014,BR,BRA,Brazil,ODB.2013.D16,D16 - Contracts,5,0,5,0,0,0,0,0,0,0,0,0
2014,BF,BFA,Burkina Faso,ODB.2013.D1,D1 - Map,5,0,5,0,0,0,0,0,0,0,0,0
2014,BF,BFA,Burkina Faso,ODB.2013.D2,D2 - Land,0,0,0,0,0,0,0,0,0,0,0,0
2014,BF,BFA,Burkina Faso,ODB.2013.D4,D4 - Census,10,0,5,10,0,0,0,0,-5,0,0,0
2014,BF,BFA,Burkina Faso,ODB.2013.D5,D5 - Budget,15,0,5,10,0,0,0,0,0,0,0,0
2014,BF,BFA,Burkina Faso,ODB.2013.D6,D6 - Spend,0,0,0,0,0,0,0,0,0,0,0,0
2014,BF,BFA,Burkina Faso,ODB.2013.D7,D7 - Company,5,0,5,0,0,0,0,0,0,0,0,0
2014,BF,BFA,Burkina Faso,ODB.2013.D8,D8 - Legislation,10,0,5,10,0,0,0,0,-5,0,0,0
2014,BF,BFA,Burkina Faso,ODB.2013.D9,D9 - Transport,5,0,5,0,0,0,0,0,0,0,0,0
2014,BF,BFA,Burkina Faso,ODB.2013.D10,D10 - Trade,10,0,5,10,0,0,0,0,-5,0,0,0
2014,BF,BFA,Burkina Faso,ODB.2013.D11,D11 - Health,75,1,5,10,15,15,15,15,-5,0,5,0
2014,BF,BFA,Burkina Faso,ODB.2013.D12,D12 - Education,15,0,5,10,0,0,0,0,0,0,0,0
2014,BF,BFA,Burkina Faso,ODB.2013.D13,D13 - Crime,10,0,5,10,0,0,0,0,-5,0,0,0
2014,BF,BFA,Burkina Faso,ODB.2013.D14,D14 - Environment,10,0,5,10,0,0,0,0,-5,0,0,0
2014,BF,BFA,Burkina Faso,ODB.2013.D15,D15 - Elections,15,0,5,10,0,0,0,0,0,0,0,0
2014,BF,BFA,Burkina Faso,ODB.2013.D16,D16 - Contracts,5,0,5,0,0,0,0,0,0,0,0,0
2014,CM,CMR,Cameroon,ODB.2013.D1,D1 - Map,0,0,0,0,0,0,0,0,0,0,0,0
2014,CM,CMR,Cameroon,ODB.2013.D2,D2 - Land,0,0,0,0,0,0,0,0,0,0,0,0
2014,CM,CMR,Cameroon,ODB.2013.D4,D4 - Census,10,0,5,10,0,0,0,0,-5,0,0,0
2014,CM,CMR,Cameroon,ODB.2013.D5,D5 - Budget,15,0,5,10,0,0,0,0,0,0,0,0
2014,CM,CMR,Cameroon,ODB.2013.D6,D6 - Spend,0,0,0,0,0,0,0,0,0,0,0,0
2014,CM,CMR,Cameroon,ODB.2013.D7,D7 - Company,0,0,0,0,0,0,0,0,0,0,0,0
2014,CM,CMR,Cameroon,ODB.2013.D8,D8 - Legislation,10,0,5,10,0,0,0,0,-5,0,0,0
2014,CM,CMR,Cameroon,ODB.2013.D9,D9 - Transport,5,0,5,0,0,0,0,0,0,0,0,0
2014,CM,CMR,Cameroon,ODB.2013.D10,D10 - Trade,10,0,5,10,0,0,0,0,-5,0,0,0
2014,CM,CMR,Cameroon,ODB.2013.D11,D11 - Health,10,0,5,10,0,0,0,0,-5,0,0,0
2014,CM,CMR,Cameroon,ODB.2013.D12,D12 - Education,10,0,5,10,0,0,0,0,-5,0,0,0
2014,CM,CMR,Cameroon,ODB.2013.D13,D13 - Crime,10,0,5,10,0,0,0,0,-5,0,0,0
2014,CM,CMR,Cameroon,ODB.2013.D14,D14 - Environment,0,0,0,0,0,0,0,0,0,0,0,0
2014,CM,CMR,Cameroon,ODB.2013.D15,D15 - Elections,10,0,5,10,0,0,0,0,-5,0,0,0
2014,CM,CMR,Cameroon,ODB.2013.D16,D16 - Contracts,5,0,5,0,0,0,0,0,0,0,0,0
2014,CA,CAN,Canada,ODB.2013.D1,D1 - Map,80,0,5,10,15,0,15,15,10,5,5,0
2014,CA,CAN,Canada,ODB.2013.D2,D2 - Land,95,1,5,10,15,15,15,15,10,5,5,0
2014,CA,CAN,Canada,ODB.2013.D4,D4 - Census,95,1,5,10,15,15,15,15,10,5,5,0
2014,CA,CAN,Canada,ODB.2013.D5,D5 - Budget,75,1,5,10,15,15,15,15,-5,0,5,0
2014,CA,CAN,Canada,ODB.2013.D6,D6 - Spend,5,0,5,0,0,0,0,0,0,0,0,0
2014,CA,CAN,Canada,ODB.2013.D7,D7 - Company,15,0,5,10,0,0,0,0,0,0,0,0
2014,CA,CAN,Canada,ODB.2013.D8,D8 - Legislation,65,0,5,10,15,0,15,0,10,5,5,0
2014,CA,CAN,Canada,ODB.2013.D9,D9 - Transport,95,1,5,10,15,15,15,15,10,5,5,0
2014,CA,CAN,Canada,ODB.2013.D10,D10 - Trade,95,1,5,10,15,15,15,15,10,5,5,0
2014,CA,CAN,Canada,ODB.2013.D11,D11 - Health,80,0,5,10,15,15,15,0,10,5,5,0
2014,CA,CAN,Canada,ODB.2013.D12,D12 - Education,15,0,5,10,0,0,0,0,0,0,0,0
2014,CA,CAN,Canada,ODB.2013.D13,D13 - Crime,95,1,5,10,15,15,15,15,10,5,5,0
2014,CA,CAN,Canada,ODB.2013.D14,D14 - Environment,75,1,5,10,15,15,15,15,-5,0,5,0
2014,CA,CAN,Canada,ODB.2013.D15,D15 - Elections,95,1,5,10,15,15,15,15,10,5,5,0
2014,CA,CAN,Canada,ODB.2013.D16,D16 - Contracts,95,1,5,10,15,15,15,15,10,5,5,0
2014,CL,CHL,Chile,ODB.2013.D1,D1 - Map,60,0,5,10,15,0,15,0,10,0,5,0
2014,CL,CHL,Chile,ODB.2013.D2,D2 - Land,5,0,5,0,0,0,0,0,0,0,0,0
2014,CL,CHL,Chile,ODB.2013.D4,D4 - Census,80,1,5,10,15,15,15,15,-5,5,5,0
2014,CL,CHL,Chile,ODB.2013.D5,D5 - Budget,95,1,5,10,15,15,15,15,10,5,5,0
2014,CL,CHL,Chile,ODB.2013.D6,D6 - Spend,95,1,5,10,15,15,15,15,10,5,5,0
2014,CL,CHL,Chile,ODB.2013.D7,D7 - Company,15,0,5,10,0,0,0,0,0,0,0,0
2014,CL,CHL,Chile,ODB.2013.D8,D8 - Legislation,65,0,5,10,15,0,15,0,10,5,0,5
2014,CL,CHL,Chile,ODB.2013.D9,D9 - Transport,95,1,5,10,15,15,15,15,10,5,5,0
2014,CL,CHL,Chile,ODB.2013.D10,D10 - Trade,80,0,5,10,15,15,15,0,10,5,5,0
2014,CL,CHL,Chile,ODB.2013.D11,D11 - Health,90,1,5,10,15,15,15,15,10,0,5,0
2014,CL,CHL,Chile,ODB.2013.D12,D12 - Education,95,1,5,10,15,15,15,15,10,5,5,0
2014,CL,CHL,Chile,ODB.2013.D13,D13 - Crime,95,1,5,10,15,15,15,15,10,5,5,0
2014,CL,CHL,Chile,ODB.2013.D14,D14 - Environment,15,0,5,10,0,0,0,0,0,0,0,0
2014,CL,CHL,Chile,ODB.2013.D15,D15 - Elections,80,0,5,10,15,15,15,0,10,5,5,0
2014,CL,CHL,Chile,ODB.2013.D16,D16 - Contracts,80,0,5,10,15,15,15,0,10,5,5,0
2014,CN,CHN,China,ODB.2013.D1,D1 - Map,5,0,5,0,0,0,0,0,0,0,0,0
2014,CN,CHN,China,ODB.2013.D2,D2 - Land,5,0,5,0,0,0,0,0,0,0,0,0
2014,CN,CHN,China,ODB.2013.D4,D4 - Census,80,0,5,10,15,15,15,0,10,5,5,0
2014,CN,CHN,China,ODB.2013.D5,D5 - Budget,15,0,5,10,0,0,0,0,0,0,0,0
2014,CN,CHN,China,ODB.2013.D6,D6 - Spend,5,0,5,0,0,0,0,0,0,0,0,0
2014,CN,CHN,China,ODB.2013.D7,D7 - Company,10,0,5,10,0,0,0,0,-5,0,0,0
2014,CN,CHN,China,ODB.2013.D8,D8 - Legislation,15,0,5,10,0,0,0,0,0,0,0,0
2014,CN,CHN,China,ODB.2013.D9,D9 - Transport,15,0,5,10,0,0,0,0,0,0,0,0
2014,CN,CHN,China,ODB.2013.D10,D10 - Trade,15,0,5,10,0,0,0,0,0,0,0,0
2014,CN,CHN,China,ODB.2013.D11,D11 - Health,65,0,5,10,15,0,15,0,10,5,5,0
2014,CN,CHN,China,ODB.2013.D12,D12 - Education,10,0,5,10,0,0,0,0,-5,0,0,0
2014,CN,CHN,China,ODB.2013.D13,D13 - Crime,50,0,5,10,15,0,15,0,-5,5,5,0
2014,CN,CHN,China,ODB.2013.D14,D14 - Environment,65,0,5,10,15,0,15,0,10,5,5,0
2014,CN,CHN,China,ODB.2013.D15,D15 - Elections,15,0,5,10,0,0,0,0,0,0,0,0
2014,CN,CHN,China,ODB.2013.D16,D16 - Contracts,15,0,5,10,0,0,0,0,0,0,0,0
2014,CO,COL,Colombia,ODB.2013.D1,D1 - Map,15,0,5,10,0,0,0,0,0,0,0,0
2014,CO,COL,Colombia,ODB.2013.D2,D2 - Land,15,0,5,10,0,0,0,0,0,0,0,0
2014,CO,COL,Colombia,ODB.2013.D4,D4 - Census,65,0,5,10,15,0,15,0,10,5,5,0
2014,CO,COL,Colombia,ODB.2013.D5,D5 - Budget,15,0,5,10,0,0,0,0,0,0,0,0
2014,CO,COL,Colombia,ODB.2013.D6,D6 - Spend,75,0,5,10,15,15,15,0,10,5,0,0
2014,CO,COL,Colombia,ODB.2013.D7,D7 - Company,15,0,5,10,0,0,0,0,0,0,0,0
2014,CO,COL,Colombia,ODB.2013.D8,D8 - Legislation,15,0,5,10,0,0,0,0,0,0,0,0
2014,CO,COL,Colombia,ODB.2013.D9,D9 - Transport,15,0,5,10,0,0,0,0,0,0,0,0
2014,CO,COL,Colombia,ODB.2013.D10,D10 - Trade,15,0,5,10,0,0,0,0,0,0,0,0
2014,CO,COL,Colombia,ODB.2013.D11,D11 - Health,60,0,5,10,15,15,15,0,-5,5,0,0
2014,CO,COL,Colombia,ODB.2013.D12,D12 - Education,65,0,5,10,15,0,15,0,10,5,5,0
2014,CO,COL,Colombia,ODB.2013.D13,D13 - Crime,45,0,5,10,15,0,15,0,-5,0,5,0
2014,CO,COL,Colombia,ODB.2013.D14,D14 - Environment,15,0,5,10,0,0,0,0,0,0,0,0
2014,CO,COL,Colombia,ODB.2013.D15,D15 - Elections,15,0,5,10,0,0,0,0,0,0,0,0
2014,CO,COL,Colombia,ODB.2013.D16,D16 - Contracts,15,0,5,10,0,0,0,0,0,0,0,0
2014,CR,CRI,Costa Rica,ODB.2013.D1,D1 - Map,10,0,5,10,0,0,0,0,-5,0,0,0
2014,CR,CRI,Costa Rica,ODB.2013.D2,D2 - Land,15,0,5,10,0,0,0,0,0,0,0,0
2014,CR,CRI,Costa Rica,ODB.2013.D4,D4 - Census,80,0,5,10,15,15,15,0,10,5,5,0
2014,CR,CRI,Costa Rica,ODB.2013.D5,D5 - Budget,15,0,5,10,0,0,0,0,0,0,0,0
2014,CR,CRI,Costa Rica,ODB.2013.D6,D6 - Spend,15,0,5,10,0,0,0,0,0,0,0,0
2014,CR,CRI,Costa Rica,ODB.2013.D7,D7 - Company,15,0,5,10,0,0,0,0,0,0,0,0
2014,CR,CRI,Costa Rica,ODB.2013.D8,D8 - Legislation,15,0,5,10,0,0,0,0,0,0,0,0
2014,CR,CRI,Costa Rica,ODB.2013.D9,D9 - Transport,0,0,0,0,0,0,0,0,0,0,0,0
2014,CR,CRI,Costa Rica,ODB.2013.D10,D10 - Trade,80,0,5,10,15,15,15,0,10,5,5,0
2014,CR,CRI,Costa Rica,ODB.2013.D11,D11 - Health,80,0,5,10,15,15,15,0,10,5,5,0
2014,CR,CRI,Costa Rica,ODB.2013.D12,D12 - Education,75,0,5,10,15,15,15,0,10,0,5,0
2014,CR,CRI,Costa Rica,ODB.2013.D13,D13 - Crime,15,0,5,10,0,0,0,0,0,0,0,0
2014,CR,CRI,Costa Rica,ODB.2013.D14,D14 - Environment,55,0,5,10,15,15,15,0,-5,0,0,0
2014,CR,CRI,Costa Rica,ODB.2013.D15,D15 - Elections,15,0,5,10,0,0,0,0,0,0,0,0
2014,CR,CRI,Costa Rica,ODB.2013.D16,D16 - Contracts,15,0,5,10,0,0,0,0,0,0,0,0
2014,CZ,CZE,Czech Republic,ODB.2013.D1,D1 - Map,60,0,5,10,15,15,0,0,10,5,0,0
2014,CZ,CZE,Czech Republic,ODB.2013.D2,D2 - Land,80,0,5,10,15,15,15,0,10,5,5,0
2014,CZ,CZE,Czech Republic,ODB.2013.D4,D4 - Census,65,0,5,10,15,0,15,15,-5,5,5,0
2014,CZ,CZE,Czech Republic,ODB.2013.D5,D5 - Budget,95,1,5,10,15,15,15,15,10,5,5,0
2014,CZ,CZE,Czech Republic,ODB.2013.D6,D6 - Spend,95,1,5,10,15,15,15,15,10,5,5,0
2014,CZ,CZE,Czech Republic,ODB.2013.D7,D7 - Company,60,0,5,10,15,0,15,0,10,5,0,0
2014,CZ,CZE,Czech Republic,ODB.2013.D8,D8 - Legislation,60,0,5,10,15,0,15,0,10,5,0,0
2014,CZ,CZE,Czech Republic,ODB.2013.D9,D9 - Transport,60,0,5,10,15,0,15,0,10,5,0,0
2014,CZ,CZE,Czech Republic,ODB.2013.D10,D10 - Trade,80,0,5,10,15,0,15,15,10,5,5,0
2014,CZ,CZE,Czech Republic,ODB.2013.D11,D11 - Health,65,0,5,10,15,0,15,0,10,5,5,0
2014,CZ,CZE,Czech Republic,ODB.2013.D12,D12 - Education,45,0,5,10,15,0,15,0,-5,5,0,0
2014,CZ,CZE,Czech Republic,ODB.2013.D13,D13 - Crime,75,0,5,10,15,15,15,0,10,5,0,0
2014,CZ,CZE,Czech Republic,ODB.2013.D14,D14 - Environment,10,0,5,10,0,0,0,0,-5,0,0,0
2014,CZ,CZE,Czech Republic,ODB.2013.D15,D15 - Elections,15,0,5,10,0,0,0,0,0,0,0,0
2014,CZ,CZE,Czech Republic,ODB.2013.D16,D16 - Contracts,15,0,5,10,0,0,0,0,0,0,0,0
2014,DK,DNK,Denmark,ODB.2013.D1,D1 - Map,90,1,5,10,15,15,15,15,10,5,0,0
2014,DK,DNK,Denmark,ODB.2013.D2,D2 - Land,15,0,5,10,0,0,0,0,0,0,0,0
2014,DK,DNK,Denmark,ODB.2013.D4,D4 - Census,65,0,5,10,15,0,15,0,10,5,5,0
2014,DK,DNK,Denmark,ODB.2013.D5,D5 - Budget,60,0,5,10,15,0,15,0,10,5,0,0
2014,DK,DNK,Denmark,ODB.2013.D6,D6 - Spend,5,0,5,0,0,0,0,0,0,0,0,0
2014,DK,DNK,Denmark,ODB.2013.D7,D7 - Company,65,0,5,10,15,0,0,15,10,5,5,0
2014,DK,DNK,Denmark,ODB.2013.D8,D8 - Legislation,15,0,5,10,0,0,0,0,0,0,0,0
2014,DK,DNK,Denmark,ODB.2013.D9,D9 - Transport,55,0,5,10,15,0,15,0,10,0,0,0
2014,DK,DNK,Denmark,ODB.2013.D10,D10 - Trade,65,0,5,10,15,0,15,0,10,5,5,0
2014,DK,DNK,Denmark,ODB.2013.D11,D11 - Health,65,0,5,10,15,0,15,0,10,5,5,0
2014,DK,DNK,Denmark,ODB.2013.D12,D12 - Education,65,0,5,10,15,0,15,0,10,5,5,0
2014,DK,DNK,Denmark,ODB.2013.D13,D13 - Crime,45,0,5,10,15,0,15,0,-5,0,5,0
2014,DK,DNK,Denmark,ODB.2013.D14,D14 - Environment,45,0,5,10,15,0,15,0,-5,5,0,0
2014,DK,DNK,Denmark,ODB.2013.D15,D15 - Elections,65,0,5,10,15,0,15,0,10,5,5,0
2014,DK,DNK,Denmark,ODB.2013.D16,D16 - Contracts,65,0,5,10,15,0,15,0,10,5,5,0
2014,EC,ECU,Ecuador,ODB.2013.D1,D1 - Map,10,0,5,10,0,0,0,0,-5,0,0,0
2014,EC,ECU,Ecuador,ODB.2013.D2,D2 - Land,5,0,5,0,0,0,0,0,0,0,0,0
2014,EC,ECU,Ecuador,ODB.2013.D4,D4 - Census,80,0,5,10,15,15,15,0,10,5,5,0
2014,EC,ECU,Ecuador,ODB.2013.D5,D5 - Budget,15,0,5,10,0,0,0,0,0,0,0,0
2014,EC,ECU,Ecuador,ODB.2013.D6,D6 - Spend,15,0,5,10,0,0,0,0,0,0,0,0
2014,EC,ECU,Ecuador,ODB.2013.D7,D7 - Company,15,0,5,10,0,0,0,0,0,0,0,0
2014,EC,ECU,Ecuador,ODB.2013.D8,D8 - Legislation,15,0,5,10,0,0,0,0,0,0,0,0
2014,EC,ECU,Ecuador,ODB.2013.D9,D9 - Transport,95,1,5,10,15,15,15,15,10,5,5,0
2014,EC,ECU,Ecuador,ODB.2013.D10,D10 - Trade,75,0,5,10,15,15,15,0,10,5,0,0
2014,EC,ECU,Ecuador,ODB.2013.D11,D11 - Health,80,0,5,10,15,15,15,0,10,5,5,0
2014,EC,ECU,Ecuador,ODB.2013.D12,D12 - Education,80,0,5,10,15,0,15,15,10,5,5,0
2014,EC,ECU,Ecuador,ODB.2013.D13,D13 - Crime,65,0,5,10,15,15,15,0,-5,5,5,0
2014,EC,ECU,Ecuador,ODB.2013.D14,D14 - Environment,65,0,5,10,15,15,15,0,-5,5,5,0
2014,EC,ECU,Ecuador,ODB.2013.D15,D15 - Elections,15,0,5,10,0,0,0,0,0,0,0,0
2014,EC,ECU,Ecuador,ODB.2013.D16,D16 - Contracts,15,0,5,10,0,0,0,0,0,0,0,0
2014,EG,EGY,Egypt,ODB.2013.D1,D1 - Map,5,0,5,0,0,0,0,0,0,0,0,0
2014,EG,EGY,Egypt,ODB.2013.D2,D2 - Land,0,0,0,0,0,0,0,0,0,0,0,0
2014,EG,EGY,Egypt,ODB.2013.D4,D4 - Census,55,0,5,10,15,0,15,0,10,0,0,0
2014,EG,EGY,Egypt,ODB.2013.D5,D5 - Budget,15,0,5,10,0,0,0,0,0,0,0,0
2014,EG,EGY,Egypt,ODB.2013.D6,D6 - Spend,15,0,5,10,0,0,0,0,0,0,0,0
2014,EG,EGY,Egypt,ODB.2013.D7,D7 - Company,10,0,5,10,0,0,0,0,-5,0,0,0
2014,EG,EGY,Egypt,ODB.2013.D8,D8 - Legislation,10,0,5,10,0,0,0,0,-5,0,0,0
2014,EG,EGY,Egypt,ODB.2013.D9,D9 - Transport,10,0,5,10,0,0,0,0,-5,0,0,0
2014,EG,EGY,Egypt,ODB.2013.D10,D10 - Trade,15,0,5,10,0,0,0,0,0,0,0,0
2014,EG,EGY,Egypt,ODB.2013.D11,D11 - Health,15,0,5,10,0,0,0,0,0,0,0,0
2014,EG,EGY,Egypt,ODB.2013.D12,D12 - Education,15,0,5,10,0,0,0,0,0,0,0,0
2014,EG,EGY,Egypt,ODB.2013.D13,D13 - Crime,0,0,0,0,0,0,0,0,0,0,0,0
2014,EG,EGY,Egypt,ODB.2013.D14,D14 - Environment,15,0,5,10,0,0,0,0,0,0,0,0
2014,EG,EGY,Egypt,ODB.2013.D15,D15 - Elections,75,0,5,10,15,15,15,0,10,0,5,0
2014,EG,EGY,Egypt,ODB.2013.D16,D16 - Contracts,15,0,5,10,0,0,0,0,0,0,0,0
2014,EE,EST,Estonia,ODB.2013.D1,D1 - Map,50,0,5,10,15,0,15,0,-5,5,5,0
2014,EE,EST,Estonia,ODB.2013.D2,D2 - Land,65,0,5,10,15,0,15,0,10,5,5,0
2014,EE,EST,Estonia,ODB.2013.D4,D4 - Census,65,0,5,10,15,0,15,0,10,5,5,0
2014,EE,EST,Estonia,ODB.2013.D5,D5 - Budget,75,0,5,10,15,15,15,0,10,5,0,0
2014,EE,EST,Estonia,ODB.2013.D6,D6 - Spend,5,0,5,0,0,0,0,0,0,0,0,0
2014,EE,EST,Estonia,ODB.2013.D7,D7 - Company,50,0,5,10,15,0,0,0,10,5,5,0
2014,EE,EST,Estonia,ODB.2013.D8,D8 - Legislation,65,0,5,10,15,0,15,0,10,5,0,5
2014,EE,EST,Estonia,ODB.2013.D9,D9 - Transport,15,0,5,10,0,0,0,0,0,0,0,0
2014,EE,EST,Estonia,ODB.2013.D10,D10 - Trade,60,0,5,10,15,0,15,0,10,5,0,0
2014,EE,EST,Estonia,ODB.2013.D11,D11 - Health,65,0,5,10,15,0,15,0,10,5,5,0
2014,EE,EST,Estonia,ODB.2013.D12,D12 - Education,15,0,5,10,0,0,0,0,0,0,0,0
2014,EE,EST,Estonia,ODB.2013.D13,D13 - Crime,65,0,5,10,15,0,15,0,10,5,5,0
2014,EE,EST,Estonia,ODB.2013.D14,D14 - Environment,65,0,5,10,15,0,15,0,10,5,5,0
2014,EE,EST,Estonia,ODB.2013.D15,D15 - Elections,15,0,5,10,0,0,0,0,0,0,0,0
2014,EE,EST,Estonia,ODB.2013.D16,D16 - Contracts,75,0,5,10,15,15,15,0,10,0,5,0
2014,ET,ETH,Ethiopia,ODB.2013.D1,D1 - Map,5,0,5,0,0,0,0,0,0,0,0,0
2014,ET,ETH,Ethiopia,ODB.2013.D2,D2 - Land,10,0,5,10,0,0,0,0,-5,0,0,0
2014,ET,ETH,Ethiopia,ODB.2013.D4,D4 - Census,60,0,5,10,15,0,15,0,10,5,0,0
2014,ET,ETH,Ethiopia,ODB.2013.D5,D5 - Budget,5,0,5,0,0,0,0,0,0,0,0,0
2014,ET,ETH,Ethiopia,ODB.2013.D6,D6 - Spend,5,0,5,0,0,0,0,0,0,0,0,0
2014,ET,ETH,Ethiopia,ODB.2013.D7,D7 - Company,5,0,5,0,0,0,0,0,0,0,0,0
2014,ET,ETH,Ethiopia,ODB.2013.D8,D8 - Legislation,10,0,5,10,0,0,0,0,-5,0,0,0
2014,ET,ETH,Ethiopia,ODB.2013.D9,D9 - Transport,0,0,0,0,0,0,0,0,0,0,0,0
2014,ET,ETH,Ethiopia,ODB.2013.D10,D10 - Trade,10,0,5,10,0,0,0,0,-5,0,0,0
2014,ET,ETH,Ethiopia,ODB.2013.D11,D11 - Health,15,0,5,10,0,0,0,0,0,0,0,0
2014,ET,ETH,Ethiopia,ODB.2013.D12,D12 - Education,10,0,5,10,0,0,0,0,-5,0,0,0
2014,ET,ETH,Ethiopia,ODB.2013.D13,D13 - Crime,10,0,5,10,0,0,0,0,-5,0,0,0
2014,ET,ETH,Ethiopia,ODB.2013.D14,D14 - Environment,5,0,5,0,0,0,0,0,0,0,0,0
2014,ET,ETH,Ethiopia,ODB.2013.D15,D15 - Elections,10,0,5,10,0,0,0,0,-5,0,0,0
2014,ET,ETH,Ethiopia,ODB.2013.D16,D16 - Contracts,15,0,5,10,0,0,0,0,0,0,0,0
2014,FI,FIN,Finland,ODB.2013.D1,D1 - Map,95,1,5,10,15,15,15,15,10,5,5,0
2014,FI,FIN,Finland,ODB.2013.D2,D2 - Land,50,0,5,10,15,0,0,0,10,5,5,0
2014,FI,FIN,Finland,ODB.2013.D4,D4 - Census,95,1,5,10,15,15,15,15,10,5,5,0
2014,FI,FIN,Finland,ODB.2013.D5,D5 - Budget,75,0,5,10,15,15,15,0,10,5,0,0
2014,FI,FIN,Finland,ODB.2013.D6,D6 - Spend,5,0,5,0,0,0,0,0,0,0,0,0
2014,FI,FIN,Finland,ODB.2013.D7,D7 - Company,15,0,5,10,0,0,0,0,0,0,0,0
2014,FI,FIN,Finland,ODB.2013.D8,D8 - Legislation,15,0,5,10,0,0,0,0,0,0,0,0
2014,FI,FIN,Finland,ODB.2013.D9,D9 - Transport,90,1,5,10,15,15,15,15,10,5,0,0
2014,FI,FIN,Finland,ODB.2013.D10,D10 - Trade,65,0,5,10,15,15,15,0,-5,5,5,0
2014,FI,FIN,Finland,ODB.2013.D11,D11 - Health,60,0,5,10,15,0,15,0,10,5,0,0
2014,FI,FIN,Finland,ODB.2013.D12,D12 - Education,10,0,5,10,0,0,0,0,-5,0,0,0
2014,FI,FIN,Finland,ODB.2013.D13,D13 - Crime,75,0,5,10,15,0,15,15,10,5,0,0
2014,FI,FIN,Finland,ODB.2013.D14,D14 - Environment,45,0,5,10,15,0,15,0,-5,0,5,0
2014,FI,FIN,Finland,ODB.2013.D15,D15 - Elections,80,0,5,10,15,15,15,0,10,5,5,0
2014,FI,FIN,Finland,ODB.2013.D16,D16 - Contracts,10,0,5,10,0,0,0,0,-5,0,0,0
2014,FR,FRA,France,ODB.2013.D1,D1 - Map,15,0,5,10,0,0,0,0,0,0,0,0
2014,FR,FRA,France,ODB.2013.D2,D2 - Land,15,0,5,10,0,0,0,0,0,0,0,0
2014,FR,FRA,France,ODB.2013.D4,D4 - Census,100,1,5,10,15,15,15,15,10,5,5,5
2014,FR,FRA,France,ODB.2013.D5,D5 - Budget,95,1,5,10,15,15,15,15,10,5,5,0
2014,FR,FRA,France,ODB.2013.D6,D6 - Spend,5,0,5,0,0,0,0,0,0,0,0,0
2014,FR,FRA,France,ODB.2013.D7,D7 - Company,15,0,5,10,0,0,0,0,0,0,0,0
2014,FR,FRA,France,ODB.2013.D8,D8 - Legislation,95,1,5,10,15,15,15,15,10,5,5,0
2014,FR,FRA,France,ODB.2013.D9,D9 - Transport,95,1,5,10,15,15,15,15,10,5,5,0
2014,FR,FRA,France,ODB.2013.D10,D10 - Trade,95,1,5,10,15,15,15,15,10,5,5,0
2014,FR,FRA,France,ODB.2013.D11,D11 - Health,95,1,5,10,15,15,15,15,10,5,5,0
2014,FR,FRA,France,ODB.2013.D12,D12 - Education,90,1,5,10,15,15,15,15,10,0,5,0
2014,FR,FRA,France,ODB.2013.D13,D13 - Crime,75,1,5,10,15,15,15,15,-5,0,5,0
2014,FR,FRA,France,ODB.2013.D14,D14 - Environment,95,1,5,10,15,15,15,15,10,5,5,0
2014,FR,FRA,France,ODB.2013.D15,D15 - Elections,95,1,5,10,15,15,15,15,10,5,5,0
2014,FR,FRA,France,ODB.2013.D16,D16 - Contracts,95,1,5,10,15,15,15,15,10,5,5,0
2014,DE,DEU,Germany,ODB.2013.D1,D1 - Map,95,1,5,10,15,15,15,15,10,5,5,0
2014,DE,DEU,Germany,ODB.2013.D2,D2 - Land,5,0,5,0,0,0,0,0,0,0,0,0
2014,DE,DEU,Germany,ODB.2013.D4,D4 - Census,90,1,5,10,15,15,15,15,10,0,5,0
2014,DE,DEU,Germany,ODB.2013.D5,D5 - Budget,100,1,5,10,15,15,15,15,10,5,5,5
2014,DE,DEU,Germany,ODB.2013.D6,D6 - Spend,15,0,5,10,0,0,0,0,0,0,0,0
2014,DE,DEU,Germany,ODB.2013.D7,D7 - Company,15,0,5,10,0,0,0,0,0,0,0,0
2014,DE,DEU,Germany,ODB.2013.D8,D8 - Legislation,85,0,5,10,15,0,15,15,10,5,5,5
2014,DE,DEU,Germany,ODB.2013.D9,D9 - Transport,100,1,5,10,15,15,15,15,10,5,5,5
2014,DE,DEU,Germany,ODB.2013.D10,D10 - Trade,70,0,5,10,15,0,15,15,10,0,0,0
2014,DE,DEU,Germany,ODB.2013.D11,D11 - Health,90,1,5,10,15,15,15,15,10,5,0,0
2014,DE,DEU,Germany,ODB.2013.D12,D12 - Education,75,0,5,10,15,0,15,15,10,5,0,0
2014,DE,DEU,Germany,ODB.2013.D13,D13 - Crime,65,0,5,10,15,0,15,0,10,5,5,0
2014,DE,DEU,Germany,ODB.2013.D14,D14 - Environment,65,0,5,10,15,0,15,0,10,5,5,0
2014,DE,DEU,Germany,ODB.2013.D15,D15 - Elections,80,0,5,10,15,0,15,15,10,5,5,0
2014,DE,DEU,Germany,ODB.2013.D16,D16 - Contracts,15,0,5,10,0,0,0,0,0,0,0,0
2014,GH,GHA,Ghana,ODB.2013.D1,D1 - Map,5,0,5,0,0,0,0,0,0,0,0,0
2014,GH,GHA,Ghana,ODB.2013.D2,D2 - Land,5,0,5,0,0,0,0,0,0,0,0,0
2014,GH,GHA,Ghana,ODB.2013.D4,D4 - Census,75,0,5,10,15,15,15,0,10,5,0,0
2014,GH,GHA,Ghana,ODB.2013.D5,D5 - Budget,60,0,5,10,15,0,15,0,10,5,0,0
2014,GH,GHA,Ghana,ODB.2013.D6,D6 - Spend,50,0,5,10,15,0,15,0,-5,5,5,0
2014,GH,GHA,Ghana,ODB.2013.D7,D7 - Company,5,0,5,0,0,0,0,0,0,0,0,0
2014,GH,GHA,Ghana,ODB.2013.D8,D8 - Legislation,15,0,5,10,0,0,0,0,0,0,0,0
2014,GH,GHA,Ghana,ODB.2013.D9,D9 - Transport,0,0,0,0,0,0,0,0,0,0,0,0
2014,GH,GHA,Ghana,ODB.2013.D10,D10 - Trade,40,0,5,10,15,0,15,0,-5,0,0,0
2014,GH,GHA,Ghana,ODB.2013.D11,D11 - Health,45,0,5,10,15,0,15,0,-5,0,5,0
2014,GH,GHA,Ghana,ODB.2013.D12,D12 - Education,65,0,5,10,15,0,15,0,10,5,5,0
2014,GH,GHA,Ghana,ODB.2013.D13,D13 - Crime,45,0,5,10,15,0,15,0,-5,0,5,0
2014,GH,GHA,Ghana,ODB.2013.D14,D14 - Environment,5,0,5,0,0,0,0,0,0,0,0,0
2014,GH,GHA,Ghana,ODB.2013.D15,D15 - Elections,65,0,5,10,15,0,15,0,10,5,5,0
2014,GH,GHA,Ghana,ODB.2013.D16,D16 - Contracts,65,0,5,10,15,0,15,0,10,5,5,0
2014,GR,GRC,Greece,ODB.2013.D1,D1 - Map,60,0,5,10,15,0,15,15,-5,5,0,0
2014,GR,GRC,Greece,ODB.2013.D2,D2 - Land,5,0,5,0,0,0,0,0,0,0,0,0
2014,GR,GRC,Greece,ODB.2013.D4,D4 - Census,55,0,5,10,15,0,15,0,-5,5,5,5
2014,GR,GRC,Greece,ODB.2013.D5,D5 - Budget,80,0,5,10,15,0,15,15,10,5,5,0
2014,GR,GRC,Greece,ODB.2013.D6,D6 - Spend,95,1,5,10,15,15,15,15,10,5,0,5
2014,GR,GRC,Greece,ODB.2013.D7,D7 - Company,15,0,5,10,0,0,0,0,0,0,0,0
2014,GR,GRC,Greece,ODB.2013.D8,D8 - Legislation,15,0,5,10,0,0,0,0,0,0,0,0
2014,GR,GRC,Greece,ODB.2013.D9,D9 - Transport,55,0,5,10,15,0,15,15,-5,0,0,0
2014,GR,GRC,Greece,ODB.2013.D10,D10 - Trade,15,0,5,10,0,0,0,0,0,0,0,0
2014,GR,GRC,Greece,ODB.2013.D11,D11 - Health,55,0,5,10,15,0,15,15,-5,0,0,0
2014,GR,GRC,Greece,ODB.2013.D12,D12 - Education,55,0,5,10,15,0,15,15,-5,0,0,0
2014,GR,GRC,Greece,ODB.2013.D13,D13 - Crime,55,0,5,10,15,0,15,15,-5,0,0,0
2014,GR,GRC,Greece,ODB.2013.D14,D14 - Environment,55,0,5,10,15,0,15,15,-5,0,0,0
2014,GR,GRC,Greece,ODB.2013.D15,D15 - Elections,15,0,5,10,0,0,0,0,0,0,0,0
2014,GR,GRC,Greece,ODB.2013.D16,D16 - Contracts,15,0,5,10,0,0,0,0,0,0,0,0
2014,HT,HTI,Haiti,ODB.2013.D1,D1 - Map,0,0,0,0,0,0,0,0,0,0,0,0
2014,HT,HTI,Haiti,ODB.2013.D2,D2 - Land,0,0,0,0,0,0,0,0,0,0,0,0
2014,HT,HTI,Haiti,ODB.2013.D4,D4 - Census,10,0,5,10,0,0,0,0,-5,0,0,0
2014,HT,HTI,Haiti,ODB.2013.D5,D5 - Budget,15,0,5,10,0,0,0,0,0,0,0,0
2014,HT,HTI,Haiti,ODB.2013.D6,D6 - Spend,5,0,5,0,0,0,0,0,0,0,0,0
2014,HT,HTI,Haiti,ODB.2013.D7,D7 - Company,5,0,5,0,0,0,0,0,0,0,0,0
2014,HT,HTI,Haiti,ODB.2013.D8,D8 - Legislation,10,0,5,10,0,0,0,0,-5,0,0,0
2014,HT,HTI,Haiti,ODB.2013.D9,D9 - Transport,0,0,0,0,0,0,0,0,0,0,0,0
2014,HT,HTI,Haiti,ODB.2013.D10,D10 - Trade,0,0,0,0,0,0,0,0,0,0,0,0
2014,HT,HTI,Haiti,ODB.2013.D11,D11 - Health,0,0,0,0,0,0,0,0,0,0,0,0
2014,HT,HTI,Haiti,ODB.2013.D12,D12 - Education,15,0,5,10,0,0,0,0,0,0,0,0
2014,HT,HTI,Haiti,ODB.2013.D13,D13 - Crime,5,0,5,0,0,0,0,0,0,0,0,0
2014,HT,HTI,Haiti,ODB.2013.D14,D14 - Environment,0,0,0,0,0,0,0,0,0,0,0,0
2014,HT,HTI,Haiti,ODB.2013.D15,D15 - Elections,0,0,0,0,0,0,0,0,0,0,0,0
2014,HT,HTI,Haiti,ODB.2013.D16,D16 - Contracts,15,0,5,10,0,0,0,0,0,0,0,0
2014,HU,HUN,Hungary,ODB.2013.D1,D1 - Map,10,0,5,10,0,0,0,0,-5,0,0,0
2014,HU,HUN,Hungary,ODB.2013.D2,D2 - Land,5,0,5,0,0,0,0,0,0,0,0,0
2014,HU,HUN,Hungary,ODB.2013.D4,D4 - Census,65,0,5,10,15,0,15,0,10,5,5,0
2014,HU,HUN,Hungary,ODB.2013.D5,D5 - Budget,45,0,5,10,15,0,15,0,-5,5,0,0
2014,HU,HUN,Hungary,ODB.2013.D6,D6 - Spend,5,0,5,0,0,0,0,0,0,0,0,0
2014,HU,HUN,Hungary,ODB.2013.D7,D7 - Company,15,0,5,10,0,0,0,0,0,0,0,0
2014,HU,HUN,Hungary,ODB.2013.D8,D8 - Legislation,15,0,5,10,0,0,0,0,0,0,0,0
2014,HU,HUN,Hungary,ODB.2013.D9,D9 - Transport,80,0,5,10,15,15,15,0,10,5,5,0
2014,HU,HUN,Hungary,ODB.2013.D10,D10 - Trade,60,0,5,10,15,0,15,0,10,5,0,0
2014,HU,HUN,Hungary,ODB.2013.D11,D11 - Health,65,0,5,10,15,0,15,0,10,5,5,0
2014,HU,HUN,Hungary,ODB.2013.D12,D12 - Education,65,0,5,10,15,0,15,0,10,5,5,0
2014,HU,HUN,Hungary,ODB.2013.D13,D13 - Crime,60,0,5,10,15,0,15,0,10,5,0,0
2014,HU,HUN,Hungary,ODB.2013.D14,D14 - Environment,50,0,5,10,15,0,15,0,-5,5,5,0
2014,HU,HUN,Hungary,ODB.2013.D15,D15 - Elections,15,0,5,10,0,0,0,0,0,0,0,0
2014,HU,HUN,Hungary,ODB.2013.D16,D16 - Contracts,10,0,5,10,0,0,0,0,-5,0,0,0
2014,IS,ISL,Iceland,ODB.2013.D1,D1 - Map,95,1,5,10,15,15,15,15,10,5,5,0
2014,IS,ISL,Iceland,ODB.2013.D2,D2 - Land,5,0,5,0,0,0,0,0,0,0,0,0
2014,IS,ISL,Iceland,ODB.2013.D4,D4 - Census,50,0,5,10,15,0,0,0,10,5,5,0
2014,IS,ISL,Iceland,ODB.2013.D5,D5 - Budget,15,0,5,10,0,0,0,0,0,0,0,0
2014,IS,ISL,Iceland,ODB.2013.D6,D6 - Spend,5,0,5,0,0,0,0,0,0,0,0,0
2014,IS,ISL,Iceland,ODB.2013.D7,D7 - Company,15,0,5,10,0,0,0,0,0,0,0,0
2014,IS,ISL,Iceland,ODB.2013.D8,D8 - Legislation,15,0,5,10,0,0,0,0,0,0,0,0
2014,IS,ISL,Iceland,ODB.2013.D9,D9 - Transport,95,1,5,10,15,15,15,15,10,5,5,0
2014,IS,ISL,Iceland,ODB.2013.D10,D10 - Trade,50,0,5,10,15,0,0,0,10,5,5,0
2014,IS,ISL,Iceland,ODB.2013.D11,D11 - Health,60,0,5,10,15,15,15,0,-5,0,5,0
2014,IS,ISL,Iceland,ODB.2013.D12,D12 - Education,50,0,5,10,15,0,0,0,10,5,5,0
2014,IS,ISL,Iceland,ODB.2013.D13,D13 - Crime,30,0,5,10,15,0,0,0,-5,0,5,0
2014,IS,ISL,Iceland,ODB.2013.D14,D14 - Environment,45,0,5,10,15,0,0,15,-5,0,5,0
2014,IS,ISL,Iceland,ODB.2013.D15,D15 - Elections,15,0,5,10,0,0,0,0,0,0,0,0
2014,IS,ISL,Iceland,ODB.2013.D16,D16 - Contracts,15,0,5,10,0,0,0,0,0,0,0,0
2014,IN,IND,India,ODB.2013.D1,D1 - Map,15,0,5,10,0,0,0,0,0,0,0,0
2014,IN,IND,India,ODB.2013.D2,D2 - Land,10,0,5,10,0,0,0,0,-5,0,0,0
2014,IN,IND,India,ODB.2013.D4,D4 - Census,65,0,5,10,15,0,15,0,10,5,5,0
2014,IN,IND,India,ODB.2013.D5,D5 - Budget,65,0,5,10,15,0,15,0,10,5,5,0
2014,IN,IND,India,ODB.2013.D6,D6 - Spend,15,0,5,10,0,0,0,0,0,0,0,0
2014,IN,IND,India,ODB.2013.D7,D7 - Company,15,0,5,10,0,0,0,0,0,0,0,0
2014,IN,IND,India,ODB.2013.D8,D8 - Legislation,15,0,5,10,0,0,0,0,0,0,0,0
2014,IN,IND,India,ODB.2013.D9,D9 - Transport,15,0,5,10,0,0,0,0,0,0,0,0
2014,IN,IND,India,ODB.2013.D10,D10 - Trade,65,0,5,10,15,0,15,0,10,5,5,0
2014,IN,IND,India,ODB.2013.D11,D11 - Health,65,0,5,10,15,0,15,0,10,5,5,0
2014,IN,IND,India,ODB.2013.D12,D12 - Education,65,0,5,10,15,0,15,0,10,5,5,0
2014,IN,IND,India,ODB.2013.D13,D13 - Crime,50,0,5,10,15,0,15,0,-5,5,5,0
2014,IN,IND,India,ODB.2013.D14,D14 - Environment,65,0,5,10,15,0,15,0,10,5,5,0
2014,IN,IND,India,ODB.2013.D15,D15 - Elections,15,0,5,10,0,0,0,0,0,0,0,0
2014,IN,IND,India,ODB.2013.D16,D16 - Contracts,15,0,5,10,0,0,0,0,0,0,0,0
2014,ID,IDN,Indonesia,ODB.2013.D1,D1 - Map,10,0,5,10,0,0,0,0,-5,0,0,0
2014,ID,IDN,Indonesia,ODB.2013.D2,D2 - Land,15,0,5,10,0,0,0,0,0,0,0,0
2014,ID,IDN,Indonesia,ODB.2013.D4,D4 - Census,80,0,5,10,15,0,15,15,10,5,5,0
2014,ID,IDN,Indonesia,ODB.2013.D5,D5 - Budget,15,0,5,10,0,0,0,0,0,0,0,0
2014,ID,IDN,Indonesia,ODB.2013.D6,D6 - Spend,5,0,5,0,0,0,0,0,0,0,0,0
2014,ID,IDN,Indonesia,ODB.2013.D7,D7 - Company,10,0,5,10,0,0,0,0,-5,0,0,0
2014,ID,IDN,Indonesia,ODB.2013.D8,D8 - Legislation,15,0,5,10,0,0,0,0,0,0,0,0
2014,ID,IDN,Indonesia,ODB.2013.D9,D9 - Transport,60,0,5,10,15,0,15,15,-5,5,0,0
2014,ID,IDN,Indonesia,ODB.2013.D10,D10 - Trade,95,1,5,10,15,15,15,15,10,5,5,0
2014,ID,IDN,Indonesia,ODB.2013.D11,D11 - Health,90,1,5,10,15,15,15,15,10,0,5,0
2014,ID,IDN,Indonesia,ODB.2013.D12,D12 - Education,90,1,5,10,15,15,15,15,10,0,5,0
2014,ID,IDN,Indonesia,ODB.2013.D13,D13 - Crime,15,0,5,10,0,0,0,0,0,0,0,0
2014,ID,IDN,Indonesia,ODB.2013.D14,D14 - Environment,75,0,5,10,15,0,15,15,10,0,5,0
2014,ID,IDN,Indonesia,ODB.2013.D15,D15 - Elections,15,0,5,10,0,0,0,0,0,0,0,0
2014,ID,IDN,Indonesia,ODB.2013.D16,D16 - Contracts,15,0,5,10,0,0,0,0,0,0,0,0
2014,IE,IRL,Ireland,ODB.2013.D1,D1 - Map,15,0,5,10,0,0,0,0,0,0,0,0
2014,IE,IRL,Ireland,ODB.2013.D2,D2 - Land,10,0,5,10,0,0,0,0,-5,0,0,0
2014,IE,IRL,Ireland,ODB.2013.D4,D4 - Census,65,0,5,10,15,0,15,0,10,5,5,0
2014,IE,IRL,Ireland,ODB.2013.D5,D5 - Budget,15,0,5,10,0,0,0,0,0,0,0,0
2014,IE,IRL,Ireland,ODB.2013.D6,D6 - Spend,45,0,5,10,15,0,15,0,-5,0,5,0
2014,IE,IRL,Ireland,ODB.2013.D7,D7 - Company,60,0,5,10,15,15,15,0,-5,5,0,0
2014,IE,IRL,Ireland,ODB.2013.D8,D8 - Legislation,15,0,5,10,0,0,0,0,0,0,0,0
2014,IE,IRL,Ireland,ODB.2013.D9,D9 - Transport,75,0,5,10,15,15,15,0,10,5,0,0
2014,IE,IRL,Ireland,ODB.2013.D10,D10 - Trade,65,0,5,10,15,0,15,0,10,5,5,0
2014,IE,IRL,Ireland,ODB.2013.D11,D11 - Health,15,0,5,10,0,0,0,0,0,0,0,0
2014,IE,IRL,Ireland,ODB.2013.D12,D12 - Education,65,0,5,10,15,0,15,0,10,5,5,0
2014,IE,IRL,Ireland,ODB.2013.D13,D13 - Crime,65,0,5,10,15,0,15,0,10,5,5,0
2014,IE,IRL,Ireland,ODB.2013.D14,D14 - Environment,50,0,5,10,15,0,15,0,-5,5,5,0
2014,IE,IRL,Ireland,ODB.2013.D15,D15 - Elections,15,0,5,10,0,0,0,0,0,0,0,0
2014,IE,IRL,Ireland,ODB.2013.D16,D16 - Contracts,15,0,5,10,0,0,0,0,0,0,0,0
2014,IL,ISR,Israel,ODB.2013.D1,D1 - Map,10,0,5,10,0,0,0,0,-5,0,0,0
2014,IL,ISR,Israel,ODB.2013.D2,D2 - Land,10,0,5,10,0,0,0,0,-5,0,0,0
2014,IL,ISR,Israel,ODB.2013.D4,D4 - Census,80,0,5,10,15,15,15,0,10,5,5,0
2014,IL,ISR,Israel,ODB.2013.D5,D5 - Budget,75,0,5,10,15,15,15,0,10,5,0,0
2014,IL,ISR,Israel,ODB.2013.D6,D6 - Spend,60,0,5,10,15,0,15,0,10,5,0,0
2014,IL,ISR,Israel,ODB.2013.D7,D7 - Company,60,0,5,10,15,15,15,0,-5,0,5,0
2014,IL,ISR,Israel,ODB.2013.D8,D8 - Legislation,15,0,5,10,0,0,0,0,0,0,0,0
2014,IL,ISR,Israel,ODB.2013.D9,D9 - Transport,80,0,5,10,15,15,15,0,10,5,5,0
2014,IL,ISR,Israel,ODB.2013.D10,D10 - Trade,75,0,5,10,15,15,15,0,10,5,0,0
2014,IL,ISR,Israel,ODB.2013.D11,D11 - Health,15,0,5,10,0,0,0,0,0,0,0,0
2014,IL,ISR,Israel,ODB.2013.D12,D12 - Education,60,0,5,10,15,15,15,0,-5,0,5,0
2014,IL,ISR,Israel,ODB.2013.D13,D13 - Crime,10,0,5,10,0,0,0,0,-5,0,0,0
2014,IL,ISR,Israel,ODB.2013.D14,D14 - Environment,60,0,5,10,15,15,15,0,-5,0,5,0
2014,IL,ISR,Israel,ODB.2013.D15,D15 - Elections,80,0,5,10,15,15,15,0,10,5,5,0
2014,IL,ISR,Israel,ODB.2013.D16,D16 - Contracts,60,0,5,10,15,0,15,0,10,5,0,0
2014,IT,ITA,Italy,ODB.2013.D1,D1 - Map,45,0,5,10,15,0,15,0,-5,0,5,0
2014,IT,ITA,Italy,ODB.2013.D2,D2 - Land,10,0,5,10,0,0,0,0,-5,0,0,0
2014,IT,ITA,Italy,ODB.2013.D4,D4 - Census,60,0,5,10,15,15,15,0,-5,0,5,0
2014,IT,ITA,Italy,ODB.2013.D5,D5 - Budget,80,0,5,10,15,15,15,0,10,5,5,0
2014,IT,ITA,Italy,ODB.2013.D6,D6 - Spend,60,0,5,10,15,0,15,0,10,5,0,0
2014,IT,ITA,Italy,ODB.2013.D7,D7 - Company,15,0,5,10,0,0,0,0,0,0,0,0
2014,IT,ITA,Italy,ODB.2013.D8,D8 - Legislation,65,0,5,10,15,0,15,0,10,5,5,0
2014,IT,ITA,Italy,ODB.2013.D9,D9 - Transport,80,0,5,10,15,0,15,15,10,5,5,0
2014,IT,ITA,Italy,ODB.2013.D10,D10 - Trade,60,0,5,10,15,15,15,0,-5,0,5,0
2014,IT,ITA,Italy,ODB.2013.D11,D11 - Health,80,0,5,10,15,15,15,0,10,5,5,0
2014,IT,ITA,Italy,ODB.2013.D12,D12 - Education,60,0,5,10,15,15,15,0,-5,0,5,0
2014,IT,ITA,Italy,ODB.2013.D13,D13 - Crime,60,0,5,10,15,15,15,0,-5,0,5,0
2014,IT,ITA,Italy,ODB.2013.D14,D14 - Environment,40,0,5,10,15,0,15,0,-5,0,0,0
2014,IT,ITA,Italy,ODB.2013.D15,D15 - Elections,65,0,5,10,15,0,15,0,10,5,5,0
2014,IT,ITA,Italy,ODB.2013.D16,D16 - Contracts,15,0,5,10,0,0,0,0,0,0,0,0
2014,JM,JAM,Jamaica,ODB.2013.D1,D1 - Map,10,0,5,10,0,0,0,0,-5,0,0,0
2014,JM,JAM,Jamaica,ODB.2013.D2,D2 - Land,50,0,5,10,15,0,15,0,-5,5,5,0
2014,JM,JAM,Jamaica,ODB.2013.D4,D4 - Census,65,0,5,10,15,15,15,0,-5,5,5,0
2014,JM,JAM,Jamaica,ODB.2013.D5,D5 - Budget,15,0,5,10,0,0,0,0,0,0,0,0
2014,JM,JAM,Jamaica,ODB.2013.D6,D6 - Spend,5,0,5,0,0,0,0,0,0,0,0,0
2014,JM,JAM,Jamaica,ODB.2013.D7,D7 - Company,10,0,5,10,0,0,0,0,-5,0,0,0
2014,JM,JAM,Jamaica,ODB.2013.D8,D8 - Legislation,15,0,5,10,0,0,0,0,0,0,0,0
2014,JM,JAM,Jamaica,ODB.2013.D9,D9 - Transport,10,0,5,10,0,0,0,0,-5,0,0,0
2014,JM,JAM,Jamaica,ODB.2013.D10,D10 - Trade,15,0,5,10,0,0,0,0,0,0,0,0
2014,JM,JAM,Jamaica,ODB.2013.D11,D11 - Health,75,0,5,10,15,15,15,0,10,5,0,0
2014,JM,JAM,Jamaica,ODB.2013.D12,D12 - Education,60,0,5,10,15,15,15,0,-5,0,5,0
2014,JM,JAM,Jamaica,ODB.2013.D13,D13 - Crime,10,0,5,10,0,0,0,0,-5,0,0,0
2014,JM,JAM,Jamaica,ODB.2013.D14,D14 - Environment,10,0,5,10,0,0,0,0,-5,0,0,0
2014,JM,JAM,Jamaica,ODB.2013.D15,D15 - Elections,15,0,5,10,0,0,0,0,0,0,0,0
2014,JM,JAM,Jamaica,ODB.2013.D16,D16 - Contracts,60,0,5,10,15,0,15,0,10,0,5,0
2014,JP,JPN,Japan,ODB.2013.D1,D1 - Map,80,0,5,10,15,15,15,0,10,5,5,0
2014,JP,JPN,Japan,ODB.2013.D2,D2 - Land,5,0,5,0,0,0,0,0,0,0,0,0
2014,JP,JPN,Japan,ODB.2013.D4,D4 - Census,80,0,5,10,15,15,15,0,10,5,5,0
2014,JP,JPN,Japan,ODB.2013.D5,D5 - Budget,80,0,5,10,15,15,15,0,10,5,5,0
2014,JP,JPN,Japan,ODB.2013.D6,D6 - Spend,5,0,5,0,0,0,0,0,0,0,0,0
2014,JP,JPN,Japan,ODB.2013.D7,D7 - Company,15,0,5,10,0,0,0,0,0,0,0,0
2014,JP,JPN,Japan,ODB.2013.D8,D8 - Legislation,15,0,5,10,0,0,0,0,0,0,0,0
2014,JP,JPN,Japan,ODB.2013.D9,D9 - Transport,15,0,5,10,0,0,0,0,0,0,0,0
2014,JP,JPN,Japan,ODB.2013.D10,D10 - Trade,65,0,5,10,15,0,15,0,10,5,5,0
2014,JP,JPN,Japan,ODB.2013.D11,D11 - Health,80,0,5,10,15,15,15,0,10,5,5,0
2014,JP,JPN,Japan,ODB.2013.D12,D12 - Education,80,0,5,10,15,15,15,0,10,5,5,0
2014,JP,JPN,Japan,ODB.2013.D13,D13 - Crime,95,1,5,10,15,15,15,15,10,5,5,0
2014,JP,JPN,Japan,ODB.2013.D14,D14 - Environment,65,0,5,10,15,15,15,0,-5,5,5,0
2014,JP,JPN,Japan,ODB.2013.D15,D15 - Elections,80,0,5,10,15,15,15,0,10,5,5,0
2014,JP,JPN,Japan,ODB.2013.D16,D16 - Contracts,10,0,5,10,0,0,0,0,-5,0,0,0
2014,JO,JOR,Jordan,ODB.2013.D1,D1 - Map,5,0,5,0,0,0,0,0,0,0,0,0
2014,JO,JOR,Jordan,ODB.2013.D2,D2 - Land,10,0,5,10,0,0,0,0,-5,0,0,0
2014,JO,JOR,Jordan,ODB.2013.D4,D4 - Census,40,0,5,10,15,0,15,0,-5,0,0,0
2014,JO,JOR,Jordan,ODB.2013.D5,D5 - Budget,15,0,5,10,0,0,0,0,0,0,0,0
2014,JO,JOR,Jordan,ODB.2013.D6,D6 - Spend,5,0,5,0,0,0,0,0,0,0,0,0
2014,JO,JOR,Jordan,ODB.2013.D7,D7 - Company,15,0,5,10,0,0,0,0,0,0,0,0
2014,JO,JOR,Jordan,ODB.2013.D8,D8 - Legislation,15,0,5,10,0,0,0,0,0,0,0,0
2014,JO,JOR,Jordan,ODB.2013.D9,D9 - Transport,0,0,0,0,0,0,0,0,0,0,0,0
2014,JO,JOR,Jordan,ODB.2013.D10,D10 - Trade,15,0,5,10,0,0,0,0,0,0,0,0
2014,JO,JOR,Jordan,ODB.2013.D11,D11 - Health,10,0,5,10,0,0,0,0,-5,0,0,0
2014,JO,JOR,Jordan,ODB.2013.D12,D12 - Education,45,0,5,10,15,0,15,0,-5,0,5,0
2014,JO,JOR,Jordan,ODB.2013.D13,D13 - Crime,5,0,5,0,0,0,0,0,0,0,0,0
2014,JO,JOR,Jordan,ODB.2013.D14,D14 - Environment,40,0,5,10,15,0,15,0,-5,0,0,0
2014,JO,JOR,Jordan,ODB.2013.D15,D15 - Elections,5,0,5,0,0,0,0,0,0,0,0,0
2014,JO,JOR,Jordan,ODB.2013.D16,D16 - Contracts,15,0,5,10,0,0,0,0,0,0,0,0
2014,KZ,KAZ,Kazakhstan,ODB.2013.D1,D1 - Map,10,0,5,10,0,0,0,0,-5,0,0,0
2014,KZ,KAZ,Kazakhstan,ODB.2013.D2,D2 - Land,5,0,5,0,0,0,0,0,0,0,0,0
2014,KZ,KAZ,Kazakhstan,ODB.2013.D4,D4 - Census,60,0,5,10,15,0,15,0,10,0,5,0
2014,KZ,KAZ,Kazakhstan,ODB.2013.D5,D5 - Budget,15,0,5,10,0,0,0,0,0,0,0,0
2014,KZ,KAZ,Kazakhstan,ODB.2013.D6,D6 - Spend,65,0,5,10,15,0,15,0,10,5,5,0
2014,KZ,KAZ,Kazakhstan,ODB.2013.D7,D7 - Company,55,0,5,10,15,0,15,0,10,0,0,0
2014,KZ,KAZ,Kazakhstan,ODB.2013.D8,D8 - Legislation,15,0,5,10,0,0,0,0,0,0,0,0
2014,KZ,KAZ,Kazakhstan,ODB.2013.D9,D9 - Transport,15,0,5,10,0,0,0,0,0,0,0,0
2014,KZ,KAZ,Kazakhstan,ODB.2013.D10,D10 - Trade,60,0,5,10,15,0,15,0,10,0,5,0
2014,KZ,KAZ,Kazakhstan,ODB.2013.D11,D11 - Health,45,0,5,10,15,0,15,0,-5,5,0,0
2014,KZ,KAZ,Kazakhstan,ODB.2013.D12,D12 - Education,45,0,5,10,15,0,15,0,-5,5,0,0
2014,KZ,KAZ,Kazakhstan,ODB.2013.D13,D13 - Crime,40,0,5,10,15,0,15,0,-5,0,0,0
2014,KZ,KAZ,Kazakhstan,ODB.2013.D14,D14 - Environment,10,0,5,10,0,0,0,0,-5,0,0,0
2014,KZ,KAZ,Kazakhstan,ODB.2013.D15,D15 - Elections,15,0,5,10,0,0,0,0,0,0,0,0
2014,KZ,KAZ,Kazakhstan,ODB.2013.D16,D16 - Contracts,10,0,5,10,0,0,0,0,-5,0,0,0
2014,KE,KEN,Kenya,ODB.2013.D1,D1 - Map,5,0,5,0,0,0,0,0,0,0,0,0
2014,KE,KEN,Kenya,ODB.2013.D2,D2 - Land,5,0,5,0,0,0,0,0,0,0,0,0
2014,KE,KEN,Kenya,ODB.2013.D4,D4 - Census,85,1,5,10,15,15,15,15,10,0,0,0
2014,KE,KEN,Kenya,ODB.2013.D5,D5 - Budget,15,0,5,10,0,0,0,0,0,0,0,0
2014,KE,KEN,Kenya,ODB.2013.D6,D6 - Spend,60,0,5,10,15,0,15,15,-5,0,5,0
2014,KE,KEN,Kenya,ODB.2013.D7,D7 - Company,5,0,5,0,0,0,0,0,0,0,0,0
2014,KE,KEN,Kenya,ODB.2013.D8,D8 - Legislation,15,0,5,10,0,0,0,0,0,0,0,0
2014,KE,KEN,Kenya,ODB.2013.D9,D9 - Transport,5,0,5,0,0,0,0,0,0,0,0,0
2014,KE,KEN,Kenya,ODB.2013.D10,D10 - Trade,10,0,5,10,0,0,0,0,-5,0,0,0
2014,KE,KEN,Kenya,ODB.2013.D11,D11 - Health,55,0,5,10,15,0,15,15,-5,0,0,0
2014,KE,KEN,Kenya,ODB.2013.D12,D12 - Education,55,0,5,10,15,0,15,15,-5,0,0,0
2014,KE,KEN,Kenya,ODB.2013.D13,D13 - Crime,10,0,5,10,0,0,0,0,-5,0,0,0
2014,KE,KEN,Kenya,ODB.2013.D14,D14 - Environment,15,0,5,10,0,0,0,0,0,0,0,0
2014,KE,KEN,Kenya,ODB.2013.D15,D15 - Elections,15,0,5,10,0,0,0,0,0,0,0,0
2014,KE,KEN,Kenya,ODB.2013.D16,D16 - Contracts,15,0,5,10,0,0,0,0,0,0,0,0
2014,KR,KOR,Korea,ODB.2013.D1,D1 - Map,45,0,5,10,15,15,0,0,-5,5,0,0
2014,KR,KOR,Korea,ODB.2013.D2,D2 - Land,65,0,5,10,15,0,15,0,10,5,0,5
2014,KR,KOR,Korea,ODB.2013.D4,D4 - Census,65,0,5,10,15,0,15,0,10,5,5,0
2014,KR,KOR,Korea,ODB.2013.D5,D5 - Budget,65,0,5,10,15,0,15,0,10,5,5,0
2014,KR,KOR,Korea,ODB.2013.D6,D6 - Spend,5,0,5,0,0,0,0,0,0,0,0,0
2014,KR,KOR,Korea,ODB.2013.D7,D7 - Company,75,0,5,10,15,15,15,0,10,5,0,0
2014,KR,KOR,Korea,ODB.2013.D8,D8 - Legislation,75,0,5,10,15,15,15,0,10,5,0,0
2014,KR,KOR,Korea,ODB.2013.D9,D9 - Transport,65,0,5,10,15,0,15,0,10,5,5,0
2014,KR,KOR,Korea,ODB.2013.D10,D10 - Trade,60,0,5,10,15,0,15,0,10,5,0,0
2014,KR,KOR,Korea,ODB.2013.D11,D11 - Health,45,0,5,10,15,0,15,0,-5,0,5,0
2014,KR,KOR,Korea,ODB.2013.D12,D12 - Education,65,0,5,10,15,0,15,0,10,5,5,0
2014,KR,KOR,Korea,ODB.2013.D13,D13 - Crime,45,0,5,10,15,0,15,0,-5,5,0,0
2014,KR,KOR,Korea,ODB.2013.D14,D14 - Environment,45,0,5,10,15,0,15,0,-5,0,5,0
2014,KR,KOR,Korea,ODB.2013.D15,D15 - Elections,60,0,5,10,15,0,15,0,10,0,5,0
2014,KR,KOR,Korea,ODB.2013.D16,D16 - Contracts,10,0,5,10,0,0,0,0,-5,0,0,0
2014,MW,MWI,Malawi,ODB.2013.D1,D1 - Map,15,0,5,10,0,0,0,0,0,0,0,0
2014,MW,MWI,Malawi,ODB.2013.D2,D2 - Land,5,0,5,0,0,0,0,0,0,0,0,0
2014,MW,MWI,Malawi,ODB.2013.D4,D4 - Census,60,0,5,10,15,0,15,0,10,5,0,0
2014,MW,MWI,Malawi,ODB.2013.D5,D5 - Budget,15,0,5,10,0,0,0,0,0,0,0,0
2014,MW,MWI,Malawi,ODB.2013.D6,D6 - Spend,5,0,5,0,0,0,0,0,0,0,0,0
2014,MW,MWI,Malawi,ODB.2013.D7,D7 - Company,5,0,5,0,0,0,0,0,0,0,0,0
2014,MW,MWI,Malawi,ODB.2013.D8,D8 - Legislation,10,0,5,10,0,0,0,0,-5,0,0,0
2014,MW,MWI,Malawi,ODB.2013.D9,D9 - Transport,0,0,0,0,0,0,0,0,0,0,0,0
2014,MW,MWI,Malawi,ODB.2013.D10,D10 - Trade,40,0,5,10,15,0,15,0,-5,0,0,0
2014,MW,MWI,Malawi,ODB.2013.D11,D11 - Health,10,0,5,10,0,0,0,0,-5,0,0,0
2014,MW,MWI,Malawi,ODB.2013.D12,D12 - Education,25,0,5,10,15,0,0,0,-5,0,0,0
2014,MW,MWI,Malawi,ODB.2013.D13,D13 - Crime,10,0,5,10,0,0,0,0,-5,0,0,0
2014,MW,MWI,Malawi,ODB.2013.D14,D14 - Environment,10,0,5,10,0,0,0,0,-5,0,0,0
2014,MW,MWI,Malawi,ODB.2013.D15,D15 - Elections,15,0,5,10,0,0,0,0,0,0,0,0
2014,MW,MWI,Malawi,ODB.2013.D16,D16 - Contracts,5,0,5,0,0,0,0,0,0,0,0,0
2014,MY,MYS,Malaysia,ODB.2013.D1,D1 - Map,45,0,5,10,15,0,15,0,-5,0,0,5
2014,MY,MYS,Malaysia,ODB.2013.D2,D2 - Land,10,0,5,10,0,0,0,0,-5,0,0,0
2014,MY,MYS,Malaysia,ODB.2013.D4,D4 - Census,65,0,5,10,15,0,15,0,10,5,5,0
2014,MY,MYS,Malaysia,ODB.2013.D5,D5 - Budget,65,0,5,10,15,0,15,0,10,5,5,0
2014,MY,MYS,Malaysia,ODB.2013.D6,D6 - Spend,5,0,5,0,0,0,0,0,0,0,0,0
2014,MY,MYS,Malaysia,ODB.2013.D7,D7 - Company,10,0,5,10,0,0,0,0,-5,0,0,0
2014,MY,MYS,Malaysia,ODB.2013.D8,D8 - Legislation,15,0,5,10,0,0,0,0,0,0,0,0
2014,MY,MYS,Malaysia,ODB.2013.D9,D9 - Transport,15,0,5,10,0,0,0,0,0,0,0,0
2014,MY,MYS,Malaysia,ODB.2013.D10,D10 - Trade,65,0,5,10,15,0,15,0,10,5,5,0
2014,MY,MYS,Malaysia,ODB.2013.D11,D11 - Health,65,0,5,10,15,0,15,0,10,5,5,0
2014,MY,MYS,Malaysia,ODB.2013.D12,D12 - Education,65,0,5,10,15,0,15,0,10,5,5,0
2014,MY,MYS,Malaysia,ODB.2013.D13,D13 - Crime,45,0,5,10,15,0,0,0,10,0,5,0
2014,MY,MYS,Malaysia,ODB.2013.D14,D14 - Environment,60,0,5,10,15,0,15,0,10,0,5,0
2014,MY,MYS,Malaysia,ODB.2013.D15,D15 - Elections,15,0,5,10,0,0,0,0,0,0,0,0
2014,MY,MYS,Malaysia,ODB.2013.D16,D16 - Contracts,10,0,5,10,0,0,0,0,-5,0,0,0
2014,ML,MLI,Mali,ODB.2013.D1,D1 - Map,0,0,0,0,0,0,0,0,0,0,0,0
2014,ML,MLI,Mali,ODB.2013.D2,D2 - Land,0,0,0,0,0,0,0,0,0,0,0,0
2014,ML,MLI,Mali,ODB.2013.D4,D4 - Census,10,0,5,10,0,0,0,0,-5,0,0,0
2014,ML,MLI,Mali,ODB.2013.D5,D5 - Budget,15,0,5,10,0,0,0,0,0,0,0,0
2014,ML,MLI,Mali,ODB.2013.D6,D6 - Spend,0,0,0,0,0,0,0,0,0,0,0,0
2014,ML,MLI,Mali,ODB.2013.D7,D7 - Company,0,0,0,0,0,0,0,0,0,0,0,0
2014,ML,MLI,Mali,ODB.2013.D8,D8 - Legislation,10,0,5,10,0,0,0,0,-5,0,0,0
2014,ML,MLI,Mali,ODB.2013.D9,D9 - Transport,0,0,0,0,0,0,0,0,0,0,0,0
2014,ML,MLI,Mali,ODB.2013.D10,D10 - Trade,10,0,5,10,0,0,0,0,-5,0,0,0
2014,ML,MLI,Mali,ODB.2013.D11,D11 - Health,0,0,0,0,0,0,0,0,0,0,0,0
2014,ML,MLI,Mali,ODB.2013.D12,D12 - Education,0,0,0,0,0,0,0,0,0,0,0,0
2014,ML,MLI,Mali,ODB.2013.D13,D13 - Crime,0,0,0,0,0,0,0,0,0,0,0,0
2014,ML,MLI,Mali,ODB.2013.D14,D14 - Environment,0,0,0,0,0,0,0,0,0,0,0,0
2014,ML,MLI,Mali,ODB.2013.D15,D15 - Elections,5,0,5,0,0,0,0,0,0,0,0,0
2014,ML,MLI,Mali,ODB.2013.D16,D16 - Contracts,0,0,0,0,0,0,0,0,0,0,0,0
2014,MU,MUS,Mauritius,ODB.2013.D1,D1 - Map,5,0,5,0,0,0,0,0,0,0,0,0
2014,MU,MUS,Mauritius,ODB.2013.D2,D2 - Land,5,0,5,0,0,0,0,0,0,0,0,0
2014,MU,MUS,Mauritius,ODB.2013.D4,D4 - Census,80,0,5,10,15,15,15,0,10,5,5,0
2014,MU,MUS,Mauritius,ODB.2013.D5,D5 - Budget,15,0,5,10,0,0,0,0,0,0,0,0
2014,MU,MUS,Mauritius,ODB.2013.D6,D6 - Spend,5,0,5,0,0,0,0,0,0,0,0,0
2014,MU,MUS,Mauritius,ODB.2013.D7,D7 - Company,15,0,5,10,0,0,0,0,0,0,0,0
2014,MU,MUS,Mauritius,ODB.2013.D8,D8 - Legislation,15,0,5,10,0,0,0,0,0,0,0,0
2014,MU,MUS,Mauritius,ODB.2013.D9,D9 - Transport,15,0,5,10,0,0,0,0,0,0,0,0
2014,MU,MUS,Mauritius,ODB.2013.D10,D10 - Trade,15,0,5,10,0,0,0,0,0,0,0,0
2014,MU,MUS,Mauritius,ODB.2013.D11,D11 - Health,15,0,5,10,0,0,0,0,0,0,0,0
2014,MU,MUS,Mauritius,ODB.2013.D12,D12 - Education,65,0,5,10,15,0,15,0,10,5,5,0
2014,MU,MUS,Mauritius,ODB.2013.D13,D13 - Crime,60,0,5,10,15,0,15,0,10,0,5,0
2014,MU,MUS,Mauritius,ODB.2013.D14,D14 - Environment,60,0,5,10,15,0,15,0,10,0,5,0
2014,MU,MUS,Mauritius,ODB.2013.D15,D15 - Elections,15,0,5,10,0,0,0,0,0,0,0,0
2014,MU,MUS,Mauritius,ODB.2013.D16,D16 - Contracts,10,0,5,10,0,0,0,0,-5,0,0,0
2014,MX,MEX,Mexico,ODB.2013.D1,D1 - Map,65,0,5,10,15,0,15,0,10,5,5,0
2014,MX,MEX,Mexico,ODB.2013.D2,D2 - Land,5,0,5,0,0,0,0,0,0,0,0,0
2014,MX,MEX,Mexico,ODB.2013.D4,D4 - Census,80,0,5,10,15,15,15,0,10,5,5,0
2014,MX,MEX,Mexico,ODB.2013.D5,D5 - Budget,80,0,5,10,15,15,15,0,10,5,5,0
2014,MX,MEX,Mexico,ODB.2013.D6,D6 - Spend,80,0,5,10,15,15,15,0,10,5,5,0
2014,MX,MEX,Mexico,ODB.2013.D7,D7 - Company,5,0,5,0,0,0,0,0,0,0,0,0
2014,MX,MEX,Mexico,ODB.2013.D8,D8 - Legislation,15,0,5,10,0,0,0,0,0,0,0,0
2014,MX,MEX,Mexico,ODB.2013.D9,D9 - Transport,5,0,5,0,0,0,0,0,0,0,0,0
2014,MX,MEX,Mexico,ODB.2013.D10,D10 - Trade,80,0,5,10,15,15,15,0,10,5,5,0
2014,MX,MEX,Mexico,ODB.2013.D11,D11 - Health,50,0,5,10,15,15,0,0,-5,5,5,0
2014,MX,MEX,Mexico,ODB.2013.D12,D12 - Education,80,0,5,10,15,15,15,0,10,5,5,0
2014,MX,MEX,Mexico,ODB.2013.D13,D13 - Crime,15,0,5,10,0,0,0,0,0,0,0,0
2014,MX,MEX,Mexico,ODB.2013.D14,D14 - Environment,65,0,5,10,15,15,15,0,-5,5,5,0
2014,MX,MEX,Mexico,ODB.2013.D15,D15 - Elections,80,0,5,10,15,15,15,0,10,5,5,0
2014,MX,MEX,Mexico,ODB.2013.D16,D16 - Contracts,80,0,5,10,15,15,15,0,10,5,5,0
2014,MA,MAR,Morocco,ODB.2013.D1,D1 - Map,5,0,5,0,0,0,0,0,0,0,0,0
2014,MA,MAR,Morocco,ODB.2013.D2,D2 - Land,5,0,5,0,0,0,0,0,0,0,0,0
2014,MA,MAR,Morocco,ODB.2013.D4,D4 - Census,40,0,5,10,15,0,15,0,-5,0,0,0
2014,MA,MAR,Morocco,ODB.2013.D5,D5 - Budget,60,0,5,10,15,0,15,0,10,0,5,0
2014,MA,MAR,Morocco,ODB.2013.D6,D6 - Spend,5,0,5,0,0,0,0,0,0,0,0,0
2014,MA,MAR,Morocco,ODB.2013.D7,D7 - Company,15,0,5,10,0,0,0,0,0,0,0,0
2014,MA,MAR,Morocco,ODB.2013.D8,D8 - Legislation,10,0,5,10,0,0,0,0,-5,0,0,0
2014,MA,MAR,Morocco,ODB.2013.D9,D9 - Transport,15,0,5,10,0,0,0,0,0,0,0,0
2014,MA,MAR,Morocco,ODB.2013.D10,D10 - Trade,40,0,5,10,15,0,15,0,-5,0,0,0
2014,MA,MAR,Morocco,ODB.2013.D11,D11 - Health,10,0,5,10,0,0,0,0,-5,0,0,0
2014,MA,MAR,Morocco,ODB.2013.D12,D12 - Education,15,0,5,10,0,0,0,0,0,0,0,0
2014,MA,MAR,Morocco,ODB.2013.D13,D13 - Crime,5,0,5,0,0,0,0,0,0,0,0,0
2014,MA,MAR,Morocco,ODB.2013.D14,D14 - Environment,10,0,5,10,0,0,0,0,-5,0,0,0
2014,MA,MAR,Morocco,ODB.2013.D15,D15 - Elections,5,0,5,0,0,0,0,0,0,0,0,0
2014,MA,MAR,Morocco,ODB.2013.D16,D16 - Contracts,15,0,5,10,0,0,0,0,0,0,0,0
2014,MZ,MOZ,Mozambique,ODB.2013.D1,D1 - Map,10,0,5,10,0,0,0,0,-5,0,0,0
2014,MZ,MOZ,Mozambique,ODB.2013.D2,D2 - Land,5,0,5,0,0,0,0,0,0,0,0,0
2014,MZ,MOZ,Mozambique,ODB.2013.D4,D4 - Census,10,0,5,10,0,0,0,0,-5,0,0,0
2014,MZ,MOZ,Mozambique,ODB.2013.D5,D5 - Budget,15,0,5,10,0,0,0,0,0,0,0,0
2014,MZ,MOZ,Mozambique,ODB.2013.D6,D6 - Spend,10,0,5,10,0,0,0,0,-5,0,0,0
2014,MZ,MOZ,Mozambique,ODB.2013.D7,D7 - Company,5,0,5,0,0,0,0,0,0,0,0,0
2014,MZ,MOZ,Mozambique,ODB.2013.D8,D8 - Legislation,10,0,5,10,0,0,0,0,-5,0,0,0
2014,MZ,MOZ,Mozambique,ODB.2013.D9,D9 - Transport,0,0,0,0,0,0,0,0,0,0,0,0
2014,MZ,MOZ,Mozambique,ODB.2013.D10,D10 - Trade,10,0,5,10,0,0,0,0,-5,0,0,0
2014,MZ,MOZ,Mozambique,ODB.2013.D11,D11 - Health,60,0,5,10,15,15,15,0,-5,0,5,0
2014,MZ,MOZ,Mozambique,ODB.2013.D12,D12 - Education,60,0,5,10,15,15,15,0,-5,0,5,0
2014,MZ,MOZ,Mozambique,ODB.2013.D13,D13 - Crime,60,0,5,10,15,15,15,0,-5,0,5,0
2014,MZ,MOZ,Mozambique,ODB.2013.D14,D14 - Environment,60,0,5,10,15,15,15,0,-5,0,5,0
2014,MZ,MOZ,Mozambique,ODB.2013.D15,D15 - Elections,15,0,5,10,0,0,0,0,0,0,0,0
2014,MZ,MOZ,Mozambique,ODB.2013.D16,D16 - Contracts,15,0,5,10,0,0,0,0,0,0,0,0
2014,MM,MMR,Myanmar,ODB.2013.D1,D1 - Map,5,0,5,0,0,0,0,0,0,0,0,0
2014,MM,MMR,Myanmar,ODB.2013.D2,D2 - Land,0,0,0,0,0,0,0,0,0,0,0,0
2014,MM,MMR,Myanmar,ODB.2013.D4,D4 - Census,10,0,5,10,0,0,0,0,-5,0,0,0
2014,MM,MMR,Myanmar,ODB.2013.D5,D5 - Budget,0,0,0,0,0,0,0,0,0,0,0,0
2014,MM,MMR,Myanmar,ODB.2013.D6,D6 - Spend,0,0,0,0,0,0,0,0,0,0,0,0
2014,MM,MMR,Myanmar,ODB.2013.D7,D7 - Company,15,0,5,10,0,0,0,0,0,0,0,0
2014,MM,MMR,Myanmar,ODB.2013.D8,D8 - Legislation,10,0,5,10,0,0,0,0,-5,0,0,0
2014,MM,MMR,Myanmar,ODB.2013.D9,D9 - Transport,0,0,0,0,0,0,0,0,0,0,0,0
2014,MM,MMR,Myanmar,ODB.2013.D10,D10 - Trade,10,0,5,10,0,0,0,0,-5,0,0,0
2014,MM,MMR,Myanmar,ODB.2013.D11,D11 - Health,10,0,5,10,0,0,0,0,-5,0,0,0
2014,MM,MMR,Myanmar,ODB.2013.D12,D12 - Education,5,0,5,0,0,0,0,0,0,0,0,0
2014,MM,MMR,Myanmar,ODB.2013.D13,D13 - Crime,5,0,5,0,0,0,0,0,0,0,0,0
2014,MM,MMR,Myanmar,ODB.2013.D14,D14 - Environment,0,0,0,0,0,0,0,0,0,0,0,0
2014,MM,MMR,Myanmar,ODB.2013.D15,D15 - Elections,5,0,5,0,0,0,0,0,0,0,0,0
2014,MM,MMR,Myanmar,ODB.2013.D16,D16 - Contracts,0,0,0,0,0,0,0,0,0,0,0,0
2014,NA,NAM,Namibia,ODB.2013.D1,D1 - Map,5,0,5,0,0,0,0,0,0,0,0,0
2014,NA,NAM,Namibia,ODB.2013.D2,D2 - Land,5,0,5,0,0,0,0,0,0,0,0,0
2014,NA,NAM,Namibia,ODB.2013.D4,D4 - Census,65,0,5,10,15,0,15,0,10,5,5,0
2014,NA,NAM,Namibia,ODB.2013.D5,D5 - Budget,15,0,5,10,0,0,0,0,0,0,0,0
2014,NA,NAM,Namibia,ODB.2013.D6,D6 - Spend,5,0,5,0,0,0,0,0,0,0,0,0
2014,NA,NAM,Namibia,ODB.2013.D7,D7 - Company,5,0,5,0,0,0,0,0,0,0,0,0
2014,NA,NAM,Namibia,ODB.2013.D8,D8 - Legislation,10,0,5,10,0,0,0,0,-5,0,0,0
2014,NA,NAM,Namibia,ODB.2013.D9,D9 - Transport,0,0,0,0,0,0,0,0,0,0,0,0
2014,NA,NAM,Namibia,ODB.2013.D10,D10 - Trade,10,0,5,10,0,0,0,0,-5,0,0,0
2014,NA,NAM,Namibia,ODB.2013.D11,D11 - Health,5,0,5,0,0,0,0,0,0,0,0,0
2014,NA,NAM,Namibia,ODB.2013.D12,D12 - Education,5,0,5,0,0,0,0,0,0,0,0,0
2014,NA,NAM,Namibia,ODB.2013.D13,D13 - Crime,10,0,5,10,0,0,0,0,-5,0,0,0
2014,NA,NAM,Namibia,ODB.2013.D14,D14 - Environment,5,0,5,0,0,0,0,0,0,0,0,0
2014,NA,NAM,Namibia,ODB.2013.D15,D15 - Elections,15,0,5,10,0,0,0,0,0,0,0,0
2014,NA,NAM,Namibia,ODB.2013.D16,D16 - Contracts,15,0,5,10,0,0,0,0,0,0,0,0
2014,NP,NPL,Nepal,ODB.2013.D1,D1 - Map,10,0,5,10,0,0,0,0,-5,0,0,0
2014,NP,NPL,Nepal,ODB.2013.D2,D2 - Land,5,0,5,0,0,0,0,0,0,0,0,0
2014,NP,NPL,Nepal,ODB.2013.D4,D4 - Census,10,0,5,10,0,0,0,0,-5,0,0,0
2014,NP,NPL,Nepal,ODB.2013.D5,D5 - Budget,15,0,5,10,0,0,0,0,0,0,0,0
2014,NP,NPL,Nepal,ODB.2013.D6,D6 - Spend,15,0,5,10,0,0,0,0,0,0,0,0
2014,NP,NPL,Nepal,ODB.2013.D7,D7 - Company,15,0,5,10,0,0,0,0,0,0,0,0
2014,NP,NPL,Nepal,ODB.2013.D8,D8 - Legislation,10,0,5,10,0,0,0,0,-5,0,0,0
2014,NP,NPL,Nepal,ODB.2013.D9,D9 - Transport,5,0,5,0,0,0,0,0,0,0,0,0
2014,NP,NPL,Nepal,ODB.2013.D10,D10 - Trade,45,0,5,10,15,0,15,0,-5,5,0,0
2014,NP,NPL,Nepal,ODB.2013.D11,D11 - Health,10,0,5,10,0,0,0,0,-5,0,0,0
2014,NP,NPL,Nepal,ODB.2013.D12,D12 - Education,15,0,5,10,0,0,0,0,0,0,0,0
2014,NP,NPL,Nepal,ODB.2013.D13,D13 - Crime,5,0,5,0,0,0,0,0,0,0,0,0
2014,NP,NPL,Nepal,ODB.2013.D14,D14 - Environment,10,0,5,10,0,0,0,0,-5,0,0,0
2014,NP,NPL,Nepal,ODB.2013.D15,D15 - Elections,80,0,5,10,15,15,15,0,10,5,5,0
2014,NP,NPL,Nepal,ODB.2013.D16,D16 - Contracts,15,0,5,10,0,0,0,0,0,0,0,0
2014,NL,NLD,Netherlands,ODB.2013.D1,D1 - Map,95,1,5,10,15,15,15,15,10,5,5,0
2014,NL,NLD,Netherlands,ODB.2013.D2,D2 - Land,65,0,5,10,15,0,0,15,10,5,5,0
2014,NL,NLD,Netherlands,ODB.2013.D4,D4 - Census,95,1,5,10,15,15,15,15,10,5,5,0
2014,NL,NLD,Netherlands,ODB.2013.D5,D5 - Budget,80,0,5,10,15,0,15,15,10,5,5,0
2014,NL,NLD,Netherlands,ODB.2013.D6,D6 - Spend,10,0,5,10,0,0,0,0,-5,0,0,0
2014,NL,NLD,Netherlands,ODB.2013.D7,D7 - Company,10,0,5,10,0,0,0,0,-5,0,0,0
2014,NL,NLD,Netherlands,ODB.2013.D8,D8 - Legislation,100,1,5,10,15,15,15,15,10,5,5,5
2014,NL,NLD,Netherlands,ODB.2013.D9,D9 - Transport,95,1,5,10,15,15,15,15,10,5,5,0
2014,NL,NLD,Netherlands,ODB.2013.D10,D10 - Trade,95,1,5,10,15,15,15,15,10,5,5,0
2014,NL,NLD,Netherlands,ODB.2013.D11,D11 - Health,80,0,5,10,15,15,15,0,10,5,5,0
2014,NL,NLD,Netherlands,ODB.2013.D12,D12 - Education,95,1,5,10,15,15,15,15,10,5,5,0
2014,NL,NLD,Netherlands,ODB.2013.D13,D13 - Crime,95,1,5,10,15,15,15,15,10,5,5,0
2014,NL,NLD,Netherlands,ODB.2013.D14,D14 - Environment,75,0,5,10,15,15,15,0,10,5,0,0
2014,NL,NLD,Netherlands,ODB.2013.D15,D15 - Elections,80,0,5,10,15,0,15,15,10,5,5,0
2014,NL,NLD,Netherlands,ODB.2013.D16,D16 - Contracts,15,0,5,10,0,0,0,0,0,0,0,0
2014,NZ,NZL,New Zealand,ODB.2013.D1,D1 - Map,100,1,5,10,15,15,15,15,10,5,5,5
2014,NZ,NZL,New Zealand,ODB.2013.D2,D2 - Land,100,1,5,10,15,15,15,15,10,5,5,5
2014,NZ,NZL,New Zealand,ODB.2013.D4,D4 - Census,95,1,5,10,15,15,15,15,10,5,5,0
2014,NZ,NZL,New Zealand,ODB.2013.D5,D5 - Budget,95,1,5,10,15,15,15,15,10,5,5,0
2014,NZ,NZL,New Zealand,ODB.2013.D6,D6 - Spend,95,1,5,10,15,15,15,15,10,5,5,0
2014,NZ,NZL,New Zealand,ODB.2013.D7,D7 - Company,90,1,5,10,15,15,15,15,10,0,0,5
2014,NZ,NZL,New Zealand,ODB.2013.D8,D8 - Legislation,100,1,5,10,15,15,15,15,10,5,5,5
2014,NZ,NZL,New Zealand,ODB.2013.D9,D9 - Transport,75,0,5,10,15,15,15,0,10,0,5,0
2014,NZ,NZL,New Zealand,ODB.2013.D10,D10 - Trade,95,1,5,10,15,15,15,15,10,5,5,0
2014,NZ,NZL,New Zealand,ODB.2013.D11,D11 - Health,80,0,5,10,15,0,15,15,10,5,5,0
2014,NZ,NZL,New Zealand,ODB.2013.D12,D12 - Education,80,0,5,10,15,0,15,15,10,5,5,0
2014,NZ,NZL,New Zealand,ODB.2013.D13,D13 - Crime,95,1,5,10,15,15,15,15,10,5,5,0
2014,NZ,NZL,New Zealand,ODB.2013.D14,D14 - Environment,60,0,5,10,15,0,15,0,10,5,0,0
2014,NZ,NZL,New Zealand,ODB.2013.D15,D15 - Elections,80,0,5,10,15,15,15,0,10,5,5,0
2014,NZ,NZL,New Zealand,ODB.2013.D16,D16 - Contracts,15,0,5,10,0,0,0,0,0,0,0,0
2014,NG,NGA,Nigeria,ODB.2013.D1,D1 - Map,5,0,5,0,0,0,0,0,0,0,0,0
2014,NG,NGA,Nigeria,ODB.2013.D2,D2 - Land,0,0,0,0,0,0,0,0,0,0,0,0
2014,NG,NGA,Nigeria,ODB.2013.D4,D4 - Census,15,0,5,10,0,0,0,0,0,0,0,0
2014,NG,NGA,Nigeria,ODB.2013.D5,D5 - Budget,15,0,5,10,0,0,0,0,0,0,0,0
2014,NG,NGA,Nigeria,ODB.2013.D6,D6 - Spend,0,0,0,0,0,0,0,0,0,0,0,0
2014,NG,NGA,Nigeria,ODB.2013.D7,D7 - Company,5,0,5,0,0,0,0,0,0,0,0,0
2014,NG,NGA,Nigeria,ODB.2013.D8,D8 - Legislation,15,0,5,10,0,0,0,0,0,0,0,0
2014,NG,NGA,Nigeria,ODB.2013.D9,D9 - Transport,5,0,5,0,0,0,0,0,0,0,0,0
2014,NG,NGA,Nigeria,ODB.2013.D10,D10 - Trade,10,0,5,10,0,0,0,0,-5,0,0,0
2014,NG,NGA,Nigeria,ODB.2013.D11,D11 - Health,10,0,5,10,0,0,0,0,-5,0,0,0
2014,NG,NGA,Nigeria,ODB.2013.D12,D12 - Education,10,0,5,10,0,0,0,0,-5,0,0,0
2014,NG,NGA,Nigeria,ODB.2013.D13,D13 - Crime,5,0,5,0,0,0,0,0,0,0,0,0
2014,NG,NGA,Nigeria,ODB.2013.D14,D14 - Environment,5,0,5,0,0,0,0,0,0,0,0,0
2014,NG,NGA,Nigeria,ODB.2013.D15,D15 - Elections,15,0,5,10,0,0,0,0,0,0,0,0
2014,NG,NGA,Nigeria,ODB.2013.D16,D16 - Contracts,15,0,5,10,0,0,0,0,0,0,0,0
2014,NO,NOR,Norway,ODB.2013.D1,D1 - Map,80,0,5,10,15,0,15,15,10,5,5,0
2014,NO,NOR,Norway,ODB.2013.D2,D2 - Land,65,0,5,10,15,0,15,0,10,5,5,0
2014,NO,NOR,Norway,ODB.2013.D4,D4 - Census,95,1,5,10,15,15,15,15,10,5,5,0
2014,NO,NOR,Norway,ODB.2013.D5,D5 - Budget,80,0,5,10,15,0,15,15,10,5,5,0
2014,NO,NOR,Norway,ODB.2013.D6,D6 - Spend,15,0,5,10,0,0,0,0,0,0,0,0
2014,NO,NOR,Norway,ODB.2013.D7,D7 - Company,100,1,5,10,15,15,15,15,10,5,5,5
2014,NO,NOR,Norway,ODB.2013.D8,D8 - Legislation,15,0,5,10,0,0,0,0,0,0,0,0
2014,NO,NOR,Norway,ODB.2013.D9,D9 - Transport,95,1,5,10,15,15,15,15,10,5,5,0
2014,NO,NOR,Norway,ODB.2013.D10,D10 - Trade,80,0,5,10,15,0,15,15,10,5,5,0
2014,NO,NOR,Norway,ODB.2013.D11,D11 - Health,80,0,5,10,15,0,15,15,10,5,5,0
2014,NO,NOR,Norway,ODB.2013.D12,D12 - Education,95,1,5,10,15,15,15,15,10,5,5,0
2014,NO,NOR,Norway,ODB.2013.D13,D13 - Crime,80,0,5,10,15,0,15,15,10,5,5,0
2014,NO,NOR,Norway,ODB.2013.D14,D14 - Environment,80,0,5,10,15,0,15,15,10,5,5,0
2014,NO,NOR,Norway,ODB.2013.D15,D15 - Elections,80,0,5,10,15,0,15,15,10,5,5,0
2014,NO,NOR,Norway,ODB.2013.D16,D16 - Contracts,15,0,5,10,0,0,0,0,0,0,0,0
2014,PK,PAK,Pakistan,ODB.2013.D1,D1 - Map,5,0,5,0,0,0,0,0,0,0,0,0
2014,PK,PAK,Pakistan,ODB.2013.D2,D2 - Land,5,0,5,0,0,0,0,0,0,0,0,0
2014,PK,PAK,Pakistan,ODB.2013.D4,D4 - Census,10,0,5,10,0,0,0,0,-5,0,0,0
2014,PK,PAK,Pakistan,ODB.2013.D5,D5 - Budget,15,0,5,10,0,0,0,0,0,0,0,0
2014,PK,PAK,Pakistan,ODB.2013.D6,D6 - Spend,5,0,5,0,0,0,0,0,0,0,0,0
2014,PK,PAK,Pakistan,ODB.2013.D7,D7 - Company,15,0,5,10,0,0,0,0,0,0,0,0
2014,PK,PAK,Pakistan,ODB.2013.D8,D8 - Legislation,15,0,5,10,0,0,0,0,0,0,0,0
2014,PK,PAK,Pakistan,ODB.2013.D9,D9 - Transport,0,0,0,0,0,0,0,0,0,0,0,0
2014,PK,PAK,Pakistan,ODB.2013.D10,D10 - Trade,60,0,5,10,15,0,15,0,10,0,5,0
2014,PK,PAK,Pakistan,ODB.2013.D11,D11 - Health,10,0,5,10,0,0,0,0,-5,0,0,0
2014,PK,PAK,Pakistan,ODB.2013.D12,D12 - Education,10,0,5,10,0,0,0,0,-5,0,0,0
2014,PK,PAK,Pakistan,ODB.2013.D13,D13 - Crime,15,0,5,10,0,0,0,0,0,0,0,0
2014,PK,PAK,Pakistan,ODB.2013.D14,D14 - Environment,10,0,5,10,0,0,0,0,-5,0,0,0
2014,PK,PAK,Pakistan,ODB.2013.D15,D15 - Elections,15,0,5,10,0,0,0,0,0,0,0,0
2014,PK,PAK,Pakistan,ODB.2013.D16,D16 - Contracts,10,0,5,10,0,0,0,0,-5,0,0,0
2014,PE,PER,Peru,ODB.2013.D1,D1 - Map,5,0,5,0,0,0,0,0,0,0,0,0
2014,PE,PER,Peru,ODB.2013.D2,D2 - Land,15,0,5,10,0,0,0,0,0,0,0,0
2014,PE,PER,Peru,ODB.2013.D4,D4 - Census,80,0,5,10,15,15,15,0,10,5,5,0
2014,PE,PER,Peru,ODB.2013.D5,D5 - Budget,15,0,5,10,0,0,0,0,0,0,0,0
2014,PE,PER,Peru,ODB.2013.D6,D6 - Spend,65,0,5,10,15,0,15,0,10,5,5,0
2014,PE,PER,Peru,ODB.2013.D7,D7 - Company,15,0,5,10,0,0,0,0,0,0,0,0
2014,PE,PER,Peru,ODB.2013.D8,D8 - Legislation,15,0,5,10,0,0,0,0,0,0,0,0
2014,PE,PER,Peru,ODB.2013.D9,D9 - Transport,95,1,5,10,15,15,15,15,10,5,5,0
2014,PE,PER,Peru,ODB.2013.D10,D10 - Trade,80,0,5,10,15,15,15,0,10,5,5,0
2014,PE,PER,Peru,ODB.2013.D11,D11 - Health,80,0,5,10,15,15,15,0,10,5,5,0
2014,PE,PER,Peru,ODB.2013.D12,D12 - Education,80,0,5,10,15,15,15,0,10,5,5,0
2014,PE,PER,Peru,ODB.2013.D13,D13 - Crime,80,0,5,10,15,15,15,0,10,5,5,0
2014,PE,PER,Peru,ODB.2013.D14,D14 - Environment,80,0,5,10,15,15,15,0,10,5,5,0
2014,PE,PER,Peru,ODB.2013.D15,D15 - Elections,15,0,5,10,0,0,0,0,0,0,0,0
2014,PE,PER,Peru,ODB.2013.D16,D16 - Contracts,5,0,5,0,0,0,0,0,0,0,0,0
2014,PH,PHL,Philippines,ODB.2013.D1,D1 - Map,10,0,5,10,0,0,0,0,-5,0,0,0
2014,PH,PHL,Philippines,ODB.2013.D2,D2 - Land,5,0,5,0,0,0,0,0,0,0,0,0
2014,PH,PHL,Philippines,ODB.2013.D4,D4 - Census,15,0,5,10,0,0,0,0,0,0,0,0
2014,PH,PHL,Philippines,ODB.2013.D5,D5 - Budget,95,1,5,10,15,15,15,15,10,5,5,0
2014,PH,PHL,Philippines,ODB.2013.D6,D6 - Spend,5,0,5,0,0,0,0,0,0,0,0,0
2014,PH,PHL,Philippines,ODB.2013.D7,D7 - Company,10,0,5,10,0,0,0,0,-5,0,0,0
2014,PH,PHL,Philippines,ODB.2013.D8,D8 - Legislation,15,0,5,10,0,0,0,0,0,0,0,0
2014,PH,PHL,Philippines,ODB.2013.D9,D9 - Transport,5,0,5,0,0,0,0,0,0,0,0,0
2014,PH,PHL,Philippines,ODB.2013.D10,D10 - Trade,15,0,5,10,0,0,0,0,0,0,0,0
2014,PH,PHL,Philippines,ODB.2013.D11,D11 - Health,5,0,5,0,0,0,0,0,0,0,0,0
2014,PH,PHL,Philippines,ODB.2013.D12,D12 - Education,80,0,5,10,15,15,15,0,10,5,5,0
2014,PH,PHL,Philippines,ODB.2013.D13,D13 - Crime,5,0,5,0,0,0,0,0,0,0,0,0
2014,PH,PHL,Philippines,ODB.2013.D14,D14 - Environment,5,0,5,0,0,0,0,0,0,0,0,0
2014,PH,PHL,Philippines,ODB.2013.D15,D15 - Elections,10,0,5,10,0,0,0,0,-5,0,0,0
2014,PH,PHL,Philippines,ODB.2013.D16,D16 - Contracts,15,0,5,10,0,0,0,0,0,0,0,0
2014,PL,POL,Poland,ODB.2013.D1,D1 - Map,80,0,5,10,15,15,15,0,10,5,5,0
2014,PL,POL,Poland,ODB.2013.D2,D2 - Land,10,0,5,10,0,0,0,0,-5,0,0,0
2014,PL,POL,Poland,ODB.2013.D4,D4 - Census,80,0,5,10,15,0,15,15,10,5,5,0
2014,PL,POL,Poland,ODB.2013.D5,D5 - Budget,15,0,5,10,0,0,0,0,0,0,0,0
2014,PL,POL,Poland,ODB.2013.D6,D6 - Spend,65,0,5,10,15,0,15,0,10,5,5,0
2014,PL,POL,Poland,ODB.2013.D7,D7 - Company,15,0,5,10,0,0,0,0,0,0,0,0
2014,PL,POL,Poland,ODB.2013.D8,D8 - Legislation,15,0,5,10,0,0,0,0,0,0,0,0
2014,PL,POL,Poland,ODB.2013.D9,D9 - Transport,15,0,5,10,0,0,0,0,0,0,0,0
2014,PL,POL,Poland,ODB.2013.D10,D10 - Trade,80,0,5,10,15,0,15,15,10,5,5,0
2014,PL,POL,Poland,ODB.2013.D11,D11 - Health,55,0,5,10,15,0,15,15,-5,0,0,0
2014,PL,POL,Poland,ODB.2013.D12,D12 - Education,75,0,5,10,15,0,15,15,10,5,0,0
2014,PL,POL,Poland,ODB.2013.D13,D13 - Crime,15,0,5,10,0,0,0,0,0,0,0,0
2014,PL,POL,Poland,ODB.2013.D14,D14 - Environment,75,0,5,10,15,0,15,15,10,5,0,0
2014,PL,POL,Poland,ODB.2013.D15,D15 - Elections,65,0,5,10,15,0,15,0,10,5,5,0
2014,PL,POL,Poland,ODB.2013.D16,D16 - Contracts,15,0,5,10,0,0,0,0,0,0,0,0
2014,PT,PRT,Portugal,ODB.2013.D1,D1 - Map,80,0,5,10,15,15,15,0,10,5,5,0
2014,PT,PRT,Portugal,ODB.2013.D2,D2 - Land,15,0,5,10,0,0,0,0,0,0,0,0
2014,PT,PRT,Portugal,ODB.2013.D4,D4 - Census,80,0,5,10,15,15,15,0,10,5,5,0
2014,PT,PRT,Portugal,ODB.2013.D5,D5 - Budget,15,0,5,10,0,0,0,0,0,0,0,0
2014,PT,PRT,Portugal,ODB.2013.D6,D6 - Spend,65,0,5,10,15,0,15,0,10,5,5,0
2014,PT,PRT,Portugal,ODB.2013.D7,D7 - Company,15,0,5,10,0,0,0,0,0,0,0,0
2014,PT,PRT,Portugal,ODB.2013.D8,D8 - Legislation,15,0,5,10,0,0,0,0,0,0,0,0
2014,PT,PRT,Portugal,ODB.2013.D9,D9 - Transport,15,0,5,10,0,0,0,0,0,0,0,0
2014,PT,PRT,Portugal,ODB.2013.D10,D10 - Trade,80,0,5,10,15,15,15,0,10,5,5,0
2014,PT,PRT,Portugal,ODB.2013.D11,D11 - Health,15,0,5,10,0,0,0,0,0,0,0,0
2014,PT,PRT,Portugal,ODB.2013.D12,D12 - Education,95,1,5,10,15,15,15,15,10,5,5,0
2014,PT,PRT,Portugal,ODB.2013.D13,D13 - Crime,80,0,5,10,15,15,15,0,10,5,5,0
2014,PT,PRT,Portugal,ODB.2013.D14,D14 - Environment,5,0,5,0,0,0,0,0,0,0,0,0
2014,PT,PRT,Portugal,ODB.2013.D15,D15 - Elections,75,0,5,10,15,15,15,0,10,5,0,0
2014,PT,PRT,Portugal,ODB.2013.D16,D16 - Contracts,80,0,5,10,15,15,15,0,10,5,5,0
2014,QA,QAT,Qatar,ODB.2013.D1,D1 - Map,5,0,5,0,0,0,0,0,0,0,0,0
2014,QA,QAT,Qatar,ODB.2013.D2,D2 - Land,5,0,5,0,0,0,0,0,0,0,0,0
2014,QA,QAT,Qatar,ODB.2013.D4,D4 - Census,40,0,5,10,15,0,15,0,-5,0,0,0
2014,QA,QAT,Qatar,ODB.2013.D5,D5 - Budget,15,0,5,10,0,0,0,0,0,0,0,0
2014,QA,QAT,Qatar,ODB.2013.D6,D6 - Spend,5,0,5,0,0,0,0,0,0,0,0,0
2014,QA,QAT,Qatar,ODB.2013.D7,D7 - Company,15,0,5,10,0,0,0,0,0,0,0,0
2014,QA,QAT,Qatar,ODB.2013.D8,D8 - Legislation,15,0,5,10,0,0,0,0,0,0,0,0
2014,QA,QAT,Qatar,ODB.2013.D9,D9 - Transport,5,0,5,0,0,0,0,0,0,0,0,0
2014,QA,QAT,Qatar,ODB.2013.D10,D10 - Trade,40,0,5,10,15,0,15,0,-5,0,0,0
2014,QA,QAT,Qatar,ODB.2013.D11,D11 - Health,10,0,5,10,0,0,0,0,-5,0,0,0
2014,QA,QAT,Qatar,ODB.2013.D12,D12 - Education,10,0,5,10,0,0,0,0,-5,0,0,0
2014,QA,QAT,Qatar,ODB.2013.D13,D13 - Crime,5,0,5,0,0,0,0,0,0,0,0,0
2014,QA,QAT,Qatar,ODB.2013.D14,D14 - Environment,5,0,5,0,0,0,0,0,0,0,0,0
2014,QA,QAT,Qatar,ODB.2013.D15,D15 - Elections,0,0,0,0,0,0,0,0,0,0,0,0
2014,QA,QAT,Qatar,ODB.2013.D16,D16 - Contracts,5,0,5,0,0,0,0,0,0,0,0,0
2014,RU,RUS,Russia,ODB.2013.D1,D1 - Map,5,0,5,0,0,0,0,0,0,0,0,0
2014,RU,RUS,Russia,ODB.2013.D2,D2 - Land,60,0,5,10,15,15,15,0,-5,5,0,0
2014,RU,RUS,Russia,ODB.2013.D4,D4 - Census,75,0,5,10,15,0,15,15,10,0,5,0
2014,RU,RUS,Russia,ODB.2013.D5,D5 - Budget,75,1,5,10,15,15,15,15,-5,0,5,0
2014,RU,RUS,Russia,ODB.2013.D6,D6 - Spend,70,1,5,10,15,15,15,15,-5,0,0,0
2014,RU,RUS,Russia,ODB.2013.D7,D7 - Company,15,0,5,10,0,0,0,0,0,0,0,0
2014,RU,RUS,Russia,ODB.2013.D8,D8 - Legislation,15,0,5,10,0,0,0,0,0,0,0,0
2014,RU,RUS,Russia,ODB.2013.D9,D9 - Transport,15,0,5,10,0,0,0,0,0,0,0,0
2014,RU,RUS,Russia,ODB.2013.D10,D10 - Trade,70,0,5,10,15,0,15,15,10,0,0,0
2014,RU,RUS,Russia,ODB.2013.D11,D11 - Health,70,0,5,10,15,0,15,15,10,0,0,0
2014,RU,RUS,Russia,ODB.2013.D12,D12 - Education,70,1,5,10,15,15,15,15,-5,0,0,0
2014,RU,RUS,Russia,ODB.2013.D13,D13 - Crime,70,1,5,10,15,15,15,15,-5,0,0,0
2014,RU,RUS,Russia,ODB.2013.D14,D14 - Environment,70,0,5,10,15,0,15,15,10,0,0,0
2014,RU,RUS,Russia,ODB.2013.D15,D15 - Elections,15,0,5,10,0,0,0,0,0,0,0,0
2014,RU,RUS,Russia,ODB.2013.D16,D16 - Contracts,15,0,5,10,0,0,0,0,0,0,0,0
2014,RW,RWA,Rwanda,ODB.2013.D1,D1 - Map,75,0,5,10,15,15,15,0,10,0,5,0
2014,RW,RWA,Rwanda,ODB.2013.D2,D2 - Land,5,0,5,0,0,0,0,0,0,0,0,0
2014,RW,RWA,Rwanda,ODB.2013.D4,D4 - Census,80,0,5,10,15,15,15,0,10,5,5,0
2014,RW,RWA,Rwanda,ODB.2013.D5,D5 - Budget,15,0,5,10,0,0,0,0,0,0,0,0
2014,RW,RWA,Rwanda,ODB.2013.D6,D6 - Spend,5,0,5,0,0,0,0,0,0,0,0,0
2014,RW,RWA,Rwanda,ODB.2013.D7,D7 - Company,5,0,5,0,0,0,0,0,0,0,0,0
2014,RW,RWA,Rwanda,ODB.2013.D8,D8 - Legislation,5,0,5,0,0,0,0,0,0,0,0,0
2014,RW,RWA,Rwanda,ODB.2013.D9,D9 - Transport,0,0,0,0,0,0,0,0,0,0,0,0
2014,RW,RWA,Rwanda,ODB.2013.D10,D10 - Trade,40,0,5,10,15,0,15,0,-5,0,0,0
2014,RW,RWA,Rwanda,ODB.2013.D11,D11 - Health,60,0,5,10,15,15,15,0,-5,0,5,0
2014,RW,RWA,Rwanda,ODB.2013.D12,D12 - Education,10,0,5,10,0,0,0,0,-5,0,0,0
2014,RW,RWA,Rwanda,ODB.2013.D13,D13 - Crime,75,0,5,10,15,15,15,0,10,5,0,0
2014,RW,RWA,Rwanda,ODB.2013.D14,D14 - Environment,75,0,5,10,15,15,15,0,10,0,5,0
2014,RW,RWA,Rwanda,ODB.2013.D15,D15 - Elections,75,0,5,10,15,15,15,0,10,0,5,0
2014,RW,RWA,Rwanda,ODB.2013.D16,D16 - Contracts,5,0,5,0,0,0,0,0,0,0,0,0
2014,SA,SAU,Saudi Arabia,ODB.2013.D1,D1 - Map,10,0,5,10,0,0,0,0,-5,0,0,0
2014,SA,SAU,Saudi Arabia,ODB.2013.D2,D2 - Land,5,0,5,0,0,0,0,0,0,0,0,0
2014,SA,SAU,Saudi Arabia,ODB.2013.D4,D4 - Census,60,0,5,10,15,0,15,0,10,0,5,0
2014,SA,SAU,Saudi Arabia,ODB.2013.D5,D5 - Budget,10,0,5,10,0,0,0,0,-5,0,0,0
2014,SA,SAU,Saudi Arabia,ODB.2013.D6,D6 - Spend,5,0,5,0,0,0,0,0,0,0,0,0
2014,SA,SAU,Saudi Arabia,ODB.2013.D7,D7 - Company,15,0,5,10,0,0,0,0,0,0,0,0
2014,SA,SAU,Saudi Arabia,ODB.2013.D8,D8 - Legislation,5,0,5,0,0,0,0,0,0,0,0,0
2014,SA,SAU,Saudi Arabia,ODB.2013.D9,D9 - Transport,5,0,5,0,0,0,0,0,0,0,0,0
2014,SA,SAU,Saudi Arabia,ODB.2013.D10,D10 - Trade,40,0,5,10,15,0,15,0,-5,0,0,0
2014,SA,SAU,Saudi Arabia,ODB.2013.D11,D11 - Health,40,0,5,10,15,0,15,0,-5,0,0,0
2014,SA,SAU,Saudi Arabia,ODB.2013.D12,D12 - Education,40,0,5,10,15,0,15,0,-5,0,0,0
2014,SA,SAU,Saudi Arabia,ODB.2013.D13,D13 - Crime,5,0,5,0,0,0,0,0,0,0,0,0
2014,SA,SAU,Saudi Arabia,ODB.2013.D14,D14 - Environment,5,0,5,0,0,0,0,0,0,0,0,0
2014,SA,SAU,Saudi Arabia,ODB.2013.D15,D15 - Elections,5,0,5,0,0,0,0,0,0,0,0,0
2014,SA,SAU,Saudi Arabia,ODB.2013.D16,D16 - Contracts,5,0,5,0,0,0,0,0,0,0,0,0
2014,SN,SEN,Senegal,ODB.2013.D1,D1 - Map,5,0,5,0,0,0,0,0,0,0,0,0
2014,SN,SEN,Senegal,ODB.2013.D2,D2 - Land,5,0,5,0,0,0,0,0,0,0,0,0
2014,SN,SEN,Senegal,ODB.2013.D4,D4 - Census,45,0,5,10,15,0,15,0,-5,0,5,0
2014,SN,SEN,Senegal,ODB.2013.D5,D5 - Budget,15,0,5,10,0,0,0,0,0,0,0,0
2014,SN,SEN,Senegal,ODB.2013.D6,D6 - Spend,5,0,5,0,0,0,0,0,0,0,0,0
2014,SN,SEN,Senegal,ODB.2013.D7,D7 - Company,5,0,5,0,0,0,0,0,0,0,0,0
2014,SN,SEN,Senegal,ODB.2013.D8,D8 - Legislation,10,0,5,10,0,0,0,0,-5,0,0,0
2014,SN,SEN,Senegal,ODB.2013.D9,D9 - Transport,0,0,0,0,0,0,0,0,0,0,0,0
2014,SN,SEN,Senegal,ODB.2013.D10,D10 - Trade,15,0,5,10,0,0,0,0,0,0,0,0
2014,SN,SEN,Senegal,ODB.2013.D11,D11 - Health,15,0,5,10,0,0,0,0,0,0,0,0
2014,SN,SEN,Senegal,ODB.2013.D12,D12 - Education,15,0,5,10,0,0,0,0,0,0,0,0
2014,SN,SEN,Senegal,ODB.2013.D13,D13 - Crime,0,0,0,0,0,0,0,0,0,0,0,0
2014,SN,SEN,Senegal,ODB.2013.D14,D14 - Environment,0,0,0,0,0,0,0,0,0,0,0,0
2014,SN,SEN,Senegal,ODB.2013.D15,D15 - Elections,5,0,5,0,0,0,0,0,0,0,0,0
2014,SN,SEN,Senegal,ODB.2013.D16,D16 - Contracts,15,0,5,10,0,0,0,0,0,0,0,0
2014,SL,SLE,Sierra Leone,ODB.2013.D1,D1 - Map,0,0,0,0,0,0,0,0,0,0,0,0
2014,SL,SLE,Sierra Leone,ODB.2013.D2,D2 - Land,0,0,0,0,0,0,0,0,0,0,0,0
2014,SL,SLE,Sierra Leone,ODB.2013.D4,D4 - Census,15,0,5,10,0,0,0,0,0,0,0,0
2014,SL,SLE,Sierra Leone,ODB.2013.D5,D5 - Budget,15,0,5,10,0,0,0,0,0,0,0,0
2014,SL,SLE,Sierra Leone,ODB.2013.D6,D6 - Spend,60,0,5,10,15,0,15,15,-5,0,5,0
2014,SL,SLE,Sierra Leone,ODB.2013.D7,D7 - Company,5,0,5,0,0,0,0,0,0,0,0,0
2014,SL,SLE,Sierra Leone,ODB.2013.D8,D8 - Legislation,5,0,5,0,0,0,0,0,0,0,0,0
2014,SL,SLE,Sierra Leone,ODB.2013.D9,D9 - Transport,0,0,0,0,0,0,0,0,0,0,0,0
2014,SL,SLE,Sierra Leone,ODB.2013.D10,D10 - Trade,10,0,5,10,0,0,0,0,-5,0,0,0
2014,SL,SLE,Sierra Leone,ODB.2013.D11,D11 - Health,15,0,5,10,0,0,0,0,0,0,0,0
2014,SL,SLE,Sierra Leone,ODB.2013.D12,D12 - Education,10,0,5,10,0,0,0,0,-5,0,0,0
2014,SL,SLE,Sierra Leone,ODB.2013.D13,D13 - Crime,10,0,5,10,0,0,0,0,-5,0,0,0
2014,SL,SLE,Sierra Leone,ODB.2013.D14,D14 - Environment,0,0,0,0,0,0,0,0,0,0,0,0
2014,SL,SLE,Sierra Leone,ODB.2013.D15,D15 - Elections,15,0,5,10,0,0,0,0,0,0,0,0
2014,SL,SLE,Sierra Leone,ODB.2013.D16,D16 - Contracts,0,0,0,0,0,0,0,0,0,0,0,0
2014,SG,SGP,Singapore,ODB.2013.D1,D1 - Map,10,0,5,10,0,0,0,0,-5,0,0,0
2014,SG,SGP,Singapore,ODB.2013.D2,D2 - Land,10,0,5,10,0,0,0,0,-5,0,0,0
2014,SG,SGP,Singapore,ODB.2013.D4,D4 - Census,65,0,5,10,15,0,15,0,10,5,5,0
2014,SG,SGP,Singapore,ODB.2013.D5,D5 - Budget,65,0,5,10,15,0,15,0,10,5,5,0
2014,SG,SGP,Singapore,ODB.2013.D6,D6 - Spend,5,0,5,0,0,0,0,0,0,0,0,0
2014,SG,SGP,Singapore,ODB.2013.D7,D7 - Company,10,0,5,10,0,0,0,0,-5,0,0,0
2014,SG,SGP,Singapore,ODB.2013.D8,D8 - Legislation,15,0,5,10,0,0,0,0,0,0,0,0
2014,SG,SGP,Singapore,ODB.2013.D9,D9 - Transport,40,0,5,10,15,0,15,0,-5,0,0,0
2014,SG,SGP,Singapore,ODB.2013.D10,D10 - Trade,65,0,5,10,15,0,15,0,10,5,5,0
2014,SG,SGP,Singapore,ODB.2013.D11,D11 - Health,80,0,5,10,15,0,15,15,10,5,5,0
2014,SG,SGP,Singapore,ODB.2013.D12,D12 - Education,65,0,5,10,15,0,15,0,10,5,5,0
2014,SG,SGP,Singapore,ODB.2013.D13,D13 - Crime,65,0,5,10,15,0,15,0,10,5,5,0
2014,SG,SGP,Singapore,ODB.2013.D14,D14 - Environment,65,0,5,10,15,0,15,0,10,5,5,0
2014,SG,SGP,Singapore,ODB.2013.D15,D15 - Elections,15,0,5,10,0,0,0,0,0,0,0,0
2014,SG,SGP,Singapore,ODB.2013.D16,D16 - Contracts,15,0,5,10,0,0,0,0,0,0,0,0
2014,ZA,SVK,South Africa,ODB.2013.D1,D1 - Map,10,0,5,10,0,0,0,0,-5,0,0,0
2014,ZA,SVK,South Africa,ODB.2013.D2,D2 - Land,25,0,5,10,15,0,0,0,-5,0,0,0
2014,ZA,SVK,South Africa,ODB.2013.D4,D4 - Census,15,0,5,10,0,0,0,0,0,0,0,0
2014,ZA,SVK,South Africa,ODB.2013.D5,D5 - Budget,65,0,5,10,15,0,15,0,10,5,5,0
2014,ZA,SVK,South Africa,ODB.2013.D6,D6 - Spend,5,0,5,0,0,0,0,0,0,0,0,0
2014,ZA,SVK,South Africa,ODB.2013.D7,D7 - Company,5,0,5,0,0,0,0,0,0,0,0,0
2014,ZA,SVK,South Africa,ODB.2013.D8,D8 - Legislation,15,0,5,10,0,0,0,0,0,0,0,0
2014,ZA,SVK,South Africa,ODB.2013.D9,D9 - Transport,15,0,5,10,0,0,0,0,0,0,0,0
2014,ZA,SVK,South Africa,ODB.2013.D10,D10 - Trade,65,0,5,10,15,0,15,0,10,5,5,0
2014,ZA,SVK,South Africa,ODB.2013.D11,D11 - Health,10,0,5,10,0,0,0,0,-5,0,0,0
2014,ZA,SVK,South Africa,ODB.2013.D12,D12 - Education,65,0,5,10,15,0,15,0,10,5,5,0
2014,ZA,SVK,South Africa,ODB.2013.D13,D13 - Crime,80,0,5,10,15,15,15,0,10,5,5,0
2014,ZA,SVK,South Africa,ODB.2013.D14,D14 - Environment,10,0,5,10,0,0,0,0,-5,0,0,0
2014,ZA,SVK,South Africa,ODB.2013.D15,D15 - Elections,80,0,5,10,15,15,15,0,10,5,5,0
2014,ZA,SVK,South Africa,ODB.2013.D16,D16 - Contracts,15,0,5,10,0,0,0,0,0,0,0,0
2014,ES,ESP,Spain,ODB.2013.D1,D1 - Map,95,1,5,10,15,15,15,15,10,5,5,0
2014,ES,ESP,Spain,ODB.2013.D2,D2 - Land,15,0,5,10,0,0,0,0,0,0,0,0
2014,ES,ESP,Spain,ODB.2013.D4,D4 - Census,80,0,5,10,15,15,15,0,10,5,5,0
2014,ES,ESP,Spain,ODB.2013.D5,D5 - Budget,15,0,5,10,0,0,0,0,0,0,0,0
2014,ES,ESP,Spain,ODB.2013.D6,D6 - Spend,80,0,5,10,15,15,15,0,10,5,5,0
2014,ES,ESP,Spain,ODB.2013.D7,D7 - Company,15,0,5,10,0,0,0,0,0,0,0,0
2014,ES,ESP,Spain,ODB.2013.D8,D8 - Legislation,15,0,5,10,0,0,0,0,0,0,0,0
2014,ES,ESP,Spain,ODB.2013.D9,D9 - Transport,95,1,5,10,15,15,15,15,10,5,5,0
2014,ES,ESP,Spain,ODB.2013.D10,D10 - Trade,80,0,5,10,15,15,15,0,10,5,5,0
2014,ES,ESP,Spain,ODB.2013.D11,D11 - Health,65,0,5,10,15,15,15,0,-5,5,5,0
2014,ES,ESP,Spain,ODB.2013.D12,D12 - Education,65,0,5,10,15,15,15,0,-5,5,5,0
2014,ES,ESP,Spain,ODB.2013.D13,D13 - Crime,95,1,5,10,15,15,15,15,10,5,5,0
2014,ES,ESP,Spain,ODB.2013.D14,D14 - Environment,15,0,5,10,0,0,0,0,0,0,0,0
2014,ES,ESP,Spain,ODB.2013.D15,D15 - Elections,80,0,5,10,15,15,15,0,10,5,5,0
2014,ES,ESP,Spain,ODB.2013.D16,D16 - Contracts,65,0,5,10,15,0,15,0,10,5,5,0
2014,SE,SWE,Sweden,ODB.2013.D1,D1 - Map,50,0,5,10,15,0,0,0,10,5,5,0
2014,SE,SWE,Sweden,ODB.2013.D2,D2 - Land,60,0,5,10,15,15,0,0,10,5,0,0
2014,SE,SWE,Sweden,ODB.2013.D4,D4 - Census,95,1,5,10,15,15,15,15,10,5,5,0
2014,SE,SWE,Sweden,ODB.2013.D5,D5 - Budget,80,0,5,10,15,0,15,15,10,5,5,0
2014,SE,SWE,Sweden,ODB.2013.D6,D6 - Spend,95,1,5,10,15,15,15,15,10,5,5,0
2014,SE,SWE,Sweden,ODB.2013.D7,D7 - Company,65,0,5,10,15,15,0,0,10,5,5,0
2014,SE,SWE,Sweden,ODB.2013.D8,D8 - Legislation,15,0,5,10,0,0,0,0,0,0,0,0
2014,SE,SWE,Sweden,ODB.2013.D9,D9 - Transport,95,1,5,10,15,15,15,15,10,5,5,0
2014,SE,SWE,Sweden,ODB.2013.D10,D10 - Trade,95,1,5,10,15,15,15,15,10,5,5,0
2014,SE,SWE,Sweden,ODB.2013.D11,D11 - Health,60,0,5,10,15,0,15,0,10,5,0,0
2014,SE,SWE,Sweden,ODB.2013.D12,D12 - Education,95,1,5,10,15,15,15,15,10,5,5,0
2014,SE,SWE,Sweden,ODB.2013.D13,D13 - Crime,80,0,5,10,15,0,15,15,10,5,5,0
2014,SE,SWE,Sweden,ODB.2013.D14,D14 - Environment,95,1,5,10,15,15,15,15,10,5,5,0
2014,SE,SWE,Sweden,ODB.2013.D15,D15 - Elections,100,1,5,10,15,15,15,15,10,5,5,5
2014,SE,SWE,Sweden,ODB.2013.D16,D16 - Contracts,15,0,5,10,0,0,0,0,0,0,0,0
2014,CH,CHE,Switzerland,ODB.2013.D1,D1 - Map,15,0,5,10,0,0,0,0,0,0,0,0
2014,CH,CHE,Switzerland,ODB.2013.D2,D2 - Land,5,0,5,0,0,0,0,0,0,0,0,0
2014,CH,CHE,Switzerland,ODB.2013.D4,D4 - Census,95,1,5,10,15,15,15,15,10,5,5,0
2014,CH,CHE,Switzerland,ODB.2013.D5,D5 - Budget,15,0,5,10,0,0,0,0,0,0,0,0
2014,CH,CHE,Switzerland,ODB.2013.D6,D6 - Spend,5,0,5,0,0,0,0,0,0,0,0,0
2014,CH,CHE,Switzerland,ODB.2013.D7,D7 - Company,15,0,5,10,0,0,0,0,0,0,0,0
2014,CH,CHE,Switzerland,ODB.2013.D8,D8 - Legislation,15,0,5,10,0,0,0,0,0,0,0,0
2014,CH,CHE,Switzerland,ODB.2013.D9,D9 - Transport,15,0,5,10,0,0,0,0,0,0,0,0
2014,CH,CHE,Switzerland,ODB.2013.D10,D10 - Trade,50,0,5,10,15,0,0,0,10,5,5,0
2014,CH,CHE,Switzerland,ODB.2013.D11,D11 - Health,80,1,5,10,15,15,15,15,-5,5,5,0
2014,CH,CHE,Switzerland,ODB.2013.D12,D12 - Education,70,0,5,10,15,15,15,0,10,0,0,0
2014,CH,CHE,Switzerland,ODB.2013.D13,D13 - Crime,75,0,5,10,15,15,15,0,10,0,5,0
2014,CH,CHE,Switzerland,ODB.2013.D14,D14 - Environment,15,0,5,10,0,0,0,0,0,0,0,0
2014,CH,CHE,Switzerland,ODB.2013.D15,D15 - Elections,80,0,5,10,15,15,15,0,10,5,5,0
2014,CH,CHE,Switzerland,ODB.2013.D16,D16 - Contracts,15,0,5,10,0,0,0,0,0,0,0,0
2014,TZ,TZA,Tanzania,ODB.2013.D1,D1 - Map,5,0,5,0,0,0,0,0,0,0,0,0
2014,TZ,TZA,Tanzania,ODB.2013.D2,D2 - Land,5,0,5,0,0,0,0,0,0,0,0,0
2014,TZ,TZA,Tanzania,ODB.2013.D4,D4 - Census,60,0,5,10,15,0,15,0,10,0,5,0
2014,TZ,TZA,Tanzania,ODB.2013.D5,D5 - Budget,15,0,5,10,0,0,0,0,0,0,0,0
2014,TZ,TZA,Tanzania,ODB.2013.D6,D6 - Spend,15,0,5,10,0,0,0,0,0,0,0,0
2014,TZ,TZA,Tanzania,ODB.2013.D7,D7 - Company,15,0,5,10,0,0,0,0,0,0,0,0
2014,TZ,TZA,Tanzania,ODB.2013.D8,D8 - Legislation,10,0,5,10,0,0,0,0,-5,0,0,0
2014,TZ,TZA,Tanzania,ODB.2013.D9,D9 - Transport,0,0,0,0,0,0,0,0,0,0,0,0
2014,TZ,TZA,Tanzania,ODB.2013.D10,D10 - Trade,15,0,5,10,0,0,0,0,0,0,0,0
2014,TZ,TZA,Tanzania,ODB.2013.D11,D11 - Health,10,0,5,10,0,0,0,0,-5,0,0,0
2014,TZ,TZA,Tanzania,ODB.2013.D12,D12 - Education,50,0,5,10,15,0,15,0,-5,5,5,0
2014,TZ,TZA,Tanzania,ODB.2013.D13,D13 - Crime,10,0,5,10,0,0,0,0,-5,0,0,0
2014,TZ,TZA,Tanzania,ODB.2013.D14,D14 - Environment,10,0,5,10,0,0,0,0,-5,0,0,0
2014,TZ,TZA,Tanzania,ODB.2013.D15,D15 - Elections,15,0,5,10,0,0,0,0,0,0,0,0
2014,TZ,TZA,Tanzania,ODB.2013.D16,D16 - Contracts,15,0,5,10,0,0,0,0,0,0,0,0
2014,TH,THA,Thailand,ODB.2013.D1,D1 - Map,5,0,5,0,0,0,0,0,0,0,0,0
2014,TH,THA,Thailand,ODB.2013.D2,D2 - Land,5,0,5,0,0,0,0,0,0,0,0,0
2014,TH,THA,Thailand,ODB.2013.D4,D4 - Census,80,0,5,10,15,15,15,0,10,5,5,0
2014,TH,THA,Thailand,ODB.2013.D5,D5 - Budget,15,0,5,10,0,0,0,0,0,0,0,0
2014,TH,THA,Thailand,ODB.2013.D6,D6 - Spend,5,0,5,0,0,0,0,0,0,0,0,0
2014,TH,THA,Thailand,ODB.2013.D7,D7 - Company,60,0,5,10,15,0,15,0,10,5,0,0
2014,TH,THA,Thailand,ODB.2013.D8,D8 - Legislation,10,0,5,10,0,0,0,0,-5,0,0,0
2014,TH,THA,Thailand,ODB.2013.D9,D9 - Transport,15,0,5,10,0,0,0,0,0,0,0,0
2014,TH,THA,Thailand,ODB.2013.D10,D10 - Trade,15,0,5,10,0,0,0,0,0,0,0,0
2014,TH,THA,Thailand,ODB.2013.D11,D11 - Health,10,0,5,10,0,0,0,0,-5,0,0,0
2014,TH,THA,Thailand,ODB.2013.D12,D12 - Education,40,0,5,10,15,0,15,0,-5,0,0,0
2014,TH,THA,Thailand,ODB.2013.D13,D13 - Crime,40,0,5,10,15,0,15,0,-5,0,0,0
2014,TH,THA,Thailand,ODB.2013.D14,D14 - Environment,5,0,5,0,0,0,0,0,0,0,0,0
2014,TH,THA,Thailand,ODB.2013.D15,D15 - Elections,15,0,5,10,0,0,0,0,0,0,0,0
2014,TH,THA,Thailand,ODB.2013.D16,D16 - Contracts,15,0,5,10,0,0,0,0,0,0,0,0
2014,TN,TUN,Tunisia,ODB.2013.D1,D1 - Map,5,0,5,0,0,0,0,0,0,0,0,0
2014,TN,TUN,Tunisia,ODB.2013.D2,D2 - Land,5,0,5,0,0,0,0,0,0,0,0,0
2014,TN,TUN,Tunisia,ODB.2013.D4,D4 - Census,60,0,5,10,15,0,15,0,10,0,5,0
2014,TN,TUN,Tunisia,ODB.2013.D5,D5 - Budget,15,0,5,10,0,0,0,0,0,0,0,0
2014,TN,TUN,Tunisia,ODB.2013.D6,D6 - Spend,5,0,5,0,0,0,0,0,0,0,0,0
2014,TN,TUN,Tunisia,ODB.2013.D7,D7 - Company,15,0,5,10,0,0,0,0,0,0,0,0
2014,TN,TUN,Tunisia,ODB.2013.D8,D8 - Legislation,15,0,5,10,0,0,0,0,0,0,0,0
2014,TN,TUN,Tunisia,ODB.2013.D9,D9 - Transport,15,0,5,10,0,0,0,0,0,0,0,0
2014,TN,TUN,Tunisia,ODB.2013.D10,D10 - Trade,10,0,5,10,0,0,0,0,-5,0,0,0
2014,TN,TUN,Tunisia,ODB.2013.D11,D11 - Health,10,0,5,10,0,0,0,0,-5,0,0,0
2014,TN,TUN,Tunisia,ODB.2013.D12,D12 - Education,40,0,5,10,15,0,15,0,-5,0,0,0
2014,TN,TUN,Tunisia,ODB.2013.D13,D13 - Crime,75,0,5,10,15,0,15,15,10,0,5,0
2014,TN,TUN,Tunisia,ODB.2013.D14,D14 - Environment,10,0,5,10,0,0,0,0,-5,0,0,0
2014,TN,TUN,Tunisia,ODB.2013.D15,D15 - Elections,15,0,5,10,0,0,0,0,0,0,0,0
2014,TN,TUN,Tunisia,ODB.2013.D16,D16 - Contracts,15,0,5,10,0,0,0,0,0,0,0,0
2014,TR,TUR,Turkey,ODB.2013.D1,D1 - Map,15,0,5,10,0,0,0,0,0,0,0,0
2014,TR,TUR,Turkey,ODB.2013.D2,D2 - Land,5,0,5,0,0,0,0,0,0,0,0,0
2014,TR,TUR,Turkey,ODB.2013.D4,D4 - Census,65,0,5,10,15,0,15,0,10,5,5,0
2014,TR,TUR,Turkey,ODB.2013.D5,D5 - Budget,60,0,5,10,15,15,15,0,-5,5,0,0
2014,TR,TUR,Turkey,ODB.2013.D6,D6 - Spend,5,0,5,0,0,0,0,0,0,0,0,0
2014,TR,TUR,Turkey,ODB.2013.D7,D7 - Company,5,0,5,0,0,0,0,0,0,0,0,0
2014,TR,TUR,Turkey,ODB.2013.D8,D8 - Legislation,15,0,5,10,0,0,0,0,0,0,0,0
2014,TR,TUR,Turkey,ODB.2013.D9,D9 - Transport,15,0,5,10,0,0,0,0,0,0,0,0
2014,TR,TUR,Turkey,ODB.2013.D10,D10 - Trade,80,0,5,10,15,15,15,0,10,5,5,0
2014,TR,TUR,Turkey,ODB.2013.D11,D11 - Health,40,0,5,10,15,0,15,0,-5,0,0,0
2014,TR,TUR,Turkey,ODB.2013.D12,D12 - Education,80,0,5,10,15,15,15,0,10,5,5,0
2014,TR,TUR,Turkey,ODB.2013.D13,D13 - Crime,45,0,5,10,15,0,15,0,-5,0,5,0
2014,TR,TUR,Turkey,ODB.2013.D14,D14 - Environment,45,0,5,10,15,0,15,0,-5,0,5,0
2014,TR,TUR,Turkey,ODB.2013.D15,D15 - Elections,55,0,5,10,15,0,15,0,10,0,0,0
2014,TR,TUR,Turkey,ODB.2013.D16,D16 - Contracts,5,0,5,0,0,0,0,0,0,0,0,0
2014,AE,ARE,UAE,ODB.2013.D1,D1 - Map,10,0,5,10,0,0,0,0,-5,0,0,0
2014,AE,ARE,UAE,ODB.2013.D2,D2 - Land,5,0,5,0,0,0,0,0,0,0,0,0
2014,AE,ARE,UAE,ODB.2013.D4,D4 - Census,60,0,5,10,15,0,15,15,-5,0,5,0
2014,AE,ARE,UAE,ODB.2013.D5,D5 - Budget,40,0,5,10,15,0,15,0,-5,0,0,0
2014,AE,ARE,UAE,ODB.2013.D6,D6 - Spend,5,0,5,0,0,0,0,0,0,0,0,0
2014,AE,ARE,UAE,ODB.2013.D7,D7 - Company,5,0,5,0,0,0,0,0,0,0,0,0
2014,AE,ARE,UAE,ODB.2013.D8,D8 - Legislation,10,0,5,10,0,0,0,0,-5,0,0,0
2014,AE,ARE,UAE,ODB.2013.D9,D9 - Transport,15,0,5,10,0,0,0,0,0,0,0,0
2014,AE,ARE,UAE,ODB.2013.D10,D10 - Trade,60,0,5,10,15,0,15,0,10,0,5,0
2014,AE,ARE,UAE,ODB.2013.D11,D11 - Health,65,0,5,10,15,0,15,0,10,5,5,0
2014,AE,ARE,UAE,ODB.2013.D12,D12 - Education,45,0,5,10,15,0,15,0,-5,5,0,0
2014,AE,ARE,UAE,ODB.2013.D13,D13 - Crime,10,0,5,10,0,0,0,0,-5,0,0,0
2014,AE,ARE,UAE,ODB.2013.D14,D14 - Environment,5,0,5,0,0,0,0,0,0,0,0,0
2014,AE,ARE,UAE,ODB.2013.D15,D15 - Elections,15,0,5,10,0,0,0,0,0,0,0,0
2014,AE,ARE,UAE,ODB.2013.D16,D16 - Contracts,5,0,5,0,0,0,0,0,0,0,0,0
2014,UG,UGA,Uganda,ODB.2013.D1,D1 - Map,5,0,5,0,0,0,0,0,0,0,0,0
2014,UG,UGA,Uganda,ODB.2013.D2,D2 - Land,5,0,5,0,0,0,0,0,0,0,0,0
2014,UG,UGA,Uganda,ODB.2013.D4,D4 - Census,65,0,5,10,15,0,15,0,10,5,5,0
2014,UG,UGA,Uganda,ODB.2013.D5,D5 - Budget,15,0,5,10,0,0,0,0,0,0,0,0
2014,UG,UGA,Uganda,ODB.2013.D6,D6 - Spend,15,0,5,10,0,0,0,0,0,0,0,0
2014,UG,UGA,Uganda,ODB.2013.D7,D7 - Company,5,0,5,0,0,0,0,0,0,0,0,0
2014,UG,UGA,Uganda,ODB.2013.D8,D8 - Legislation,15,0,5,10,0,0,0,0,0,0,0,0
2014,UG,UGA,Uganda,ODB.2013.D9,D9 - Transport,0,0,0,0,0,0,0,0,0,0,0,0
2014,UG,UGA,Uganda,ODB.2013.D10,D10 - Trade,65,0,5,10,15,0,15,0,10,5,5,0
2014,UG,UGA,Uganda,ODB.2013.D11,D11 - Health,15,0,5,10,0,0,0,0,0,0,0,0
2014,UG,UGA,Uganda,ODB.2013.D12,D12 - Education,15,0,5,10,0,0,0,0,0,0,0,0
2014,UG,UGA,Uganda,ODB.2013.D13,D13 - Crime,15,0,5,10,0,0,0,0,0,0,0,0
2014,UG,UGA,Uganda,ODB.2013.D14,D14 - Environment,15,0,5,10,0,0,0,0,0,0,0,0
2014,UG,UGA,Uganda,ODB.2013.D15,D15 - Elections,15,0,5,10,0,0,0,0,0,0,0,0
2014,UG,UGA,Uganda,ODB.2013.D16,D16 - Contracts,15,0,5,10,0,0,0,0,0,0,0,0
2014,GB,GBR,UK,ODB.2013.D1,D1 - Map,100,1,5,10,15,15,15,15,10,5,5,5
2014,GB,GBR,UK,ODB.2013.D2,D2 - Land,100,1,5,10,15,15,15,15,10,5,5,5
2014,GB,GBR,UK,ODB.2013.D4,D4 - Census,90,1,5,10,15,15,15,15,10,5,0,0
2014,GB,GBR,UK,ODB.2013.D5,D5 - Budget,90,1,5,10,15,15,15,15,10,5,0,0
2014,GB,GBR,UK,ODB.2013.D6,D6 - Spend,95,1,5,10,15,15,15,15,10,5,5,0
2014,GB,GBR,UK,ODB.2013.D7,D7 - Company,100,1,5,10,15,15,15,15,10,5,5,5
2014,GB,GBR,UK,ODB.2013.D8,D8 - Legislation,100,1,5,10,15,15,15,15,10,5,5,5
2014,GB,GBR,UK,ODB.2013.D9,D9 - Transport,95,1,5,10,15,15,15,15,10,5,5,0
2014,GB,GBR,UK,ODB.2013.D10,D10 - Trade,95,1,5,10,15,15,15,15,10,5,5,0
2014,GB,GBR,UK,ODB.2013.D11,D11 - Health,95,1,5,10,15,15,15,15,10,5,5,0
2014,GB,GBR,UK,ODB.2013.D12,D12 - Education,95,1,5,10,15,15,15,15,10,5,5,0
2014,GB,GBR,UK,ODB.2013.D13,D13 - Crime,95,1,5,10,15,15,15,15,10,5,5,0
2014,GB,GBR,UK,ODB.2013.D14,D14 - Environment,80,0,5,10,15,0,15,15,10,5,5,0
2014,GB,GBR,UK,ODB.2013.D15,D15 - Elections,95,1,5,10,15,15,15,15,10,5,5,0
2014,GB,GBR,UK,ODB.2013.D16,D16 - Contracts,95,1,5,10,15,15,15,15,10,5,5,0
2014,UA,UKR,Ukraine,ODB.2013.D1,D1 - Map,15,0,5,10,0,0,0,0,0,0,0,0
2014,UA,UKR,Ukraine,ODB.2013.D2,D2 - Land,5,0,5,0,0,0,0,0,0,0,0,0
2014,UA,UKR,Ukraine,ODB.2013.D4,D4 - Census,45,0,5,10,15,0,15,0,-5,0,5,0
2014,UA,UKR,Ukraine,ODB.2013.D5,D5 - Budget,60,0,5,10,15,0,15,0,10,5,0,0
2014,UA,UKR,Ukraine,ODB.2013.D6,D6 - Spend,5,0,5,0,0,0,0,0,0,0,0,0
2014,UA,UKR,Ukraine,ODB.2013.D7,D7 - Company,15,0,5,10,0,0,0,0,0,0,0,0
2014,UA,UKR,Ukraine,ODB.2013.D8,D8 - Legislation,15,0,5,10,0,0,0,0,0,0,0,0
2014,UA,UKR,Ukraine,ODB.2013.D9,D9 - Transport,15,0,5,10,0,0,0,0,0,0,0,0
2014,UA,UKR,Ukraine,ODB.2013.D10,D10 - Trade,60,0,5,10,15,0,15,0,10,5,0,0
2014,UA,UKR,Ukraine,ODB.2013.D11,D11 - Health,15,0,5,10,0,0,0,0,0,0,0,0
2014,UA,UKR,Ukraine,ODB.2013.D12,D12 - Education,15,0,5,10,0,0,0,0,0,0,0,0
2014,UA,UKR,Ukraine,ODB.2013.D13,D13 - Crime,50,0,5,10,15,0,15,0,-5,5,5,0
2014,UA,UKR,Ukraine,ODB.2013.D14,D14 - Environment,15,0,5,10,0,0,0,0,0,0,0,0
2014,UA,UKR,Ukraine,ODB.2013.D15,D15 - Elections,15,0,5,10,0,0,0,0,0,0,0,0
2014,UA,UKR,Ukraine,ODB.2013.D16,D16 - Contracts,15,0,5,10,0,0,0,0,0,0,0,0
2014,UY,URY,Uruguay,ODB.2013.D1,D1 - Map,65,0,5,10,15,0,15,0,10,5,5,0
2014,UY,URY,Uruguay,ODB.2013.D2,D2 - Land,15,0,5,10,0,0,0,0,0,0,0,0
2014,UY,URY,Uruguay,ODB.2013.D4,D4 - Census,95,1,5,10,15,15,15,15,10,5,5,0
2014,UY,URY,Uruguay,ODB.2013.D5,D5 - Budget,80,0,5,10,15,15,15,0,10,5,5,0
2014,UY,URY,Uruguay,ODB.2013.D6,D6 - Spend,80,0,5,10,15,15,15,0,10,5,5,0
2014,UY,URY,Uruguay,ODB.2013.D7,D7 - Company,5,0,5,0,0,0,0,0,0,0,0,0
2014,UY,URY,Uruguay,ODB.2013.D8,D8 - Legislation,15,0,5,10,0,0,0,0,0,0,0,0
2014,UY,URY,Uruguay,ODB.2013.D9,D9 - Transport,95,1,5,10,15,15,15,15,10,5,5,0
2014,UY,URY,Uruguay,ODB.2013.D10,D10 - Trade,50,0,5,10,15,0,15,0,-5,5,5,0
2014,UY,URY,Uruguay,ODB.2013.D11,D11 - Health,45,0,5,10,15,0,15,0,-5,5,0,0
2014,UY,URY,Uruguay,ODB.2013.D12,D12 - Education,80,0,5,10,15,15,15,0,10,5,5,0
2014,UY,URY,Uruguay,ODB.2013.D13,D13 - Crime,15,0,5,10,0,0,0,0,0,0,0,0
2014,UY,URY,Uruguay,ODB.2013.D14,D14 - Environment,80,0,5,10,15,15,15,0,10,5,5,0
2014,UY,URY,Uruguay,ODB.2013.D15,D15 - Elections,15,0,5,10,0,0,0,0,0,0,0,0
2014,UY,USA,Uruguay,ODB.2013.D16,D16 - Contracts,15,0,5,10,0,0,0,0,0,0,0,0
2014,US,USA,US,ODB.2013.D1,D1 - Map,95,1,5,10,15,15,15,15,10,5,5,0
2014,US,USA,US,ODB.2013.D2,D2 - Land,5,0,5,0,0,0,0,0,0,0,0,0
2014,US,USA,US,ODB.2013.D4,D4 - Census,95,1,5,10,15,15,15,15,10,5,5,0
2014,US,USA,US,ODB.2013.D5,D5 - Budget,95,1,5,10,15,15,15,15,10,5,5,0
2014,US,USA,US,ODB.2013.D6,D6 - Spend,95,1,5,10,15,15,15,15,10,5,5,0
2014,US,USA,US,ODB.2013.D7,D7 - Company,15,0,5,10,0,0,0,0,0,0,0,0
2014,US,USA,US,ODB.2013.D8,D8 - Legislation,100,1,5,10,15,15,15,15,10,5,5,5
2014,US,USA,US,ODB.2013.D9,D9 - Transport,95,1,5,10,15,15,15,15,10,5,5,0
2014,US,USA,US,ODB.2013.D10,D10 - Trade,95,1,5,10,15,15,15,15,10,5,5,0
2014,US,USA,US,ODB.2013.D11,D11 - Health,100,1,5,10,15,15,15,15,10,5,5,5
2014,US,USA,US,ODB.2013.D12,D12 - Education,90,1,5,10,15,15,15,15,10,5,0,0
2014,US,USA,US,ODB.2013.D13,D13 - Crime,95,1,5,10,15,15,15,15,10,5,5,0
2014,US,USA,US,ODB.2013.D14,D14 - Environment,95,1,5,10,15,15,15,15,10,5,5,0
2014,US,USA,US,ODB.2013.D15,D15 - Elections,95,1,5,10,15,15,15,15,10,5,5,0
2014,US,USA,US,ODB.2013.D16,D16 - Contracts,95,1,5,10,15,15,15,15,10,5,5,0
2014,VE,VEN,Venezuela,ODB.2013.D1,D1 - Map,15,0,5,10,0,0,0,0,0,0,0,0
2014,VE,VEN,Venezuela,ODB.2013.D2,D2 - Land,5,0,5,0,0,0,0,0,0,0,0,0
2014,VE,VEN,Venezuela,ODB.2013.D4,D4 - Census,80,0,5,10,15,15,15,0,10,5,5,0
2014,VE,VEN,Venezuela,ODB.2013.D5,D5 - Budget,15,0,5,10,0,0,0,0,0,0,0,0
2014,VE,VEN,Venezuela,ODB.2013.D6,D6 - Spend,5,0,5,0,0,0,0,0,0,0,0,0
2014,VE,VEN,Venezuela,ODB.2013.D7,D7 - Company,5,0,5,0,0,0,0,0,0,0,0,0
2014,VE,VEN,Venezuela,ODB.2013.D8,D8 - Legislation,10,0,5,10,0,0,0,0,-5,0,0,0
2014,VE,VEN,Venezuela,ODB.2013.D9,D9 - Transport,0,0,0,0,0,0,0,0,0,0,0,0
2014,VE,VEN,Venezuela,ODB.2013.D10,D10 - Trade,80,0,5,10,15,15,15,0,10,5,5,0
2014,VE,VEN,Venezuela,ODB.2013.D11,D11 - Health,10,0,5,10,0,0,0,0,-5,0,0,0
2014,VE,VEN,Venezuela,ODB.2013.D12,D12 - Education,5,0,5,0,0,0,0,0,0,0,0,0
2014,VE,VEN,Venezuela,ODB.2013.D13,D13 - Crime,5,0,5,0,0,0,0,0,0,0,0,0
2014,VE,VEN,Venezuela,ODB.2013.D14,D14 - Environment,10,0,5,10,0,0,0,0,-5,0,0,0
2014,VE,VEN,Venezuela,ODB.2013.D15,D15 - Elections,15,0,5,10,0,0,0,0,0,0,0,0
2014,VE,VEN,Venezuela,ODB.2013.D16,D16 - Contracts,5,0,5,0,0,0,0,0,0,0,0,0
2014,VN,VNM,Vietnam,ODB.2013.D1,D1 - Map,5,0,5,0,0,0,0,0,0,0,0,0
2014,VN,VNM,Vietnam,ODB.2013.D2,D2 - Land,5,0,5,0,0,0,0,0,0,0,0,0
2014,VN,VNM,Vietnam,ODB.2013.D4,D4 - Census,60,0,5,10,15,0,15,0,10,5,0,0
2014,VN,VNM,Vietnam,ODB.2013.D5,D5 - Budget,40,0,5,10,15,0,15,0,-5,0,0,0
2014,VN,VNM,Vietnam,ODB.2013.D6,D6 - Spend,5,0,5,0,0,0,0,0,0,0,0,0
2014,VN,VNM,Vietnam,ODB.2013.D7,D7 - Company,15,0,5,10,0,0,0,0,0,0,0,0
2014,VN,VNM,Vietnam,ODB.2013.D8,D8 - Legislation,15,0,5,10,0,0,0,0,0,0,0,0
2014,VN,VNM,Vietnam,ODB.2013.D9,D9 - Transport,15,0,5,10,0,0,0,0,0,0,0,0
2014,VN,VNM,Vietnam,ODB.2013.D10,D10 - Trade,60,0,5,10,15,0,15,0,10,5,0,0
2014,VN,VNM,Vietnam,ODB.2013.D11,D11 - Health,60,0,5,10,15,0,15,0,10,5,0,0
2014,VN,VNM,Vietnam,ODB.2013.D12,D12 - Education,80,0,5,10,15,15,15,0,10,5,5,0
2014,VN,VNM,Vietnam,ODB.2013.D13,D13 - Crime,5,0,5,0,0,0,0,0,0,0,0,0
2014,VN,VNM,Vietnam,ODB.2013.D14,D14 - Environment,5,0,5,0,0,0,0,0,0,0,0,0
2014,VN,VNM,Vietnam,ODB.2013.D15,D15 - Elections,15,0,5,10,0,0,0,0,0,0,0,0
2014,VN,VNM,Vietnam,ODB.2013.D16,D16 - Contracts,15,0,5,10,0,0,0,0,0,0,0,0
2014,YE,YEM,Yemen,ODB.2013.D1,D1 - Map,10,0,5,10,0,0,0,0,-5,0,0,0
2014,YE,YEM,Yemen,ODB.2013.D2,D2 - Land,5,0,5,0,0,0,0,0,0,0,0,0
2014,YE,YEM,Yemen,ODB.2013.D4,D4 - Census,10,0,5,10,0,0,0,0,-5,0,0,0
2014,YE,YEM,Yemen,ODB.2013.D5,D5 - Budget,15,0,5,10,0,0,0,0,0,0,0,0
2014,YE,YEM,Yemen,ODB.2013.D6,D6 - Spend,5,0,5,0,0,0,0,0,0,0,0,0
2014,YE,YEM,Yemen,ODB.2013.D7,D7 - Company,10,0,5,10,0,0,0,0,-5,0,0,0
2014,YE,YEM,Yemen,ODB.2013.D8,D8 - Legislation,10,0,5,10,0,0,0,0,-5,0,0,0
2014,YE,YEM,Yemen,ODB.2013.D9,D9 - Transport,0,0,0,0,0,0,0,0,0,0,0,0
2014,YE,YEM,Yemen,ODB.2013.D10,D10 - Trade,10,0,5,10,0,0,0,0,-5,0,0,0
2014,YE,YEM,Yemen,ODB.2013.D11,D11 - Health,15,0,5,10,0,0,0,0,0,0,0,0
2014,YE,YEM,Yemen,ODB.2013.D12,D12 - Education,5,0,5,0,0,0,0,0,0,0,0,0
2014,YE,YEM,Yemen,ODB.2013.D13,D13 - Crime,5,0,5,0,0,0,0,0,0,0,0,0
2014,YE,YEM,Yemen,ODB.2013.D14,D14 - Environment,10,0,5,10,0,0,0,0,-5,0,0,0
2014,YE,YEM,Yemen,ODB.2013.D15,D15 - Elections,15,0,5,10,0,0,0,0,0,0,0,0
2014,YE,YEM,Yemen,ODB.2013.D16,D16 - Contracts,15,0,5,10,0,0,0,0,0,0,0,0
2014,ZM,ZMB,Zambia,ODB.2013.D1,D1 - Map,5,0,5,0,0,0,0,0,0,0,0,0
2014,ZM,ZMB,Zambia,ODB.2013.D2,D2 - Land,5,0,5,0,0,0,0,0,0,0,0,0
2014,ZM,ZMB,Zambia,ODB.2013.D4,D4 - Census,15,0,5,10,0,0,0,0,0,0,0,0
2014,ZM,ZMB,Zambia,ODB.2013.D5,D5 - Budget,10,0,5,10,0,0,0,0,-5,0,0,0
2014,ZM,ZMB,Zambia,ODB.2013.D6,D6 - Spend,5,0,5,0,0,0,0,0,0,0,0,0
2014,ZM,ZMB,Zambia,ODB.2013.D7,D7 - Company,5,0,5,0,0,0,0,0,0,0,0,0
2014,ZM,ZMB,Zambia,ODB.2013.D8,D8 - Legislation,15,0,5,10,0,0,0,0,0,0,0,0
2014,ZM,ZMB,Zambia,ODB.2013.D9,D9 - Transport,0,0,0,0,0,0,0,0,0,0,0,0
2014,ZM,ZMB,Zambia,ODB.2013.D10,D10 - Trade,60,0,5,10,15,15,15,0,-5,5,0,0
2014,ZM,ZMB,Zambia,ODB.2013.D11,D11 - Health,10,0,5,10,0,0,0,0,-5,0,0,0
2014,ZM,ZMB,Zambia,ODB.2013.D12,D12 - Education,5,0,5,0,0,0,0,0,0,0,0,0
2014,ZM,ZMB,Zambia,ODB.2013.D13,D13 - Crime,5,0,5,0,0,0,0,0,0,0,0,0
2014,ZM,ZMB,Zambia,ODB.2013.D14,D14 - Environment,0,0,0,0,0,0,0,0,0,0,0,0
2014,ZM,ZMB,Zambia,ODB.2013.D15,D15 - Elections,15,0,5,10,0,0,0,0,0,0,0,0
2014,ZM,ZMB,Zambia,ODB.2013.D16,D16 - Contracts,5,0,5,0,0,0,0,0,0,0,0,0
2014,ZW,ZWE,Zimbabwe,ODB.2013.D1,D1 - Map,5,0,5,0,0,0,0,0,0,0,0,0
2014,ZW,ZWE,Zimbabwe,ODB.2013.D2,D2 - Land,5,0,5,0,0,0,0,0,0,0,0,0
2014,ZW,ZWE,Zimbabwe,ODB.2013.D4,D4 - Census,40,0,5,10,15,0,15,0,-5,0,0,0
2014,ZW,ZWE,Zimbabwe,ODB.2013.D5,D5 - Budget,15,0,5,10,0,0,0,0,0,0,0,0
2014,ZW,ZWE,Zimbabwe,ODB.2013.D6,D6 - Spend,10,0,5,10,0,0,0,0,-5,0,0,0
2014,ZW,ZWE,Zimbabwe,ODB.2013.D7,D7 - Company,5,0,5,0,0,0,0,0,0,0,0,0
2014,ZW,ZWE,Zimbabwe,ODB.2013.D8,D8 - Legislation,15,0,5,10,0,0,0,0,0,0,0,0
2014,ZW,ZWE,Zimbabwe,ODB.2013.D9,D9 - Transport,0,0,0,0,0,0,0,0,0,0,0,0
2014,ZW,ZWE,Zimbabwe,ODB.2013.D10,D10 - Trade,45,0,5,10,15,0,15,0,-5,0,5,0
2014,ZW,ZWE,Zimbabwe,ODB.2013.D11,D11 - Health,10,0,5,10,0,0,0,0,-5,0,0,0
2014,ZW,ZWE,Zimbabwe,ODB.2013.D12,D12 - Education,5,0,5,0,0,0,0,0,0,0,0,0
2014,ZW,ZWE,Zimbabwe,ODB.2013.D13,D13 - Crime,10,0,5,10,0,0,0,0,-5,0,0,0
2014,ZW,ZWE,Zimbabwe,ODB.2013.D14,D14 - Environment,5,0,5,0,0,0,0,0,0,0,0,0
2014,ZW,ZWE,Zimbabwe,ODB.2013.D15,D15 - Elections,15,0,5,10,0,0,0,0,0,0,0,0
2014,ZW,ZWE,Zimbabwe,ODB.2013.D16,D16 - Contracts,5,0,5,0,0,0,0,0,0,0,0,0