year,iso2,iso3,odbrank,country,odbscorescaled,readinessscaled,implementationscaled,impactscaled,readinessgovernmentscaled,readinesscivilscaled,readinessbusinessscaled,readinessrank,implementationinnovationscaled,implementationsocialscaled,implementationaccountabilityscal,implementationdatasets_average,implementationrank,impactpoliticalscaled,impactsocialscaled,impacteconomicscaled,impactrank,region,odbscorechange,rankchange,clustergroup,readinesspoliciesscaled,readinessactionscaled,odbscore,readiness,implementation,impact,readinesspolicies,readinessaction,readinesscivil,readinessbusiness,implementationinnovation,implementationsocial,implementationaccountability,impactpolitical,impactsocial,impacteconomic,gwno,ccode,ifscode,ifs,lngdp_wdi_pw,fixed_broadband_internet_subscri,civil_society_participation_inde,direct_popular_vote_index,public_sector_corruption_index,executive_corruption_index,civil_liberties_index,government_effectiveness__estima,obfirst
,,,,,32.500175,,,,,,,,,,,,,,,,,,,,,,,,,,,,,,,,,,,,,,,,,,,,,,,,,
2016,AL,ALB,50,Albania,32.43,54,37,4,,84,41,41,25,46,41,37.330002,42,10,0,0,82,Europe & Central Asia,,,,59,34,,,,,,,,,,,,,,,339,339,914,ALB,,,.63217998,.050000001,.48679388,.67980796,.88375956,,4
2013,AR,ARG,31,Argentina,35,46,36,17,44,59,40,37,31.25,50,29,37.139999,29,15,31,0,32,,,,,,,,,,,,,,,,,,,,,160,160,213,ARG,26.844963,15.082234,.81789768,.0099999998,.45425138,.52155018,.88638002,-.2953952,1
2014,AR,ARG,36,Argentina,35.709999,48,37,23,42,60,44,42,42,38,31,37,37,22,17,20,30,Latin America & Caribbean,.70999998,-5,Emerging and advancing,,,,,,,,,,,,,,,,,160,160,213,ARG,26.819517,15.571702,.82637644,.0099999998,.45425138,.52155018,.88413435,-.1824571,2
2015,AR,ARG,52,Argentina,23.780001,42,21,11,,62,39,49,23,20,33,25.33,53,10,10,13,46,Latin America & Caribbean,-11.93,-16,,18,56,,,,,,,,,,,,,,,160,160,213,ARG,26.845644,16.263435,.83982724,.0099999998,.45425138,.51675045,.87457007,-.087074138,3
2016,AR,ARG,38,Argentina,37.509998,57,35,23,,71,49,36,45,39,23,35.669998,45,19,0,31,38,Latin America & Caribbean,13.73,14,,39,66,,,,,,,,,,,,,,,160,160,213,ARG,,,.85309571,.0099999998,.41474849,.45028645,.87348807,,4
2017,AR,ARG,17,Argentina,,,,,,,,,,,,,,,,,,Latin America & Caribbean,11,,,,,47,66,56,20,55,77,68,63,70,42,56,20,5,35,160,160,213,ARG,,,,,,,,,5
2013,AU,AUS,7,Australia,67.68,88,65,51,92,87,77,6,85,57,51,62.860001,8,65,38,40,8,,,,,,,,,,,,,,,,,,,,,900,900,193,AUS,27.847328,25.622732,.94161284,.029999999,.030551421,.05732381,.93358332,1.6366813,1
2014,AU,AUS,10,Australia,68.330002,92,69,43,99,88,83,7,86,55,58,66.330002,10,24,46,40,20,East Asia & Pacific,.64999998,-3,High capacity,,,,,,,,,,,,,,,,,900,900,193,AUS,27.872021,27.659557,.94161284,.029999999,.02582057,.04658379,.92035186,1.5905408,2
2015,AU,AUS,10,Australia,67.989998,84,77,39,,81,75,10,85,75,61,73.669998,4,40,19,53,20,East Asia & Pacific,-.34,0,,82,96,,,,,,,,,,,,,,,900,900,193,AUS,27.894173,28.541451,.92389405,.029999999,.02953607,.050056111,.90657222,1.5582972,3
2016,AU,AUS,5,Australia,81.150002,85,78,78,,84,72,9,79,76,61,72,3,45,75,61,11,East Asia & Pacific,13.16,5,,81,94,,,,,,,,,,,,,,,900,900,193,AUS,,,.92389405,.029999999,.02741823,.04382069,.9138763,,4
2017,AU,AUS,3,Australia,,,,,,,,,,,,,,,,,,East Asia & Pacific,13,,,,,75,79,84,62,75,86,77,77,91,90,70,50,60,75,900,900,193,AUS,,,,,,,,,5
2013,AT,AUT,18,Austria,46.029999,69,39,49,72,70,61,18,45,37,38,39.639999,25,51,26,60,9,,,,,,,,,,,,,,,,,,,,,305,305,122,AUT,26.726379,26.279716,.94167048,.19,.02637217,.042873438,.9255172,1.5783783,1
2014,AT,AUT,15,Austria,58.52,83,42,84,81,84,79,14,44,28,53,41.669998,30,57,100,59,5,Europe & Central Asia,12.49,3,High capacity,,,,,,,,,,,,,,,,,305,305,122,AUT,26.732807,27.666916,.94167048,.19,.02637217,.042873438,.9255172,1.5680679,2
2015,AT,AUT,13,Austria,64.18,81,49,70,,83,74,11,73,35,41,49.669998,26,70,88,47,6,Europe & Central Asia,5.6599998,2,,79,85,,,,,,,,,,,,,,,305,305,122,AUT,26.742392,28.693253,.94167048,.19,.02637217,.042873438,.9255172,1.4736092,3
2016,AT,AUT,14,Austria,70.220001,83,56,78,,81,72,11,73,47,40,53.330002,19,64,85,39,10,Europe & Central Asia,6.04,-1,,78,91,,,,,,,,,,,,,,,305,305,122,AUT,,,.94167048,.19,.02637217,.042873438,.9255172,,4
2013,BH,BHR,54,Bahrain,18.18,43,18,0,69,10,50,40,22.5,17,22,20.360001,55,0,0,0,53,,,,,,,,,,,,,,,,,,,,,692,692,419,BHR,24.079268,22.523834,,,,,,.59502906,1
2014,BH,BHR,61,Bahrain,15.38,43,13,0,69,6,52,50,12,26,7,15,69,0,0,0,65,Middle East & North Africa,-2.8,-7,One sided initiative,,,,,,,,,,,,,,,,,692,692,419,BHR,24.121853,21.394958,,,,,,.59089243,2
2015,BH,BHR,57,Bahrain,18.139999,36,20,0,,5,52,56,21,39,12,24,55,0,0,0,66,Middle East & North Africa,2.76,4,,43,51,,,,,,,,,,,,,,,692,692,419,BHR,24.15008,18.609705,,,,,,.5738638,3
2016,BH,BHR,74,Bahrain,18.91,33,20,7,,0,46,77,26,18,26,23.33,69,17,0,0,75,Middle East & North Africa,.76999998,-17,,41,45,,,,,,,,,,,,,,,692,692,419,BHR,,,,,,,,,4
2013,BD,BGD,63,Bangladesh,9.5600004,23,10,0,33,30,14,63,12.5,12,15,13.21,64,0,0,0,53,,,,,,,,,,,,,,,,,,,,,771,771,513,BGD,25.654835,.9740575,.62755787,0,.88954997,.77603602,.59614724,-.8037712,1
2014,BD,BGD,68,Bangladesh,11.5,24,12,3,24,34,21,71,15,13,14,14,70,0,0,6,51,South Asia,1.9400001,-5,Capacity constrained,,,,,,,,,,,,,,,,,771,771,513,BGD,25.71368,1.9513726,.62755787,0,.88954997,.77603602,.56742644,-.77060109,2
2015,BD,BGD,78,Bangladesh,7.0500002,17,7,0,,35,15,81,15,11,13,13,81,0,0,0,67,South Asia,-4.4499998,-10,,23,13,,,,,,,,,,,,,,,771,771,513,BGD,25.777149,3.0502474,.59538817,0,.85606259,.68197477,.54178017,-.72782224,3
2016,BD,BGD,93,Bangladesh,10.57,32,6,2,,32,23,79,15,9,9,11,104,0,0,4,89,South Asia,3.52,-15,,43,36,,,,,,,,,,,,,,,771,771,513,BGD,,,.61353958,0,.88750613,.6813522,.52864015,,4
2016,BY,BLR,93,Belarus,10.95,27,10,2,,14,43,86,18,13,13,14.67,91,0,0,4,90,Europe & Central Asia,,,,29,24,,,,,,,,,,,,,,,,,,,,,,,,,,,
2013,BE,BEL,31,Belgium,34.799999,72,29,26,64,86,64,16,28.75,48,13,30,40,53,7,14,19,,,,,,,,,,,,,,,,,,,,,211,211,124,BEL,26.922981,34.480854,.95817763,.0099999998,.02119864,.029767269,.94601268,1.6021718,1
2014,BE,BEL,27,Belgium,47.290001,86,30,60,84,96,75,11,21,33,39,31,45,48,43,61,11,Europe & Central Asia,12.49,4,High capacity,,,,,,,,,,,,,,,,,211,211,124,BEL,26.939379,35.992908,.95817763,.0099999998,.02119864,.029767269,.94601268,1.3992206,2
2015,BE,BEL,22,Belgium,52.619999,80,48,33,,90,81,13,47,49,49,48.330002,27,20,26,47,23,Europe & Central Asia,5.3299999,5,,65,82,,,,,,,,,,,,,,,211,211,124,BEL,26.954269,36.849659,.94977719,.0099999998,.02119864,.029767269,.94164252,1.4413593,3
2016,BE,BEL,29,Belgium,45.279999,79,38,20,,85,72,14,41,39,35,38.330002,39,10,0,32,42,Europe & Central Asia,-7.3400002,-7,,72,80,,,,,,,,,,,,,,,211,211,124,BEL,,,.94977719,.0099999998,.02119864,.029767269,.94164252,,4
2013,BJ,BEN,67,Benin,7.2800002,12,9,0,12,36,0,72,5,9,22,12.5,65,0,0,0,53,,,,,,,,,,,,,,,,,,,,,434,434,638,BEN,22.810556,.41146031,.90746218,.02,.66195804,.48117721,.8801949,-.48723271,1
2014,BJ,BEN,68,Benin,11.98,15,16,0,6,37,12,82,15,32,8,18.33,60,0,0,0,65,Sub-Saharan Africa,4.6999998,-1,Capacity constrained,,,,,,,,,,,,,,,,,434,434,638,BEN,22.872192,.42850095,.90746218,.02,.66195804,.48117721,.88145047,-.46330947,2
2015,BJ,BEN,76,Benin,8.4700003,14,13,0,,40,13,84,18,17,20,18.33,67,0,0,0,68,Sub-Saharan Africa,-3.51,-8,,16,3,,,,,,,,,,,,,,,434,434,638,BEN,22.89292,.67338377,.93507808,.02,.70053381,.62560993,.89411932,-.61799204,3
2016,BJ,BEN,103,Benin,7.3200002,13,13,0,,37,15,108,19,20,11,16.67,84,0,0,0,93,Sub-Saharan Africa,-1.15,-27,,12,2,,,,,,,,,,,,,,,434,434,638,BEN,,,.95417845,.02,.25477189,.36546937,.90647459,,4
2016,BO,BOL,53,Bolivia,27.870001,33,36,13,,43,24,76,38,48,23,36.330002,44,19,15,0,57,Latin America & Caribbean,,,,37,34,,,,,,,,,,,,,,,145,145,218,BOL,,,.85662425,.34,.588723,.35155448,.80218887,,4
2016,BA,BIH,100,Bosnia and Herzegovina,8.0200005,24,7,0,,55,31,91,11,11,13,11.67,100,0,0,0,94,Europe & Central Asia,,,,4,15,,,,,,,,,,,,,,,,,,,,,,,,,,,
2013,BW,BWA,55,Botswana,16.08,12,22,0,24,13,9,70,8.75,25,34,23.57,49,0,0,0,53,,,,,,,,,,,,,,,,,,,,,571,571,616,BWA,23.468027,1.0682069,.82211798,.059999999,.22483844,.21908502,.87815642,.42616925,1
2014,BW,BWA,78,Botswana,8.3900003,26,7,0,29,27,27,69,8,11,10,9.6700001,80,0,0,0,65,Sub-Saharan Africa,-7.6900001,-23,Capacity constrained,,,,,,,,,,,,,,,,,571,571,616,BWA,23.499573,1.6329938,.82240218,.059999999,.22483844,.21908502,.85875332,.35966069,2
2015,BW,BWA,78,Botswana,6.5100002,18,5,0,,20,22,79,10,13,11,11.33,82,0,0,0,69,Sub-Saharan Africa,-1.88,0,,27,19,,,,,,,,,,,,,,,571,571,616,BWA,23.497021,1.7917495,.82971144,.050000001,.25595593,.22627863,.88603967,.5132882,3
2016,BW,BWA,104,Botswana,5.8899999,21,4,0,,25,19,98,9,11,9,9.6700001,110,0,0,0,95,Sub-Saharan Africa,-.62,-26,,38,11,,,,,,,,,,,,,,,571,571,616,BWA,,,.82888043,.039999999,.25595593,.22627863,.89264458,,4
2013,BR,BRA,28,Brazil,36.830002,66,32,28,67,71,59,20,20,41,36,33.209999,35,29,45,0,16,,,,,,,,,,,,,,,,,,,,,140,140,223,BRA,28.510439,10.661025,.92058784,.15000001,.23293351,.26981109,.88763875,-.096028551,1
2014,BR,BRA,21,Brazil,52.130001,66,63,9,65,69,63,28,49,71,62,60.669998,12,17,0,6,41,Latin America & Caribbean,15.3,7,Emerging and advancing,,,,,,,,,,,,,,,,,140,140,223,BRA,28.515467,11.675736,.92058784,.14,.23293351,.26981109,.88668561,-.15434389,2
2015,BR,BRA,17,Brazil,61.16,60,80,36,,67,61,28,63,88,78,76.330002,3,50,26,31,22,Latin America & Caribbean,9.0299997,4,,54,61,,,,,,,,,,,,,,,140,140,223,BRA,28.477045,12.248156,.92058784,.12,.23293351,.26981109,.88641417,-.18901372,3
2016,BR,BRA,18,Brazil,58.860001,66,55,59,,67,55,25,53,55,49,52.330002,20,91,40,16,17,Latin America & Caribbean,-2.3,-1,,69,67,,,,,,,,,,,,,,,140,140,223,BRA,,,.78962767,.11,.31004566,.56680936,.78888243,,4
2017,BR,BRA,14,Brazil,,,,,,,,,,,,,,,,,,Latin America & Caribbean,3,,,,,50,63,56,30,68,68,60,55,45,61,62,60,15,15,140,140,223,BRA,,,,,,,,,5
2016,BG,BGR,40,Bulgaria,37.139999,51,45,11,,59,36,48,18,61,54,44.330002,30,18,0,7,68,Europe & Central Asia,,,,54,54,,,,,,,,,,,,,,,355,355,918,SUN,,,.77255088,.38999999,.35060123,.23835295,.88891149,,4
2013,BF,BFA,67,Burkina Faso,7.3499999,18,8,0,30,32,1,66,10,13,11,11.43,69,0,0,0,53,,,,,,,,,,,,,,,,,,,,,,,,,,,,,,,,,
2014,BF,BFA,74,Burkina Faso,11.32,31,10,0,36,44,19,65,7,22,9,12.67,72,0,0,0,65,Sub-Saharan Africa,3.97,-7,Capacity constrained,,,,,,,,,,,,,,,,,,,,,,,,,,,,,
2015,BF,BFA,70,Burkina Faso,10.12,26,8,0,,42,23,69,9,19,13,13.67,78,0,0,0,70,Sub-Saharan Africa,-1.2,4,,23,30,,,,,,,,,,,,,,,,,,,,,,,,,,,
2016,BF,BFA,67,Burkina Faso,21.629999,31,16,28,,55,23,82,11,34,13,19.33,76,47,15,8,34,Sub-Saharan Africa,11.51,3,,23,29,,,,,,,,,,,,,,,,,,,,,,,,,,,
2013,CM,CMR,71,Cameroon,5.6500001,7,7,6,26,5,1,75,11.25,9,10,10,71,9,0,7,45,,,,,,,,,,,,,,,,,,,,,471,471,622,CMR,24.025028,.07594154,.60029417,.02,.89506054,.92982572,.68353021,-.91582721,1
2014,CM,CMR,83,Cameroon,3.77,11,3,3,15,8,17,84,6,6,7,6.3299999,83,7,0,0,51,Sub-Saharan Africa,-1.88,-12,Capacity constrained,,,,,,,,,,,,,,,,,471,471,622,CMR,24.082607,.071204968,.60029417,.02,.89506054,.92982572,.67242175,-.77333462,2
2015,CM,CMR,78,Cameroon,6.5700002,12,8,3,,8,22,87,14,16,11,13.67,79,10,0,0,59,Sub-Saharan Africa,2.8,5,,21,11,,,,,,,,,,,,,,,471,471,622,CMR,24.138735,.068396151,.60029417,.02,.89506054,.92982572,.67035347,-.76352769,3
2016,CM,CMR,107,Cameroon,5.1500001,12,5,7,,10,23,109,10,11,9,10,107,18,0,0,74,Sub-Saharan Africa,-1.42,-29,,20,5,,,,,,,,,,,,,,,471,471,622,CMR,,,.60906732,.02,.94934374,.94791949,.60754114,,4
2013,CA,CAN,8,Canada,65.870003,79,64,52,88,84,60,11,87.5,57,47,62.139999,10,65,21,60,7,,,,,,,,,,,,,,,,,,,,,20,20,156,CAN,28.182051,34.377132,.91522551,.0099999998,.021487771,.032320108,.93719923,1.7835534,1
2014,CA,CAN,7,Canada,74.519997,90,75,58,90,88,86,9,92,72,51,71.669998,6,50,60,39,12,North America,8.6499996,1,High capacity,,,,,,,,,,,,,,,,,20,20,156,CAN,28.20738,35.37817,.91794491,.0099999998,.021487771,.032320108,.93895841,1.7596112,2
2015,CA,CAN,4,Canada,80.349998,89,84,67,,87,83,7,95,84,61,80,2,60,95,41,8,North America,5.8299999,3,,88,91,,,,,,,,,,,,,,,20,20,156,CAN,28.216753,36.324322,.93978137,.0099999998,.021487771,.032320108,.94492435,1.7651273,3
2016,CA,CAN,2,Canada,89.540001,96,87,82,,96,81,3,87,66,86,79.669998,2,63,90,43,8,North America,9.1899996,2,,92,100,,,,,,,,,,,,,,,20,20,156,CAN,,,.94407749,.0099999998,.021487771,.032320108,.93004978,,4
2017,CA,CAN,1,Canada,,,,,,,,,,,,,,,,,,North America,8,,,,,76,86,87,55,78,99,87,80,93,83,85,60,55,50,20,20,156,CAN,,,,,,,,,5
2013,CL,CHL,25,Chile,40.110001,66,39,18,68,72,56,21,38.75,26,54,39.639999,25,31,0,22,31,,,,,,,,,,,,,,,,,,,,,155,155,228,CHL,26.254526,13.026147,.77708852,.0099999998,.084303252,.059372649,.9356541,1.2592115,1
2014,CL,CHL,15,Chile,58.700001,69,73,8,69,78,61,25,82,57,70,69.669998,9,7,0,13,42,Latin America & Caribbean,18.59,10,Emerging and advancing,,,,,,,,,,,,,,,,,155,155,228,CHL,26.273115,14.008525,.82332033,.0099999998,.055001691,.059372649,.9372431,1.1443884,2
2015,CL,CHL,30,Chile,42.970001,64,51,12,,80,62,26,59,44,51,51.330002,24,30,0,5,45,Latin America & Caribbean,-15.73,-15,,54,61,,,,,,,,,,,,,,,155,155,228,CHL,26.29591,15.172002,.83858395,.0099999998,.11847907,.20424435,.91621816,1.081781,3
2016,CL,CHL,26,Chile,47.41,62,56,16,,80,55,28,60,51,50,53.669998,18,28,0,11,49,Latin America & Caribbean,4.4400001,4,,48,63,,,,,,,,,,,,,,,155,155,228,CHL,,,.83858395,.0099999998,.11847907,.20424435,.91312206,,4
2017,CL,CHL,20,Chile,,,,,,,,,,,,,,,,,,Latin America & Caribbean,-1,,,,,40,54,55,12,40,56,68,53,63,50,52,25,0,10,155,155,228,CHL,,,,,,,,,5
2013,CN,CHN,61,China,11.82,42,9,0,57,34,36,42,12.5,15,10,12.5,65,0,0,0,53,,,,,,,,,,,,,,,,,,,,,710,710,924,CHN,29.680841,13.634062,.39868206,0,.60735309,.45750466,.2576662,.004753076,1
2014,CN,CHN,46,China,28.120001,52,24,19,64,34,56,39,20,45,12,25.67,51,26,9,13,33,East Asia & Pacific,16.299999,15,Emerging and advancing,,,,,,,,,,,,,,,,,710,710,924,CHN,29.75128,14.384081,.39534491,0,.64059597,.4190881,.28251439,.33927009,2
2015,CN,CHN,55,China,21.16,45,15,8,,38,52,45,22,28,10,20,61,10,10,5,48,East Asia & Pacific,-6.96,-9,,36,57,,,,,,,,,,,,,,,710,710,924,CHN,29.818174,19.766598,.32127905,0,.59970063,.41861933,.27099118,.4242478,3
2016,CN,CHN,71,China,19.639999,46,10,11,,39,45,55,13,23,8,14.67,92,9,10,8,63,East Asia & Pacific,-1.52,-16,,39,61,,,,,,,,,,,,,,,710,710,924,CHN,,,.32127905,0,.60102522,.41861933,.26953524,,4
2017,CN,CHN,24,China,,,,,,,,,,,,,,,,,,East Asia & Pacific,9,,,,,31,44,38,10,34,59,34,48,44,47,23,5,15,10,710,710,924,CHN,,,,,,,,,5
2013,CO,COL,40,Colombia,26.709999,44,29,2,63,48,24,38,32.5,37,22,30.360001,39,0,0,7,51,,,,,,,,,,,,,,,,,,,,,100,100,233,COL,26.533859,9.3904991,.82901657,.12,.46780455,.24771012,.80746329,.074870706,1
2014,CO,COL,40,Colombia,32.380001,54,30,21,65,59,42,36,21,44,27,30.67,47,24,9,20,31,Latin America & Caribbean,5.6700001,0,Emerging and advancing,,,,,,,,,,,,,,,,,100,100,233,COL,26.576782,10.277182,.82835305,.1,.46780455,.24771012,.78766471,-.1082004,2
2015,CO,COL,28,Colombia,45.389999,64,47,26,,63,44,27,64,41,39,48,28,40,26,11,29,Latin America & Caribbean,13.01,12,,89,63,,,,,,,,,,,,,,,100,100,233,COL,26.607149,11.156066,.85794079,.079999998,.46780455,.24771012,.80126113,-.034857702,3
2016,CO,COL,24,Colombia,51.650002,72,42,46,,79,48,20,51,42,33,42,36,73,25,16,21,Latin America & Caribbean,6.2600002,4,,85,70,,,,,,,,,,,,,,,100,100,233,COL,,,.86580557,.23999999,.45131674,.26730239,.81329018,,4
2017,CO,COL,12,Colombia,,,,,,,,,,,,,,,,,,Latin America & Caribbean,8,,,,,52,69,60,28,75,73,71,58,59,70,52,45,20,20,100,100,233,COL,,,,,,,,,5
2013,CR,CRI,36,Costa Rica,31.209999,47,35,0,58,50,36,36,28.75,37,41,36.07,30,0,0,0,53,,,,,,,,,,,,,,,,,,,,,94,94,238,CRI,24.450712,9.9521036,.94872785,.22,.20213117,.14456588,.94738579,.48104513,1
2014,CR,CRI,41,Costa Rica,31.26,56,33,6,59,61,48,34,24,61,15,33.330002,43,0,0,13,45,Latin America & Caribbean,.050000001,-5,Emerging and advancing,,,,,,,,,,,,,,,,,94,94,238,CRI,24.48003,10.447238,.94872785,.2,.15996219,.12705325,.95128608,.39826608,2
2015,CR,CRI,44,Costa Rica,28.52,43,38,2,,71,45,46,41,39,40,40,38,0,0,5,64,Latin America & Caribbean,-2.74,-3,,20,44,,,,,,,,,,,,,,,94,94,238,CRI,24.516836,11.169418,.94643956,.19,.16287525,.12912519,.9469794,.37888399,3
2016,CR,CRI,71,Costa Rica,19.870001,25,28,6,,41,15,89,24,36,30,30,58,10,0,4,80,Latin America & Caribbean,-8.6499996,-27,,33,20,,,,,,,,,,,,,,,94,94,238,CRI,,,.9297325,.18000001,.16540202,.1511768,.95430547,,4
2017,CR,CRI,24,Costa Rica,,,,,,,,,,,,,,,,,,Latin America & Caribbean,11,,,,,31,48,43,3,35,45,58,53,38,53,38,5,0,5,94,94,238,CRI,,,,,,,,,5
2016,HR,HRV,58,Croatia,26.75,52,24,8,,75,42,45,28,31,20,26.33,63,10,0,8,70,Europe & Central Asia,,,,45,47,,,,,,,,,,,,,,,344,344,960,HRV,,,.78307068,.31,.37783512,.2313758,.85568374,,4
2013,CZ,CZE,22,Czech Republic,43.18,62,40,35,43,83,61,25,36.25,57,27,40.360001,24,36,24,39,15,,,,,,,,,,,,,,,,,,,,,316,316,935,CZE,26.06303,26.687679,.79976004,.079999998,.24836478,.30927774,.94810647,.8875556,1
2014,CZ,CZE,17,Czech Republic,58.07,64,61,46,44,87,61,29,58,53,65,58.669998,13,52,26,39,18,Europe & Central Asia,14.89,5,Emerging and advancing,,,,,,,,,,,,,,,,,316,316,935,CZE,26.089821,27.883497,.78333151,.07,.23257926,.28466564,.94052523,1.02301,2
2015,CZ,CZE,26,Czech Republic,49.150002,59,43,50,,83,56,31,47,33,52,44,31,60,29,56,14,Europe & Central Asia,-8.9200001,-9,,53,49,,,,,,,,,,,,,,,316,316,935,CZE,26.134178,27.34165,.78333151,.059999999,.23632017,.26052722,.92468464,1.0514957,3
2016,CZ,CZE,31,Czech Republic,44.439999,54,44,36,,66,35,40,66,32,33,43.669998,33,46,20,20,29,Europe & Central Asia,-4.71,-5,,73,45,,,,,,,,,,,,,,,316,316,935,CZE,,,.78333151,.059999999,.23632017,.26388183,.92651767,,4
2016,CI,CIV,93,CÃ´te dâIvoire,11.48,35,7,0,,46,36,71,13,11,11,11.67,101,0,0,0,100,Sub-Saharan Africa,,,,17,46,,,,,,,,,,,,,,,,,,,,,,,,,,,
2016,CD,COD,90,DR Congo,12.38,35,9,0,,30,52,73,24,9,7,13.33,94,0,0,0,96,Sub-Saharan Africa,,,,28,32,,,,,,,,,,,,,,,,,,,,,,,,,,,
2013,DK,DNK,5,Denmark,71.779999,84,70,56,79,87,79,8,67.5,66,70,67.860001,5,75,24,60,5,,,,,,,,,,,,,,,,,,,,,390,390,128,DNK,26.522631,40.440685,.97903216,.18000001,.0064424798,.01351354,.94511133,1.9834943,1
2014,DK,DNK,9,Denmark,70.129997,94,54,95,83,91,100,5,64,51,42,52.330002,17,85,69,87,3,Europe & Central Asia,-1.65,-4,High capacity,,,,,,,,,,,,,,,,,390,390,128,DNK,26.539251,41.524761,.97903216,.18000001,.0064424798,.01351354,.93975115,1.806536,2
2015,DK,DNK,5,Denmark,76.620003,77,77,78,,84,88,18,76,87,57,73.330002,5,80,71,74,3,Europe & Central Asia,6.4899998,4,,64,67,,,,,,,,,,,,,,,390,390,128,DNK,26.555183,42.508297,.97823215,.18000001,.01684716,.02593622,.93868446,1.849331,3
2016,DK,DNK,13,Denmark,70.519997,67,71,71,,73,64,24,71,87,42,66.669998,4,63,45,58,14,Europe & Central Asia,-6.0999999,-8,,54,71,,,,,,,,,,,,,,,390,390,128,DNK,,,.97823215,.18000001,.016829081,.02593622,.9377597,,4
2016,DO,DOM,50,Dominican Republic,32.209999,45,32,22,,54,47,57,35,42,23,33.330002,50,28,0,23,39,Latin America & Caribbean,,,,41,37,,,,,,,,,,,,,,,42,42,243,DOM,,,.75302655,.029999999,.77549422,.6889233,.84923714,,4
2013,EC,ECU,50,Ecuador,21.120001,39,22,3,31,60,32,47,17.5,25,29,24.290001,48,0,7,0,48,,,,,,,,,,,,,,,,,,,,,130,130,248,ECU,25.144295,6.725513,.60937506,.38,.43491128,.52212965,.82734883,-.50853592,1
2014,EC,ECU,38,Ecuador,35.029999,42,43,6,42,55,34,51,52,62,15,43,28,7,9,0,45,Latin America & Caribbean,13.91,12,Emerging and advancing,,,,,,,,,,,,,,,,,130,130,248,ECU,25.183445,8.2566729,.60937506,.37,.43491128,.52212965,.82734883,-.49624431,2
2015,EC,ECU,42,Ecuador,30.290001,39,42,7,,47,32,51,31,56,42,43,34,10,0,11,50,Latin America & Caribbean,-4.7399998,-4,,54,36,,,,,,,,,,,,,,,130,130,248,ECU,25.18502,9.7404785,.60937506,.36000001,.43491128,.52212965,.83091831,-.43587646,3
2016,EC,ECU,67,Ecuador,21.620001,37,27,0,,41,33,68,33,22,33,29.33,60,0,0,0,97,Latin America & Caribbean,-8.6700001,-25,,38,38,,,,,,,,,,,,,,,130,130,248,ECU,,,.60937506,.34,.43491128,.52212965,.83091831,,4
2014,EG,EGY,64,Egypt,14.17,27,16,0,25,26,34,67,9,20,25,18,61,0,0,0,65,Middle East & North Africa,,,Capacity constrained,,,,,,,,,,,,,,,,,651,651,469,EGY,26.194424,3.6790957,.37808612,.20999999,.71327353,.77957273,.18591556,-.84039325,2
2015,EG,EGY,75,Egypt,8.7399998,16,11,2,,18,27,82,10,16,23,16.33,73,0,0,5,65,Middle East & North Africa,-5.4299998,-11,,4,26,,,,,,,,,,,,,,,651,651,469,EGY,26.235565,4.5173001,.3493686,.20999999,.88475806,.79733652,.16464923,-.76189482,3
2016,EG,EGY,85,Egypt,13.89,27,14,6,,30,36,85,13,20,21,18,80,0,10,4,76,Middle East & North Africa,5.1500001,-10,,21,26,,,,,,,,,,,,,,,651,651,469,EGY,,,.36873534,.20999999,.88475806,.79733652,.15998766,,4
2016,SV,SLV,85,El Salvador,13.88,20,20,4,,40,19,100,36,22,11,23,70,10,0,0,83,Latin America & Caribbean,,,,12,19,,,,,,,,,,,,,,,92,92,253,SLV,,,.75070304,.0099999998,.48108354,.33478794,.83161622,,4
2013,EE,EST,14,Estonia,49.450001,72,49,24,64,80,71,15,27.5,61,54,48.93,14,33,19,15,24,,,,,,,,,,,,,,,,,,,,,366,366,939,EST,23.822723,28.040218,.82740355,.13,.062525474,.03181228,.95328653,.99539709,1
2014,EE,EST,13,Estonia,60.18,84,51,64,78,90,79,13,53,55,42,50,21,57,46,60,8,Europe & Central Asia,10.73,1,High capacity,,,,,,,,,,,,,,,,,366,366,939,EST,23.850561,28.899937,.78350383,.12,.06193402,.03181228,.95554101,1.0464598,2
2015,EE,EST,24,Estonia,50.630001,75,52,24,,95,73,19,52,67,38,52.330002,21,30,10,31,30,Europe & Central Asia,-9.5500002,-11,,71,62,,,,,,,,,,,,,,,366,366,939,EST,23.864901,30.004757,.78350383,.11,.056878749,.032514889,.95386177,1.0913043,3
2016,EE,EST,44,Estonia,36.310001,49,45,10,,81,31,49,44,57,32,44.330002,31,0,0,20,69,Europe & Central Asia,-14.32,-20,,46,41,,,,,,,,,,,,,,,366,366,939,EST,,,.81418425,.1,.046866249,.039464392,.95139366,,4
2013,ET,ETH,66,Ethiopia,8.6999998,15,11,0,31,11,12,67,11.25,10,19,13.57,63,0,0,0,53,,,,,,,,,,,,,,,,,,,,,530,530,644,ETH,24.411749,.25299159,.36422342,.0099999998,.63677478,.46233821,.41715693,-.60967666,1
2014,ET,ETH,78,Ethiopia,7.75,16,9,0,26,16,14,80,8,20,7,11.67,75,0,0,0,65,Sub-Saharan Africa,-.94999999,-12,Capacity constrained,,,,,,,,,,,,,,,,,530,530,644,ETH,24.509594,.48834771,.36422342,.0099999998,.63677478,.46233821,.41715693,-.41636541,2
2015,ET,ETH,78,Ethiopia,6.6300001,20,4,0,,25,17,76,9,11,11,10.33,83,0,0,0,71,Sub-Saharan Africa,-1.12,0,,24,28,,,,,,,,,,,,,,,530,530,644,ETH,24.60133,.48311082,.36422342,.0099999998,.63677478,.46233821,.41715693,-.64066952,3
2016,ET,ETH,81,Ethiopia,16.139999,47,9,0,,49,46,51,9,22,9,13.33,95,0,0,0,98,Sub-Saharan Africa,9.5100002,-3,,47,47,,,,,,,,,,,,,,,530,530,644,ETH,,,.21576186,.0099999998,.58036512,.34043464,.40252191,,4
2013,FI,FIN,14,Finland,49.439999,91,41,41,75,100,92,5,76.25,32,23,41.43,22,33,28,53,13,,,,,,,,,,,,,,,,,,,,,375,375,172,FIN,26.239355,31.701025,.98361826,.0099999998,.032048289,.030584579,.95787579,2.1806862,1
2014,FI,FIN,12,Finland,66.489998,93,54,78,86,98,90,6,67,52,38,52.330002,18,46,69,80,7,Europe & Central Asia,17.049999,2,High capacity,,,,,,,,,,,,,,,,,375,375,172,FIN,26.233019,32.3046,.98361826,.0099999998,.032048289,.030584579,.94958824,2.0159051,2
2015,FI,FIN,11,Finland,65.449997,90,65,42,,100,87,6,73,63,54,63.330002,11,30,36,54,18,Europe & Central Asia,-1.04,1,,85,83,,,,,,,,,,,,,,,375,375,172,FIN,26.235701,31.679661,.97377253,.0099999998,.03025073,.042873289,.93011856,1.8225006,3
2016,FI,FIN,20,Finland,55.889999,63,60,42,,70,44,27,55,77,38,56.669998,13,37,10,47,23,Europe & Central Asia,-9.5600004,-9,,65,69,,,,,,,,,,,,,,,375,375,172,FIN,,,.97377253,.0099999998,.03025073,.042873289,.93011856,,4
2013,FR,FRA,10,France,63.919998,79,64,39,83,89,62,10,86.25,61,45,62.5,9,36,36,36,14,,,,,,,,,,,,,,,,,,,,,220,220,132,FRA,28.632597,38.792198,.9085989,.11,.060881801,.10558528,.95921743,1.4814482,1
2014,FR,FRA,4,France,80.209999,91,75,84,96,90,83,8,75,79,61,71.669998,7,74,60,79,5,Europe & Central Asia,16.290001,6,High capacity,,,,,,,,,,,,,,,,,220,220,132,FRA,28.638943,40.174019,.9085989,.090000004,.060881801,.10558528,.95420808,1.4030387,2
2015,FR,FRA,2,France,81.650002,97,76,74,,99,92,2,79,79,61,73,6,100,43,74,5,Europe & Central Asia,1.4400001,2,,90,99,,,,,,,,,,,,,,,220,220,132,FRA,28.651604,41.344727,.89218128,.07,.060881801,.10558528,.95261681,1.4431598,3
2016,FR,FRA,3,France,85.129997,100,71,88,,100,94,1,77,70,52,66.330002,5,90,55,62,5,Europe & Central Asia,3.48,-1,,95,96,,,,,,,,,,,,,,,220,220,132,FRA,,,.87725782,.050000001,.060881801,.10558528,.95261681,,4
2017,FR,FRA,4,France,,,,,,,,,,,,,,,,,,Europe & Central Asia,7,,,,,72,84,77,55,79,91,85,81,85,74,71,55,40,70,220,220,132,FRA,,,,,,,,,5
2015,GE,GEO,60,Georgia,16.790001,38,15,0,,64,25,53,13,34,13,20,62,0,0,0,72,Europe & Central Asia,,,,35,41,,,,,,,,,,,,,,,372,372,915,GEO,23.414761,14.741923,.76438659,.22,.10782216,.2459233,.87087595,.40131882,3
2016,GE,GEO,40,Georgia,37.439999,52,45,11,,78,47,43,36,67,29,44,32,29,0,0,66,Europe & Central Asia,20.65,20,,35,49,,,,,,,,,,,,,,,372,372,915,GEO,,,.82518101,.2,.10349272,.19372199,.81255311,,4
2013,DE,DEU,9,Germany,65.010002,75,63,54,68,86,66,14,76.25,54,57,61.43,11,64,28,60,6,,,,,,,,,,,,,,,,,,,,,,,,,,,,,,,,,
2014,DE,DEU,10,Germany,67.629997,85,67,53,82,96,74,12,69,65,59,64.330002,11,65,26,46,15,Europe & Central Asia,2.6199999,-1,High capacity,,,,,,,,,,,,,,,,,,,,,,,,,,,,,
2015,DE,DEU,11,Germany,64.790001,77,71,45,,96,78,17,75,75,55,68.330002,8,60,38,34,17,Europe & Central Asia,-2.8399999,-1,,62,71,,,,,,,,,,,,,,,,,,,,,,,,,,,
2016,DE,DEU,14,Germany,69.519997,67,69,71,,85,53,23,76,64,55,65,9,55,55,55,15,Europe & Central Asia,4.73,-3,,57,70,,,,,,,,,,,,,,,,,,,,,,,,,,,
2017,DE,DEU,10,Germany,,,,,,,,,,,,,,,,,,Europe & Central Asia,2,,,,,58,76,72,27,61,81,81,79,77,74,65,25,15,40,,,,,,,,,,,,,
2013,GH,GHA,47,Ghana,21.6,40,24,0,39,67,19,45,13.75,35,25,25.360001,46,0,0,0,53,,,,,,,,,,,,,,,,,,,,,452,452,652,GHA,24.485313,.26557061,.88463765,.02,.65529299,.63899601,.92832386,-.095546782,1
2014,GH,GHA,46,Ghana,27.99,35,36,0,35,50,28,60,31,39,39,36.330002,40,0,0,0,65,Sub-Saharan Africa,6.3899999,1,Capacity constrained,,,,,,,,,,,,,,,,,452,452,652,GHA,24.524399,.26537147,.88463765,.02,.65529299,.63899601,.92394686,-.29197907,2
2015,GH,GHA,70,Ghana,10.19,30,3,3,,63,23,62,8,10,11,9.6700001,87,10,0,0,58,Sub-Saharan Africa,-17.799999,-24,,29,19,,,,,,,,,,,,,,,452,452,652,GHA,24.562822,.27101657,.84895653,.02,.68913907,.63275856,.9114033,-.25561482,3
2016,GH,GHA,59,Ghana,25.959999,52,11,28,,63,53,44,9,25,11,15,90,28,15,23,33,Sub-Saharan Africa,15.77,11,,43,48,,,,,,,,,,,,,,,452,452,652,GHA,,,.89486146,.02,.71701944,.67664099,.90646315,,4
2013,GR,GRC,37,Greece,27.59,44,28,12,28,73,37,39,37.5,26,26,29.290001,42,36,0,0,37,,,,,,,,,,,,,,,,,,,,,350,350,174,GRC,26.220451,26.178951,.8470329,.02,.33016887,.2465229,.93720418,.45982382,1
2014,GR,GRC,31,Greece,40.790001,60,43,16,49,71,60,30,40,45,44,43,29,37,0,6,36,Europe & Central Asia,13.2,6,Emerging and advancing,,,,,,,,,,,,,,,,,350,350,174,GRC,26.223974,28.3605,.80212557,.02,.33016887,.2465229,.93645561,.39539856,2
2015,GR,GRC,33,Greece,38.48,60,38,18,,76,60,29,52,46,23,40.330002,37,50,0,5,38,Europe & Central Asia,-2.3099999,-2,,45,62,,,,,,,,,,,,,,,350,350,174,GRC,26.221781,30.910351,.80212557,.2,.33016887,.295385,.93199027,.24921289,3
2016,GR,GRC,36,Greece,38.939999,59,38,20,,78,39,31,38,39,38,38.330002,40,37,0,12,41,Europe & Central Asia,.46000001,-3,,56,62,,,,,,,,,,,,,,,350,350,174,GRC,,,.80212557,.2,.33016887,.295385,.92938346,,4
2016,GT,GTM,63,Guatemala,23.719999,32,29,11,,54,36,80,25,44,23,30.67,57,29,0,0,67,Latin America & Caribbean,,,,16,27,,,,,,,,,,,,,,,90,90,258,GTM,,,.79470992,.029999999,.59159005,.77453721,.72603834,,4
2017,GT,GTM,28,Guatemala,,,,,,,,,,,,,,,,,,Latin America & Caribbean,2,,,,,26,36,37,5,29,36,46,35,44,36,31,15,0,0,90,90,258,GTM,,,,,,,,,5
2014,HT,HTI,85,Haiti,1.1900001,5,2,0,1,8,12,85,4,5,7,5.3299999,84,0,0,0,65,Latin America & Caribbean,,,Capacity constrained,,,,,,,,,,,,,,,,,41,41,263,HTI,22.765007,0,.52825278,0,.59902465,.60008401,.79273319,-2.0307193,2
2015,HT,HTI,92,Haiti,0,4,0,0,,7,17,90,7,6,8,7,92,0,0,0,73,Latin America & Caribbean,-1.1900001,-7,,4,3,,,,,,,,,,,,,,,41,41,263,HTI,22.776791,.0127125,.52825278,0,.59902465,.60008401,.79273319,-2.0021462,3
2016,HT,HTI,104,Haiti,6.27,19,6,0,,13,31,101,9,7,18,11.33,103,0,0,0,99,Latin America & Caribbean,6.27,-12,,12,27,,,,,,,,,,,,,,,41,41,263,HTI,,,.52825278,0,.59902465,.60008401,.81745744,,4
2013,HU,HUN,42,Hungary,26.09,32,29,11,37,32,33,58,48.75,33,12,30,40,16,0,14,39,,,,,,,,,,,,,,,,,,,,,310,310,944,HUN,25.614824,26.089146,.67353922,.31,.12231904,.45562431,.87591785,.65532976,1
2014,HU,HUN,33,Hungary,38.259998,48,38,33,36,64,47,40,44,50,19,37.669998,34,48,9,27,25,Europe & Central Asia,12.17,9,Emerging and advancing,,,,,,,,,,,,,,,,,310,310,944,HUN,25.654501,25.978979,.60614532,.28999999,.12231904,.45562431,.87598509,.53277832,2
2015,HU,HUN,50,Hungary,25.540001,35,34,6,,54,40,59,45,51,13,36.330002,44,20,0,0,53,Europe & Central Asia,-12.72,-17,,25,32,,,,,,,,,,,,,,,310,310,944,HUN,25.685495,27.43099,.62311327,.25999999,.12231904,.45562431,.86549038,.49179479,3
2016,HU,HUN,65,Hungary,23.299999,21,31,19,,41,23,99,37,51,9,32.330002,55,29,15,4,44,Europe & Central Asia,-2.24,-15,,12,17,,,,,,,,,,,,,,,310,310,944,HUN,,,.61949456,.23999999,.12231904,.45562431,.86114532,,4
2013,IS,ISL,13,Iceland,51.009998,63,53,26,51,79,60,24,60,66,32,52.139999,13,31,0,46,19,,,,,,,,,,,,,,,,,,,,,395,395,176,ISL,23.382559,35.64629,.97372597,.16,.025880611,.032458689,.85533321,1.4950569,1
2014,IS,ISL,27,Iceland,46.57,73,37,49,61,89,69,21,57,42,13,37.330002,36,39,14,67,16,Europe & Central Asia,-4.4400001,-14,High capacity,,,,,,,,,,,,,,,,,395,395,176,ISL,23.40164,35.91547,.97372597,.16,.025880611,.032458689,.85533321,1.4958994,2
2015,IS,ISL,22,Iceland,52.73,64,62,29,,87,69,25,73,64,45,60.669998,13,20,0,62,26,Europe & Central Asia,6.1599998,5,,43,59,,,,,,,,,,,,,,,395,395,176,ISL,23.442495,36.954456,.97372597,.16,.025880611,.032458689,.85533321,1.5009251,3
2016,IS,ISL,36,Iceland,38.869999,48,47,17,,74,35,50,56,49,33,46,27,9,0,28,46,Europe & Central Asia,-13.86,-14,,35,50,,,,,,,,,,,,,,,395,395,176,ISL,,,.97372597,.16,.025880611,.032458689,.85533321,,4
2013,IN,IND,34,India,33.380001,57,34,10,53,76,46,29,25,52,25,34.639999,32,22,0,7,40,,,,,,,,,,,,,,,,,,,,,750,750,534,IND,28.316782,1.192173,.84193277,0,.46046469,.46823049,.72974646,-.1735526,1
2014,IN,IND,39,India,33.150002,56,37,3,57,70,43,33,32,54,25,37,38,7,0,0,51,South Asia,-.23,-5,Emerging and advancing,,,,,,,,,,,,,,,,,750,750,534,IND,28.386116,1.2426997,.84193277,0,.42361695,.42078921,.72509092,-.20434386,2
2015,IN,IND,38,India,33.98,48,39,14,,56,31,39,47,54,22,41,36,0,10,29,41,South Asia,.82999998,1,,66,50,,,,,,,,,,,,,,,750,750,534,IND,28.462463,1.3211851,.74755907,0,.53832448,.43452886,.63366425,.10058618,3
2016,IN,IND,33,India,42.799999,68,32,35,,63,62,22,29,48,23,33.330002,51,17,20,40,30,South Asia,8.8199997,5,,77,63,,,,,,,,,,,,,,,750,750,534,IND,,,.74850786,0,.53832448,.43452886,.61187267,,4
2017,IN,IND,16,India,,,,,,,,,,,,,,,,,,South Asia,9,,,,,48,64,49,32,67,72,62,56,53,42,52,30,20,45,750,750,534,IND,,,,,,,,,5
2013,ID,IDN,52,Indonesia,18.66,35,20,0,46,50,15,56,18.75,33,15,22.5,52,0,0,0,53,,,,,,,,,,,,,,,,,,,,,850,850,536,IDN,27.522614,1.3014195,.88994861,0,.76125985,.57092834,.71709555,-.18706039,1
2014,ID,IDN,36,Indonesia,36.18,46,41,17,49,54,37,47,39,70,12,40.330002,31,17,29,0,35,East Asia & Pacific,17.52,16,Capacity constrained,,,,,,,,,,,,,,,,,850,850,536,IDN,27.57163,1.1902845,.88994861,0,.76210785,.57092834,.72323179,-.01091979,2
2015,ID,IDN,40,Indonesia,31.809999,46,36,14,,61,31,42,48,46,21,38.330002,40,30,0,11,42,East Asia & Pacific,-4.3699999,-4,,54,46,,,,,,,,,,,,,,,850,850,536,IDN,27.618456,1.0891296,.90240604,0,.68290466,.54504561,.74229634,-.22453643,3
2016,ID,IDN,38,Indonesia,38.349998,51,39,25,,65,37,47,54,42,22,39.330002,38,45,10,8,36,East Asia & Pacific,6.54,2,,41,61,,,,,,,,,,,,,,,850,850,536,IDN,,,.90240604,0,.68290466,.54504561,.74229634,,4
2017,ID,IDN,21,Indonesia,,,,,,,,,,,,,,,,,,East Asia & Pacific,3,,,,,37,49,45,17,39,52,61,43,54,47,35,30,10,10,850,850,536,IDN,,,,,,,,,5
2013,IE,IRL,29,Ireland,35.759998,62,33,24,52,78,56,27,30,42,28,33.57,34,35,12,21,24,,,,,,,,,,,,,,,,,,,,,205,205,178,IRL,26.122473,25.700617,.94059706,.2,.04133423,.066113919,.93719852,1.47671,1
2014,IE,IRL,31,Ireland,40.740002,74,39,14,63,84,72,20,47,41,30,39.330002,32,17,0,19,38,Europe & Central Asia,4.98,-2,Emerging and advancing,,,,,,,,,,,,,,,,,205,205,178,IRL,26.203707,26.911835,.94059706,.2,.04133423,.066113919,.93719852,1.5999104,2
2015,IE,IRL,27,Ireland,46.529999,81,52,5,,96,77,12,57,74,26,52.330002,22,0,0,13,57,Europe & Central Asia,5.79,4,,79,69,,,,,,,,,,,,,,,205,205,178,IRL,26.437008,27.702705,.94059706,.2,.04133423,.066113919,.93719852,1.5365726,3
2016,IE,IRL,26,Ireland,47.439999,70,51,17,,86,56,21,62,51,34,49,25,10,10,19,47,Europe & Central Asia,.91000003,1,,78,56,,,,,,,,,,,,,,,205,205,178,IRL,,,.94059706,.2,.04133423,.066113919,.93719852,,4
2013,IL,ISR,18,Israel,45.580002,62,46,25,60,72,53,26,53.75,32,53,45.709999,17,38,0,36,22,,,,,,,,,,,,,,,,,,,,,666,666,436,ISR,26.293291,25.901497,.78925198,0,.12403393,.200709,.74152434,1.2290089,1
2014,IL,ISR,20,Israel,52.970001,70,51,43,76,67,65,23,47,45,58,50,22,65,14,31,20,Middle East & North Africa,7.3899999,-2,High capacity,,,,,,,,,,,,,,,,,666,666,436,ISR,26.324432,27.243299,.78925198,.0099999998,.12403393,.200709,.7393102,1.1585391,2
2015,IL,ISR,29,Israel,43.709999,60,37,39,,66,62,30,37,38,42,39,39,50,0,62,21,Middle East & North Africa,-9.2600002,-9,,59,55,,,,,,,,,,,,,,,666,666,436,ISR,26.349201,27.438503,.78925198,.0099999998,.12403393,.200709,.73743582,1.3751553,3
2016,IL,ISR,28,Israel,46.259998,66,37,42,,76,61,26,50,39,23,37.330002,43,38,10,47,22,Middle East & North Africa,2.55,1,,67,53,,,,,,,,,,,,,,,666,666,436,ISR,,,.78925198,.0099999998,.12403393,.200709,.73480779,,4
2013,IT,ITA,20,Italy,45.299999,50,43,46,54,74,27,33,32.5,38,56,42.860001,20,56,14,60,11,,,,,,,,,,,,,,,,,,,,,,,,,,,,,,,,,
2014,IT,ITA,22,Italy,50.580002,55,54,36,59,72,39,35,52,50,57,53,15,43,9,39,24,Europe & Central Asia,5.2800002,-2,Emerging and advancing,,,,,,,,,,,,,,,,,,,,,,,,,,,,,
2015,IT,ITA,21,Italy,53.779999,67,52,45,,74,56,24,45,56,54,51.669998,23,80,19,34,16,Europe & Central Asia,3.2,1,,65,74,,,,,,,,,,,,,,,,,,,,,,,,,,,
2016,IT,ITA,20,Italy,55.93,79,51,37,,80,74,15,39,63,47,49.669998,24,55,0,32,27,Europe & Central Asia,2.1500001,1,,78,76,,,,,,,,,,,,,,,,,,,,,,,,,,,
2017,IT,ITA,14,Italy,,,,,,,,,,,,,,,,,,Europe & Central Asia,2,,,,,50,61,61,27,59,66,75,43,59,68,57,30,10,40,,,,,,,,,,,,,
2013,JM,JAM,46,Jamaica,22.690001,33,26,2,27,47,31,57,23.75,45,13,27.5,45,0,0,7,51,,,,,,,,,,,,,,,,,,,,,51,51,343,JAM,23.318821,5.0582495,.86478668,.02,.18077257,.23329552,.8469032,.038339254,1
2014,JM,JAM,49,Jamaica,26.26,42,27,11,28,55,45,53,21,52,12,28.33,48,0,14,13,40,Latin America & Caribbean,3.5699999,-3,Capacity constrained,,,,,,,,,,,,,,,,,51,51,343,JAM,23.325743,5.4148922,.86478668,.02,.18077257,.23329552,.8469032,.13720793,2
2015,JM,JAM,53,Jamaica,21.65,36,14,20,,55,53,58,25,21,12,19.33,63,10,17,31,35,Latin America & Caribbean,-4.6100001,-4,,21,23,,,,,,,,,,,,,,,51,51,343,JAM,23.335659,8.1360664,.86478668,.02,.18077257,.23329552,.8469032,.2461531,3
2016,JM,JAM,40,Jamaica,36.950001,44,35,36,,55,50,58,37,46,24,35.669998,46,17,30,34,28,Latin America & Caribbean,15.3,13,,40,32,,,,,,,,,,,,,,,51,51,343,JAM,,,.86478668,.02,.18077257,.23329552,.8469032,,4
2013,JP,JPN,14,Japan,49.169998,77,47,28,74,81,71,13,27.5,55,54,46.790001,16,0,64,7,16,,,,,,,,,,,,,,,,,,,,,740,740,158,JPN,29.404995,29.036976,.80536038,.0099999998,.01836695,.057980921,.92579049,1.6070156,1
2014,JP,JPN,19,Japan,53.580002,81,53,30,81,86,74,15,53,62,39,51.330002,20,17,43,20,26,East Asia & Pacific,4.4099998,-5,High capacity,,,,,,,,,,,,,,,,,740,740,158,JPN,29.408346,29.755108,.80536038,.0099999998,.01836695,.057980921,.92552471,1.8188713,2
2015,JP,JPN,13,Japan,63.5,77,53,65,,88,76,16,61,48,51,53.330002,20,70,71,49,9,East Asia & Pacific,9.9200001,6,,71,73,,,,,,,,,,,,,,,740,740,158,JPN,29.420467,30.656776,.77703911,.0099999998,.032049,.058203939,.8525309,1.7913879,3
2016,JP,JPN,8,Japan,75.160004,84,60,89,,85,78,10,67,60,44,57,12,82,80,51,4,East Asia & Pacific,11.66,5,,77,83,,,,,,,,,,,,,,,740,740,158,JPN,,,.77703911,.0099999998,.032049,.058203939,.8525309,,4
2017,JP,JPN,7,Japan,,,,,,,,,,,,,,,,,,East Asia & Pacific,10,,,,,68,78,68,58,69,83,84,75,65,66,74,55,50,70,740,740,158,JPN,,,,,,,,,5
2013,JO,JOR,63,Jordan,9.6300001,31,9,0,43,16,39,59,8.75,15,11,11.79,68,0,0,0,53,,,,,,,,,,,,,,,,,,,,,663,663,439,JOR,24.076942,4.5145874,.62174606,0,.48140568,.37304351,.63441199,-.042498071,1
2014,JO,JOR,61,Jordan,15.49,40,14,0,50,21,49,54,8,29,11,16,67,0,0,0,65,Middle East & North Africa,5.8600001,2,Capacity constrained,,,,,,,,,,,,,,,,,663,663,439,JOR,24.107435,4.6874328,.61797512,0,.48140568,.35794345,.66246825,.13467199,2
2015,JO,JOR,70,Jordan,10.32,27,8,0,,18,38,67,15,13,13,13.67,80,0,0,0,74,Middle East & North Africa,-5.1700001,-9,,35,27,,,,,,,,,,,,,,,663,663,439,JOR,24.130983,4.1640439,.61797512,0,.48140568,.35794345,.65647441,.13580668,3
2016,JO,JOR,87,Jordan,12.58,28,11,6,,17,35,84,13,20,13,15.33,89,0,0,11,78,Middle East & North Africa,2.26,-17,,36,26,,,,,,,,,,,,,,,663,663,439,JOR,,,.61076617,0,.45871079,.32648522,.62861526,,4
2013,KZ,KAZ,37,Kazakhstan,27.610001,35,32,3,56,11,39,55,31.25,45,23,33.209999,35,0,0,8,48,,,,,,,,,,,,,,,,,,,,,705,705,916,KAZ,25.897341,11.914557,.56120366,.039999999,.74331939,.80997592,.55314243,-.52720916,1
2014,KZ,KAZ,49,Kazakhstan,25.870001,40,30,3,53,25,42,55,27,33,33,31,46,7,0,0,51,Europe & Central Asia,-1.74,-12,One sided initiative,,,,,,,,,,,,,,,,,705,705,916,KAZ,25.938482,12.9344,.56120366,.029999999,.74331939,.80997592,.54354811,-.01522462,2
2015,KZ,KAZ,56,Kazakhstan,20.09,29,28,3,,23,28,64,20,42,31,31,50,0,0,8,62,Europe & Central Asia,-5.7800002,-7,,36,40,,,,,,,,,,,,,,,705,705,916,KAZ,25.950411,13.720565,.56120366,.029999999,.74331939,.80997592,.52623546,-.05297124,3
2016,KZ,KAZ,59,Kazakhstan,26.1,39,32,6,,22,40,64,29,46,24,33,53,0,10,4,77,Europe & Central Asia,6.0100002,-3,,43,52,,,,,,,,,,,,,,,705,705,916,KAZ,,,.57128209,.029999999,.46579233,.80639774,.55896348,,4
2013,KE,KEN,22,Kenya,43.060001,50,46,22,53,47,51,34,50,48,40,45.709999,17,25,12,23,27,,,,,,,,,,,,,,,,,,,,,501,501,664,KEN,24.571375,.16716534,.88162249,.15000001,.66983259,.71387202,.70164549,-.45567504,1
2014,KE,KEN,49,Kenya,25.799999,42,23,20,43,47,40,52,9,43,22,24.67,52,24,14,13,32,Sub-Saharan Africa,-17.26,-27,Capacity constrained,,,,,,,,,,,,,,,,,501,501,664,KEN,24.62332,.22353894,.88162249,.15000001,.66983259,.71387202,.69404006,-.3197608,2
2015,KE,KEN,42,Kenya,29.870001,45,27,21,,45,49,44,15,32,44,30.33,51,30,0,31,32,Sub-Saharan Africa,4.0700002,7,,46,46,,,,,,,,,,,,,,,501,501,664,KEN,24.678274,.28900748,.88162249,.14,.66983259,.71387202,.69404006,-.28513628,3
2016,KE,KEN,35,Kenya,40.419998,57,22,58,,54,59,37,15,37,21,24.33,67,63,45,31,18,Sub-Saharan Africa,10.55,7,,52,57,,,,,,,,,,,,,,,501,501,664,KEN,,,.7812258,.13,.72038245,.79514951,.66437709,,4
2014,KR,KOR,17,Korea,57.650002,79,54,48,65,84,83,18,45,57,56,52.669998,16,59,17,46,17,East Asia & Pacific,3.4400001,-5,High capacity,,,,,,,,,,,,,,,,,,,,,,,,,,,,,
2016,KR,KOR,5,Korea,81.160004,95,59,100,,91,85,5,62,59,48,56.330002,14,91,80,66,1,East Asia & Pacific,9.9700003,3,,96,93,,,,,,,,,,,,,,,,,,,,,,,,,,,
2013,KR,KOR,12,Korea (Rep. of),54.209999,77,55,25,84,65,76,12,52.5,50,59,53.93,12,33,7,31,22,,,,,,,,,,,,,,,,,,,,,,,,,,,,,,,,,
2015,KR,KOR,8,Korea (Republic of),71.190002,95,64,58,,92,86,4,60,76,52,62.669998,12,60,45,62,13,East Asia & Pacific,13.54,9,,97,98,,,,,,,,,,,,,,,,,,,,,,,,,,,
2016,XK,XKX,63,Kosovo,23.67,47,21,7,,63,42,53,38,22,11,23.67,68,19,0,0,72,Europe & Central Asia,,,,29,55,,,,,,,,,,,,,,,347,347,967,KSV,,,.58413583,0,.5436669,.53803706,.70708972,,4
2016,KG,KGZ,87,Kyrgyzstan,13.24,23,13,11,,41,20,97,11,26,13,16.67,85,10,10,7,65,Europe & Central Asia,,,,18,21,,,,,,,,,,,,,,,,,,,,,,,,,,,
2016,LV,LVA,53,Latvia,27.889999,34,43,0,,58,35,74,34,53,40,42.330002,35,0,0,0,101,Europe & Central Asia,,,,17,31,,,,,,,,,,,,,,,367,367,941,LVA,,,.78996968,.25,.22932731,.059708659,.91379517,,4
2016,LB,LBN,104,Lebanon,5.8200002,17,7,0,,13,35,102,7,20,9,12,98,0,0,0,102,Middle East & North Africa,,,,5,21,,,,,,,,,,,,,,,660,660,446,LBN,,,.75624764,0,.71530873,.6814149,.74793321,,4
2015,MK,MKD,33,Macedonia,38.130001,52,42,20,,72,46,38,33,62,36,43.669998,32,30,19,11,36,Europe & Central Asia,,,,63,35,,,,,,,,,,,,,,,,,,,,,,,,,,,
2016,MK,MKD,48,Macedonia,32.580002,57,29,13,,71,51,35,30,42,21,31,56,9,20,4,56,Europe & Central Asia,-5.5500002,-15,,60,46,,,,,,,,,,,,,,,,,,,,,,,,,,,
2013,MW,MWI,59,Malawi,14.47,28,12,17,28,41,23,61,8.75,21,13,14.64,60,24,0,24,32,,,,,,,,,,,,,,,,,,,,,553,553,676,MWI,22.779854,.05364072,.72983915,.0099999998,.82893765,.74974275,.76412982,-.48228502,1
2014,MW,MWI,68,Malawi,12.15,26,13,0,27,37,21,68,14,22,10,15.33,68,0,0,0,65,Sub-Saharan Africa,-2.3199999,-9,Capacity constrained,,,,,,,,,,,,,,,,,553,553,676,MWI,22.835289,.05087008,.72907746,.0099999998,.77028483,.74079221,.7497611,-.63545567,2
2015,MW,MWI,78,Malawi,7.3899999,12,10,3,,22,12,88,25,11,11,15.67,74,0,0,8,63,Sub-Saharan Africa,-4.7600002,-10,,20,10,,,,,,,,,,,,,,,553,553,676,MWI,22.863159,.03382694,.74546808,.0099999998,.77028483,.74079221,.7743116,-.67486936,3
2016,MW,MWI,93,Malawi,10.51,8,16,13,,19,1,113,20,29,9,19.33,77,19,15,0,58,Sub-Saharan Africa,3.1199999,-15,,15,9,,,,,,,,,,,,,,,553,553,676,MWI,,,.7200526,.0099999998,.86032605,.77366245,.74594373,,4
2014,MY,MYS,41,Malaysia,30.76,44,37,3,64,29,40,49,36,53,22,37,39,0,0,6,51,East Asia & Pacific,,,One sided initiative,,,,,,,,,,,,,,,,,820,820,548,MYS,26.473722,10.139826,.74669302,0,.48394847,.62164044,.58874869,1.1395011,2
2015,MY,MYS,51,Malaysia,24.6,46,17,16,,30,58,43,30,23,13,22,57,10,26,11,40,East Asia & Pacific,-6.1599998,-10,,55,45,,,,,,,,,,,,,,,820,820,548,MYS,26.522215,9.9957666,.74669302,0,.48394847,.62164044,.58874869,.96442771,3
2016,MY,MYS,53,Malaysia,28.059999,53,20,19,,34,58,42,21,34,13,22.67,71,17,25,4,45,East Asia & Pacific,3.46,-2,,66,50,,,,,,,,,,,,,,,820,820,548,MYS,,,.74669302,0,.48394847,.62164044,.57941145,,4
2013,ML,MLI,77,Mali,0,6,0,0,23,0,6,76,3.75,3,6,4.29,76,0,0,0,53,,,,,,,,,,,,,,,,,,,,,432,432,678,MLI,23.137787,.019011021,.9085865,.029999999,.70937008,.68810511,.76365346,-.88463181,1
2014,ML,MLI,84,Mali,3.3,19,0,3,17,25,20,77,2,2,6,3.3299999,86,0,0,6,51,Sub-Saharan Africa,3.3,-7,Capacity constrained,,,,,,,,,,,,,,,,,432,432,678,MLI,23.205851,.01896218,.8738538,.029999999,.70937008,.68810511,.77626944,-1.0801378,2
2015,ML,MLI,88,Mali,3.98,13,3,0,,26,15,85,6,13,9,9.3299999,89,0,0,0,75,Sub-Saharan Africa,.68000001,-4,,24,4,,,,,,,,,,,,,,,432,432,678,MLI,23.263767,.021520929,.83700466,.029999999,.70937008,.68810511,.78575957,-.91128254,3
2016,ML,MLI,111,Mali,2.46,12,3,0,,25,13,110,8,10,8,8.6700001,114,0,0,0,103,Sub-Saharan Africa,-1.52,-23,,22,0,,,,,,,,,,,,,,,432,432,678,MLI,,,.8401162,.029999999,.70937008,.68810511,.78891635,,4
2013,MU,MUS,42,Mauritius,26.08,36,31,0,38,43,32,53,37.5,29,30,31.790001,38,0,0,0,53,,,,,,,,,,,,,,,,,,,,,590,590,684,MUS,23.1336,13.050435,.66747421,0,.38405392,.58064765,.88463545,.86555982,1
2014,MU,MUS,54,Mauritius,21.860001,35,25,3,39,41,29,61,21,45,13,26.33,50,7,0,0,51,Sub-Saharan Africa,-4.2199998,-12,Capacity constrained,,,,,,,,,,,,,,,,,590,590,684,MUS,23.170361,14.569896,.66747421,0,.38405392,.58064765,.87844187,1.035982,2
2015,MU,MUS,53,Mauritius,22.33,38,29,0,,43,38,54,30,43,23,32,48,0,0,0,76,Sub-Saharan Africa,.47,1,,56,25,,,,,,,,,,,,,,,590,590,684,MUS,23.20446,15.746888,.66914117,0,.38405392,.58858383,.88165265,1.0358155,3
2016,MU,MUS,59,Mauritius,26.299999,38,33,6,,45,40,65,33,56,13,34,48,0,0,11,79,Sub-Saharan Africa,3.97,-6,,39,32,,,,,,,,,,,,,,,590,590,684,MUS,,,.66914117,0,.38405392,.58858383,.8753742,,4
2013,MX,MEX,25,Mexico,40.299999,49,45,8,55,56,39,35,45,55,36,45.360001,19,16,0,8,44,,,,,,,,,,,,,,,,,,,,,70,70,273,MEX,27.773439,10.050749,.63895136,.07,.63000023,.71920413,.72340798,.33956966,1
2014,MX,MEX,24,Mexico,50.09,67,54,24,69,78,56,26,49,56,52,52.330002,19,33,0,27,29,Latin America & Caribbean,9.79,1,Emerging and advancing,,,,,,,,,,,,,,,,,70,70,273,MEX,27.795645,10.233638,.64904159,.07,.63000023,.71920413,.72612184,.18899705,2
2015,MX,MEX,16,Mexico,61.759998,69,57,63,,80,58,22,62,54,52,56,18,80,60,47,11,Latin America & Caribbean,11.67,8,,72,68,,,,,,,,,,,,,,,70,70,273,MEX,27.819996,11.641447,.68122298,.059999999,.63628834,.71920413,.72858423,.21091041,3
2016,MX,MEX,11,Mexico,73.449997,83,58,88,,83,70,12,58,58,49,55,17,100,60,51,6,Sub-Saharan Africa,11.69,5,,83,85,,,,,,,,,,,,,,,70,70,273,MEX,,,.70250612,.059999999,.63628834,.71920413,.72858423,,4
2017,MX,MEX,6,Mexico,,,,,,,,,,,,,,,,,,Latin America & Caribbean,11,,,,,69,79,67,62,76,88,81,72,73,55,74,75,45,65,70,70,273,MEX,,,,,,,,,5
2016,MD,MDA,31,Moldova,43.68,55,54,14,,72,36,38,59,61,36,52,21,27,0,7,55,Europe & Central Asia,5.25,2,,60,55,,,,,,,,,,,,,,,359,359,921,MDA,,,.77003378,.19,.803882,.81759095,.77418286,,4
2015,MD,MDA,33,Moldova (Republic of),38.43,53,44,18,,70,42,36,54,52,30,45.330002,30,40,0,13,39,Europe & Central Asia,,,,59,46,,,,,,,,,,,,,,,,,,,,,,,,,,,
2016,ME,MNE,83,Montenegro,14.54,33,13,4,,50,29,78,17,25,9,17,83,10,0,0,84,Europe & Central Asia,,,,29,28,,,,,,,,,,,,,,,341,341,943,MNE,,,.75357598,.12,.47356915,.69290918,.80641651,,4
2013,MA,MAR,40,Morocco,27.24,36,28,17,41,45,29,51,25,23,39,29.290001,42,49,0,0,32,,,,,,,,,,,,,,,,,,,,,600,600,686,MAR,25.383331,2.5567625,.83306026,.20999999,.61285901,.28724667,.60720688,-.03252073,1
2014,MA,MAR,55,Morocco,21.110001,47,15,18,54,49,40,44,16,16,19,17,64,33,14,0,34,Middle East & North Africa,-6.1300001,-15,Emerging and advancing,,,,,,,,,,,,,,,,,600,600,686,MAR,25.408524,2.9661531,.85464627,.20999999,.61285901,.28724667,.60424638,-.066279553,2
2015,MA,MAR,62,Morocco,16.17,36,13,3,,44,38,57,13,28,13,18,68,10,0,0,60,Middle East & North Africa,-4.9400001,-7,,26,45,,,,,,,,,,,,,,,600,600,686,MAR,25.452621,3.3795543,.84556651,.20999999,.65965927,.24469595,.63080585,-.060515668,3
2016,MA,MAR,79,Morocco,16.860001,38,12,7,,43,34,66,13,23,13,16.33,86,10,0,7,71,Middle East & North Africa,.69,-17,,33,44,,,,,,,,,,,,,,,600,600,686,MAR,,,.84036553,.2,.65443975,.25199273,.65418673,,4
2014,MZ,MOZ,59,Mozambique,16.200001,21,22,0,16,40,15,73,19,39,11,23,55,0,0,0,65,Sub-Saharan Africa,,,Capacity constrained,,,,,,,,,,,,,,,,,541,541,688,MOZ,23.320204,.1397085,.68928266,.029999999,.73928595,.61314338,.67485237,-.7257449,2
2015,MZ,MOZ,76,Mozambique,8.1400003,18,9,0,,31,22,80,23,14,8,15,76,0,0,0,77,Sub-Saharan Africa,-8.0600004,-17,,14,18,,,,,,,,,,,,,,,541,541,688,MOZ,23.384209,.15695845,.68031162,.029999999,.75506192,.53992546,.68257302,-.74171746,3
2016,MZ,MOZ,110,Mozambique,3.46,14,4,0,,27,16,106,9,10,9,9.3299999,111,0,0,0,104,Sub-Saharan Africa,-4.6799998,-34,,16,8,,,,,,,,,,,,,,,541,541,688,MOZ,,,.78408629,.029999999,.6409868,.51946598,.67729098,,4
2014,MM,MMR,86,Myanmar,0,0,2,0,0,10,0,86,4,5,6,5,85,0,0,0,65,East Asia & Pacific,,,Capacity constrained,,,,,,,,,,,,,,,,,,,,,,,,,,,,,
2015,MM,MMR,88,Myanmar,3.5599999,0,11,0,,8,3,92,18,24,8,16.67,72,0,0,0,78,East Asia & Pacific,3.5599999,-2,,9,0,,,,,,,,,,,,,,,,,,,,,,,,,,,
2016,MM,MMR,113,Myanmar,1.33,2,5,4,,11,0,114,8,15,9,10.67,106,10,0,0,85,East Asia & Pacific,-2.23,-25,,8,3,,,,,,,,,,,,,,,,,,,,,,,,,,,
2013,NA,NAM,67,Namibia,7,12,9,0,26,10,9,73,15,13,9,12.14,67,0,0,0,53,,,,,,,,,,,,,,,,,,,,,565,565,728,NAM,23.300531,1.5516766,.69715387,.029999999,.34325713,.34927651,.8834011,.19341758,1
2014,,NAM,77,Namibia,9.4399996,25,9,0,27,29,23,70,8,17,10,11.67,76,0,0,0,65,Sub-Saharan Africa,2.4400001,-10,Capacity constrained,,,,,,,,,,,,,,,,,565,565,728,NAM,23.363119,1.7552049,.69715387,.029999999,.34325713,.34927651,.86465102,.11733196,2
2015,,NAM,78,Namibia,7.3499999,23,3,0,,33,30,71,10,9,11,10,85,0,0,0,79,Sub-Saharan Africa,-2.0899999,-1,,19,23,,,,,,,,,,,,,,,565,565,728,NAM,23.414717,2.943023,.69715387,.029999999,.34325713,.34927651,.86465102,.25781685,3
2016,,NAM,98,Namibia,9.0799999,25,8,0,,29,35,88,10,8,21,13,97,0,0,0,105,Sub-Saharan Africa,1.73,-20,,28,15,,,,,,,,,,,,,,,565,565,728,NAM,,,.69715387,.029999999,.34325713,.34927651,.88069284,,4
2013,NP,NPL,55,Nepal,15.7,21,18,3,21,48,5,64,21.25,13,28,20.709999,53,0,0,8,48,,,,,,,,,,,,,,,,,,,,,790,790,558,NPL,23.616829,1.1204515,.79127651,.02,.75009722,.60159308,.68642259,-.92625511,1
2014,NP,NPL,61,Nepal,14.56,30,16,0,14,50,32,66,16,10,27,17.67,62,0,0,0,65,South Asia,-1.14,-6,Capacity constrained,,,,,,,,,,,,,,,,,790,790,558,NPL,23.674995,.8911643,.79041368,.02,.75009722,.60159308,.70248044,-.83093232,2
2015,NP,NPL,68,Nepal,13.09,22,12,8,,51,24,72,17,10,26,17.67,69,10,0,13,49,South Asia,-1.47,-7,,12,17,,,,,,,,,,,,,,,790,790,558,NPL,23.701883,1.06434,.81153655,.02,.77812988,.61797684,.74363184,-1.0434798,3
2016,NP,NPL,83,Nepal,15.49,23,14,17,,42,18,95,8,7,39,18,81,9,15,16,48,South Asia,2.4000001,-15,,13,27,,,,,,,,,,,,,,,790,790,558,NPL,,,.85272026,.02,.79336745,.64071119,.73758131,,4
2013,NL,NLD,10,Netherlands,63.66,86,67,21,86,84,81,7,80,57,61,65,6,18,7,36,28,,,,,,,,,,,,,,,,,,,,,210,210,138,NLD,27.456388,40.526924,.87977219,.07,.02424462,.033773638,.91801906,1.7795126,1
2014,NL,NLD,6,Netherlands,75.790001,95,76,57,93,91,93,4,79,82,56,72.330002,5,76,26,46,13,Europe & Central Asia,12.13,4,High capacity,,,,,,,,,,,,,,,,,210,210,138,NLD,27.470486,40.773785,.87977219,.059999999,.02424462,.033773638,.91100001,1.8291703,2
2015,NL,NLD,7,Netherlands,75.129997,90,69,70,,97,89,5,60,85,55,66.669998,9,70,57,74,7,Europe & Central Asia,-.66000003,-1,,79,88,,,,,,,,,,,,,,,210,210,138,NLD,27.489815,41.730087,.88284177,.059999999,.02244791,.02001873,.93421656,1.8417928,3
2016,NL,NLD,8,Netherlands,74.949997,94,64,68,,99,97,6,59,63,60,60.669998,10,63,50,47,16,Europe & Central Asia,-.18000001,-1,,85,82,,,,,,,,,,,,,,,210,210,138,NLD,,,.88284177,.19,.02244791,.02001873,.93562227,,4
2013,NZ,NZL,4,New Zealand,74.339996,82,65,90,74,93,74,9,63.75,75,52,63.57,7,100,73,77,2,,,,,,,,,,,,,,,,,,,,,920,920,196,NZL,25.785418,29.207052,.92337388,.40000001,.01421095,.017188789,.93691856,1.7580936,1
2014,NZ,NZL,4,New Zealand,80.010002,81,88,55,82,93,68,16,76,83,92,83.669998,3,69,0,67,14,East Asia & Pacific,5.6700001,0,High capacity,,,,,,,,,,,,,,,,,920,920,196,NZL,25.820555,30.979826,.92337388,.40000001,.01421095,.017188789,.93546253,1.9283566,2
2015,NZ,NZL,6,New Zealand,76.349998,87,62,87,,96,77,9,51,78,52,60.330002,14,80,100,74,2,East Asia & Pacific,-3.6600001,-2,,93,79,,,,,,,,,,,,,,,920,920,196,NZL,25.853922,31.566036,.92337388,.40000001,.01421095,.017188789,.93613034,1.8901094,3
2016,NZ,NZL,7,New Zealand,79.379997,92,58,99,,96,77,7,53,63,50,55.330002,16,81,100,55,2,East Asia & Pacific,3.03,-1,,93,89,,,,,,,,,,,,,,,920,920,196,NZL,,,.93466848,.40000001,.01421095,.017188789,.93613034,,4
2017,NZ,NZL,7,New Zealand,,,,,,,,,,,,,,,,,,East Asia & Pacific,7,,,,,68,79,72,52,73,88,82,73,74,76,65,45,55,55,920,920,196,NZL,,,,,,,,,5
2013,NG,NGA,75,Nigeria,4.3499999,37,0,0,41,50,26,49,2.5,1,8,3.9300001,77,0,0,0,53,,,,,,,,,,,,,,,,,,,,,475,475,694,NGA,26.771135,.0086657004,.87857091,0,.89958203,.89282602,.71434546,-.98517942,1
2014,NG,NGA,68,Nigeria,11.53,39,6,6,34,40,44,56,8,8,10,8.6700001,82,0,0,13,45,Sub-Saharan Africa,7.1799998,7,Capacity constrained,,,,,,,,,,,,,,,,,475,475,694,NGA,26.832321,.0088170897,.87857091,0,.89958203,.87194067,.71434546,-1.1825869,2
2015,NG,NGA,67,Nigeria,14.13,29,13,3,,36,38,65,10,35,11,18.67,65,10,0,0,61,Sub-Saharan Africa,2.5999999,1,,26,26,,,,,,,,,,,,,,,475,475,694,NGA,26.858503,.0085482197,.87857091,0,.752078,.78064817,.71137989,-.95197809,3
2016,NG,NGA,70,Nigeria,20.969999,31,7,41,,40,37,81,13,11,11,11.67,102,19,45,31,25,Sub-Saharan Africa,6.8400002,-3,,25,27,,,,,,,,,,,,,,,475,475,694,NGA,,,.88259172,0,.76067871,.76838601,.73756731,,4
2013,NO,NOR,5,Norway,71.860001,92,71,46,83,85,100,4,87.5,67,55,68.57,4,47,21,62,11,,,,,,,,,,,,,,,,,,,,,385,385,142,NOR,26.830311,37.891029,.97957772,.0099999998,.01331722,.02325944,.96102852,1.8769027,1
2014,NO,NOR,7,Norway,74.589996,88,73,64,89,85,85,10,70,83,58,70.330002,8,100,17,48,8,Europe & Central Asia,2.73,-2,High capacity,,,,,,,,,,,,,,,,,385,385,142,NOR,26.849316,38.82872,.97957772,.0099999998,.01331722,.02325944,.96102852,1.8098027,2
2015,NO,NOR,17,Norway,60.599998,80,58,46,,87,74,14,71,62,38,57,16,100,10,28,15,Europe & Central Asia,-13.99,-10,,82,76,,,,,,,,,,,,,,,385,385,142,NOR,26.865299,39.712673,.97957772,.0099999998,.01304287,.02325944,.94555628,1.862226,3
2016,NO,NOR,10,Norway,73.809998,77,71,73,,84,71,16,86,70,43,66.330002,6,92,20,58,13,Europe & Central Asia,13.21,7,,81,64,,,,,,,,,,,,,,,385,385,142,NOR,,,.97813541,.0099999998,.01447876,.01971508,.93934178,,4
2013,PK,PAK,63,Pakistan,9.6999998,15,12,0,16,18,20,69,21.25,12,13,15,59,0,0,0,53,,,,,,,,,,,,,,,,,,,,,770,770,564,PAK,26.006319,.89386284,.69994307,.11,.84526956,.49732736,.51271862,-.78969485,1
2014,PK,PAK,67,Pakistan,12.61,32,11,3,12,50,38,64,18,9,13,13.33,71,0,0,6,51,South Asia,2.9100001,-4,Capacity constrained,,,,,,,,,,,,,,,,,770,770,564,PAK,26.052008,1.0849955,.69743931,.1,.7104758,.52039987,.51603889,-.74862355,2
2015,PK,PAK,85,Pakistan,6.23,19,3,0,,29,31,78,12,5,13,10,86,0,0,0,80,South Asia,-6.3800001,-18,,11,19,,,,,,,,,,,,,,,770,770,564,PAK,26.098055,.95309901,.56633711,.090000004,.72548866,.53161758,.50106829,-.66135818,3
2016,PK,PAK,108,Pakistan,3.5899999,15,4,0,,19,21,104,13,5,9,9,113,0,0,0,106,South Asia,-2.6400001,-23,,15,13,,,,,,,,,,,,,,,770,770,564,PAK,,,.56633711,.079999998,.72176945,.53161758,.50660348,,4
2016,PS,PSE,100,Palestine,8.2399998,23,7,2,,20,35,94,10,13,13,12,99,0,0,4,91,Middle East & North Africa,,,,21,20,,,,,,,,,,,,,,,,,,,,,,,,,,,
2016,PA,PAN,77,Panama,17.9,44,15,0,,58,41,59,21,13,21,18.33,78,0,0,0,107,Latin America & Caribbean,,,,52,28,,,,,,,,,,,,,,,95,95,283,PAN,,,.61828864,.1,.2396417,.14810053,.91888213,,4
2017,PA,PAN,27,Panama,,,,,,,,,,,,,,,,,,Latin America & Caribbean,10,,,,,30,47,42,0,56,34,56,43,36,55,36,0,0,0,95,95,283,PAN,,,,,,,,,5
2015,PY,PRY,62,Paraguay,15.99,30,16,5,,40,41,63,18,7,37,20.67,60,10,0,5,55,Latin America & Caribbean,,,,25,23,,,,,,,,,,,,,,,150,150,288,PRY,23.957245,3.1403358,.62200075,.17,.64576036,.66126817,.81806165,-.9450354,3
2016,PY,PRY,53,Paraguay,28.07,35,33,16,,45,34,72,45,17,40,34,49,37,0,4,51,Latin America & Caribbean,12.08,9,,27,39,,,,,,,,,,,,,,,150,150,288,PRY,,,.61441863,.16,.64576036,.658005,.82113576,,4
2017,PY,PRY,23,Paraguay,,,,,,,,,,,,,,,,,,Latin America & Caribbean,7,,,,,34,41,45,15,37,40,44,43,54,26,54,20,20,5,150,150,288,PRY,,,,,,,,,5
2013,PE,PER,47,Peru,21.74,36,23,5,28,63,26,52,11.25,37,24,25,47,7,0,7,47,,,,,,,,,,,,,,,,,,,,,135,135,293,PER,25.894855,5.3095636,.79482919,.28999999,.47238743,.32861307,.82039803,-.1100025,1
2014,PE,PER,33,Peru,37.740002,44,49,0,41,62,35,48,53,67,25,48.330002,25,0,0,0,65,Latin America & Caribbean,16,14,Emerging and advancing,,,,,,,,,,,,,,,,,135,135,293,PER,25.918127,5.7429638,.78350598,.28999999,.47238743,.31738016,.8250103,-.27599886,2
2015,PE,PER,44,Peru,28.93,43,41,0,,69,38,47,51,43,33,42.330002,35,0,0,0,81,Latin America & Caribbean,-8.8100004,-11,,33,41,,,,,,,,,,,,,,,135,135,293,PER,25.950121,6.4165087,.78208292,.28,.36067176,.25058407,.82151258,-.27753046,3
2016,PE,PER,48,Peru,33.330002,47,38,14,,65,33,54,27,50,37,38,41,28,0,7,53,Latin America & Caribbean,4.4000001,-4,,42,49,,,,,,,,,,,,,,,135,135,293,PER,,,.81732595,.25999999,.36067176,.21272688,.81290382,,4
2013,PH,PHL,47,Philippines,21.91,40,21,10,54,29,40,44,11.25,20,36,23.209999,51,16,12,0,40,,,,,,,,,,,,,,,,,,,,,840,840,566,PHL,26.188435,2.614805,.81394333,.07,.53420103,.48702255,.72293484,.11939321,1
2014,PH,PHL,53,Philippines,23.190001,58,18,8,53,58,61,32,10,22,27,19.67,58,7,14,0,42,East Asia & Pacific,1.28,-6,Emerging and advancing,,,,,,,,,,,,,,,,,840,840,566,PHL,26.248762,2.8972044,.81394333,.07,.53420103,.48702255,.72808433,.19271889,2
2015,PH,PHL,36,Philippines,36.939999,55,32,28,,57,53,34,49,26,29,34.669998,46,40,17,26,27,East Asia & Pacific,13.75,17,,62,51,,,,,,,,,,,,,,,840,840,566,PHL,26.306135,4.7839417,.88802361,.07,.53420103,.48702255,.70796227,.10709221,3
2016,PH,PHL,22,Philippines,54.700001,58,41,76,,62,48,34,59,28,36,41,37,73,75,35,12,East Asia & Pacific,17.76,14,,69,52,,,,,,,,,,,,,,,840,840,566,PHL,,,.76429564,.07,.47334337,.3311989,.63648319,,4
2017,PH,PHL,19,Philippines,,,,,,,,,,,,,,,,,,East Asia & Pacific,-1,,,,,42,54,42,30,60,46,61,49,46,39,41,35,30,25,840,840,566,PHL,,,,,,,,,5
2014,PL,POL,35,Poland,36.990002,46,46,5,26,69,46,45,41,59,35,45,27,7,0,6,50,Europe & Central Asia,,,Emerging and advancing,,,,,,,,,,,,,,,,,290,290,964,POL,27.006634,18.926613,.81827497,.11,.18413033,.1369807,.93914068,.82450062,2
2015,PL,POL,32,Poland,39.950001,57,42,21,,79,61,33,33,69,29,43.669998,33,20,10,31,33,Europe & Central Asia,2.96,3,,39,53,,,,,,,,,,,,,,,290,290,964,POL,27.045286,19.009014,.81145507,.16,.18413033,.1369807,.93521422,.79975653,3
2016,PL,POL,46,Poland,33.950001,61,24,23,,82,45,29,33,22,24,26.33,64,10,20,23,37,Europe & Central Asia,-6,-14,,56,63,,,,,,,,,,,,,,,290,290,964,POL,,,.73799807,,.15591422,.14000373,.83494037,,4
2013,PT,PRT,27,Portugal,38.630001,60,38,19,64,77,41,28,55,40,24,38.57,28,25,7,22,30,,,,,,,,,,,,,,,,,,,,,235,235,182,PRT,26.12595,24.164011,.81726718,.15000001,.16225065,.073496498,.95367301,1.2391139,1
2014,PT,PRT,29,Portugal,46.119999,70,50,14,63,81,64,24,67,42,37,48.669998,24,31,0,6,38,Europe & Central Asia,7.4899998,-2,Emerging and advancing,,,,,,,,,,,,,,,,,235,235,182,PRT,26.134842,25.668463,.85458326,.14,.16225065,.073496498,.95367301,1.0099896,2
2015,PT,PRT,31,Portugal,41.380001,59,45,20,,77,60,32,54,58,26,46,29,10,36,13,37,Europe & Central Asia,-4.7399998,-2,,53,50,,,,,,,,,,,,,,,235,235,182,PRT,26.150671,29.615305,.85099727,.13,.1060832,.072126672,.95853031,1.2324576,3
2016,PT,PRT,34,Portugal,41.889999,58,47,16,,76,57,33,67,60,11,46,28,27,10,4,50,Europe & Central Asia,.50999999,-3,,43,55,,,,,,,,,,,,,,,235,235,182,PRT,,,.83100253,.12,.1626109,.11262532,.94170123,,4
2013,QA,QAT,60,Qatar,13.09,39,12,0,63,7,47,46,22.5,19,4,14.64,60,0,0,0,53,,,,,,,,,,,,,,,,,,,,,694,694,453,QAT,25.767056,9.9363527,.20283829,.12,.48386812,.57922137,.42444098,1.0822593,1
2014,QA,QAT,64,Qatar,13.97,46,9,0,66,14,55,46,12,14,10,12,74,0,0,0,65,Middle East & North Africa,.88,-4,One sided initiative,,,,,,,,,,,,,,,,,694,694,453,QAT,25.806072,9.9048204,.2144852,.11,.48386812,.57922137,.41907001,.9922902,2
2015,QA,QAT,60,Qatar,16.530001,42,12,0,,15,56,48,13,31,7,17,70,0,0,0,82,Middle East & North Africa,2.5599999,4,,71,32,,,,,,,,,,,,,,,694,694,453,QAT,25.840967,10.11568,.2144852,.1,.48386812,.57922137,.41907001,.9956395,3
2016,QA,QAT,74,Qatar,19.26,41,18,2,,7,54,61,20,39,6,21.67,73,0,0,4,92,Middle East & North Africa,2.73,-14,,69,31,,,,,,,,,,,,,,,694,694,453,QAT,,,.19628905,.090000004,.49282002,.57931125,.40257668,,4
2013,RU,RUS,20,Russia,44.790001,54,40,49,63,52,48,31,37.5,47,37,40.709999,23,64,14,62,9,,,,,,,,,,,,,,,,,,,,,,,,,,,,,,,,,
2014,RU,RUS,26,Russia,48.25,54,48,45,60,48,52,37,35,69,38,47.330002,26,41,9,61,19,Europe & Central Asia,3.46,-6,Emerging and advancing,,,,,,,,,,,,,,,,,,,,,,,,,,,,,
2016,RU,RUS,25,Russia,48.529999,60,54,27,,41,61,30,60,59,36,51.669998,22,19,0,39,35,Europe & Central Asia,17.040001,16,,67,67,,,,,,,,,,,,,,,,,,,,,,,,,,,
2017,RU,RUS,13,Russia,,,,,,,,,,,,,,,,,,Europe & Central Asia,8,,,,,51,62,59,32,62,74,45,67,73,59,45,50,0,45,,,,,,,,,,,,,
2015,RU,RUS,41,Russian Federation,31.49,52,31,13,,42,50,37,40,49,13,34,47,20,0,18,43,Europe & Central Asia,-16.76,-15,,57,62,,,,,,,,,,,,,,,,,,,,,,,,,,,
2013,RW,RWA,45,Rwanda,24.27,37,28,0,54,29,31,50,23.75,57,6,29.290001,42,0,0,0,53,,,,,,,,,,,,,,,,,,,,,517,517,714,RWA,22.669081,.023614779,.74793547,.14,.13916197,.12910397,.58115643,.021065678,1
2014,RW,RWA,46,Rwanda,28.049999,36,35,3,52,28,31,59,39,46,21,35.330002,42,9,0,0,51,Sub-Saharan Africa,3.78,-1,Capacity constrained,,,,,,,,,,,,,,,,,517,517,714,RWA,22.736826,.024107341,.7428695,.12,.13916197,.12910397,.59777611,-.0078826901,2
2015,RW,RWA,46,Rwanda,27.549999,35,36,11,,24,30,60,20,62,32,38,41,10,17,5,47,Sub-Saharan Africa,-.5,0,,67,31,,,,,,,,,,,,,,,517,517,714,RWA,22.803589,.16997901,.7428695,.23,.13916197,.12910397,.58749825,-.039430529,3
2016,RW,RWA,71,Rwanda,19.620001,29,27,3,,20,19,83,34,21,31,28.67,61,9,0,0,88,Sub-Saharan Africa,-7.9299998,-25,,60,22,,,,,,,,,,,,,,,517,517,714,RWA,,,.73009866,.22,.13916197,.12910397,.53521216,,4
2015,LC,LCA,66,Saint Lucia,14.65,27,14,6,,37,35,68,19,26,13,19.33,64,0,17,0,54,Latin America & Caribbean,,,,27,20,,,,,,,,,,,,,,,56,56,362,LCA,20.956102,15.37064,,,,,,-.083963931,3
2016,LC,LCA,87,Saint Lucia,12.53,33,10,0,,43,33,75,20,13,11,14.67,93,0,0,0,108,Latin America & Caribbean,-2.1199999,-21,,37,26,,,,,,,,,,,,,,,56,56,362,LCA,,,,,,,,,4
2013,SA,SAU,67,Saudi Arabia,7.0900002,41,2,6,69,5,47,43,10,6,1,5.3600001,75,0,0,16,45,,,,,,,,,,,,,,,,,,,,,670,670,456,SAU,27.163839,10.127698,.20786327,0,.78390151,.75100946,,.070970118,1
2014,SA,SAU,59,Saudi Arabia,15.77,38,15,0,62,0,51,57,13,30,8,17,65,0,0,0,65,Middle East & North Africa,8.6800003,8,One sided initiative,,,,,,,,,,,,,,,,,670,670,456,SAU,27.199579,10.324468,.22906511,0,.78390151,.75100946,,.22513649,2
2015,SA,SAU,57,Saudi Arabia,17.719999,39,17,0,,0,47,52,31,24,9,21.33,59,0,0,0,83,Middle East & North Africa,1.95,2,,64,52,,,,,,,,,,,,,,,670,670,456,SAU,27.233843,11.923898,.25461996,0,.78390151,.75100946,,.21018575,3
2016,SA,SAU,74,Saudi Arabia,18.66,37,15,12,,2,38,69,32,15,8,18.33,79,0,15,11,62,Middle East & North Africa,.94,-17,,62,45,,,,,,,,,,,,,,,670,670,456,SAU,,,.25461996,0,.78390151,.75100946,,,4
2017,SA,SAU,29,Saudi Arabia,,,,,,,,,,,,,,,,,,Middle East & North Africa,5,,,,,25,40,32,3,44,52,12,51,40,40,17,0,5,5,670,670,456,SAU,,,,,,,,,5
2013,SN,SEN,71,Senegal,6.46,29,5,0,22,51,22,60,5,8,11,8.21,74,0,0,0,53,,,,,,,,,,,,,,,,,,,,,433,433,722,SEN,23.376471,.75518918,.82838422,.079999998,.41972908,.17543168,.85518956,-.40880013,1
2014,SN,SEN,74,Senegal,10.56,34,8,0,19,48,40,62,7,16,8,10.33,79,0,0,0,65,Sub-Saharan Africa,4.0999999,-3,Capacity constrained,,,,,,,,,,,,,,,,,433,433,722,SEN,23.418678,.71048105,.81260157,.079999998,.41972908,.17543168,.85672694,-.38972944,2
2015,SN,SEN,70,Senegal,10.33,22,12,0,,43,26,73,18,22,11,17,71,0,0,0,84,Sub-Saharan Africa,-.23,4,,23,11,,,,,,,,,,,,,,,433,433,722,SEN,23.481514,.67219883,.81260157,.07,.41972908,.17543168,.85552382,-.43514502,3
2016,SN,SEN,98,Senegal,8.7399998,24,9,0,,35,21,92,18,11,11,13.33,96,0,0,0,109,Sub-Saharan Africa,-1.59,-28,,31,15,,,,,,,,,,,,,,,433,433,722,SEN,,,.81260157,.15000001,.41972908,.17543168,.82187068,,4
2016,RS,SRB,65,Serbia,22.77,44,25,0,,69,41,60,19,37,26,27.33,62,0,0,0,110,Europe & Central Asia,,,,27,41,,,,,,,,,,,,,,,340,345,942,SRB,,,.59447128,.16,.6731708,.58345592,.8227607,,4
2014,SL,SLE,78,Sierra Leone,7.54,19,8,0,15,40,10,78,4,8,20,10.67,77,0,0,0,65,Sub-Saharan Africa,,,Capacity constrained,,,,,,,,,,,,,,,,,451,451,724,SLE,22.106297,,.93677431,0,.73176199,.76803768,.82309711,-1.2220378,2
2015,SL,SLE,86,Sierra Leone,5.4499998,19,2,0,,42,0,77,7,9,9,8.3299999,91,0,0,0,85,Sub-Saharan Africa,-2.0899999,-8,,34,20,,,,,,,,,,,,,,,451,451,724,SLE,21.875641,,.93677431,0,.73176199,.76803768,.82309711,-1.2576936,3
2016,SL,SLE,100,Sierra Leone,8.4700003,23,5,7,,49,12,96,8,11,11,10,108,19,0,0,73,Sub-Saharan Africa,3.02,-14,,32,8,,,,,,,,,,,,,,,451,451,724,SLE,,,.93762547,0,.73176199,.76803768,.82081169,,4
2017,SL,SLE,30,Sierra Leone,,,,,,,,,,,,,,,,,,Sub-Saharan Africa,8,,,,,22,33,23,10,29,24,49,31,16,23,31,10,20,0,451,451,724,SLE,,,,,,,,,5
2013,SG,SGP,29,Singapore,36.290001,70,35,9,83,43,78,17,36.25,42,30,36.07,30,18,7,0,43,,,,,,,,,,,,,,,,,,,,,830,830,576,SGP,26.330847,27.595575,.45298645,.0099999998,.0092382198,.032419361,.70998526,2.0866621,1
2014,SG,SGP,29,Singapore,46.060001,71,39,43,87,30,87,22,39,57,22,39.330002,33,28,43,38,20,East Asia & Pacific,9.7700005,0,High capacity,,,,,,,,,,,,,,,,,830,830,576,SGP,26.362926,26.716925,.45298645,.0099999998,.0092382198,.032419361,.70998526,2.1937506,2
2015,SG,SGP,24,Singapore,51.450001,72,51,32,,41,87,21,64,67,23,51.330002,25,20,43,31,24,East Asia & Pacific,5.3899999,5,,77,77,,,,,,,,,,,,,,,830,830,576,SGP,26.382811,26.396786,.45298645,.0099999998,.0092382198,.032419361,.70998526,2.2521286,3
2016,SG,SGP,23,Singapore,52.689999,73,46,41,,39,85,19,58,57,21,45.330002,29,36,30,31,24,East Asia & Pacific,1.24,1,,82,73,,,,,,,,,,,,,,,830,830,576,SGP,,,.45298645,.0099999998,.0092382198,.032419361,.70998526,,4
2015,SK,SVK,36,Slovak Republic,37.16,54,33,28,,84,47,35,32,39,36,35.669998,45,50,10,23,28,Europe & Central Asia,,,,46,44,,,,,,,,,,,,,,,,,,,,,,,,,,,
2016,SK,SVK,29,Slovakia,44.900002,59,43,34,,84,50,32,52,26,50,42.669998,34,63,0,20,31,Europe & Central Asia,7.7399998,7,,59,42,,,,,,,,,,,,,,,317,317,936,SVK,,,.81008506,.34,.29750487,.19371264,.88954705,,4
2013,ZA,ZAF,52,South Africa,19.200001,35,18,10,27,46,40,54,30,9,25,20.709999,53,16,12,0,40,,,,,,,,,,,,,,,,,,,,,560,560,199,ZAF,26.728365,3.0604935,.84709686,.02,.42438537,.37072709,.85986996,.44409835,1
2014,ZA,ZAF,41,South Africa,30.700001,48,31,15,29,62,53,41,37,25,34,32,44,26,14,0,37,Sub-Saharan Africa,11.5,11,Emerging and advancing,,,,,,,,,,,,,,,,,560,560,199,ZAF,26.744522,3.2110052,.84709686,.02,.42438537,.37072709,.85986996,.34009364,2
2015,ZA,ZAF,47,South Africa,26.77,41,20,24,,66,52,50,38,13,23,24.67,54,0,43,26,31,Sub-Saharan Africa,-3.9300001,-6,,17,35,,,,,,,,,,,,,,,560,560,199,ZAF,26.75709,2.6347203,.85158229,.02,.36442283,.35137543,.82567537,.26526666,3
2016,ZA,ZAF,46,South Africa,34.43,51,28,29,,74,57,46,30,24,36,30,59,19,30,20,32,Sub-Saharan Africa,7.6599998,1,,24,50,,,,,,,,,,,,,,,560,560,199,ZAF,,,.85210508,.02,.36442283,.35137543,.8292405,,4
2017,ZA,ZAF,22,South Africa,,,,,,,,,,,,,,,,,,Sub-Saharan Africa,4,,,,,36,50,37,22,22,52,72,53,40,28,43,15,25,25,560,560,199,ZAF,,,,,,,,,5
2017,KR,KOR,4,South Korea,,,,,,,,,,,,,,,,,,East Asia & Pacific,10,,,,,72,82,67,67,78,88,78,86,81,73,46,65,50,85,,,,,,,,,,,,,
2013,ES,ESP,17,Spain,48.189999,67,49,21,71,63,66,19,47.5,56,43,48.93,14,24,7,30,28,,,,,,,,,,,,,,,,,,,,,230,230,184,ESP,27.932871,26.108788,.82121325,.12,.079464316,.045041449,.9412145,1.1578232,1
2014,ES,ESP,13,Spain,59.889999,78,60,42,81,83,68,19,86,48,41,58.330002,14,33,17,53,23,Europe & Central Asia,11.7,4,Emerging and advancing,,,,,,,,,,,,,,,,,230,230,184,ESP,27.946568,27.631109,.82052416,.11,.079464316,.045041449,.9386456,1.1540415,2
2015,ES,ESP,13,Spain,64.349998,78,57,63,,83,68,15,53,62,53,56,19,30,52,95,12,Europe & Central Asia,4.46,0,,67,92,,,,,,,,,,,,,,,230,230,184,ESP,27.978111,28.693163,.83742797,.1,.027888341,.031928118,.92163026,1.1773156,3
2016,ES,ESP,11,Spain,73.360001,81,58,88,,88,68,13,60,61,46,55.669998,15,56,40,100,7,Europe & Central Asia,9.0100002,2,,69,91,,,,,,,,,,,,,,,230,230,184,ESP,,,.83742797,.1,.027888341,.031928118,.92070758,,4
2016,SZ,SWZ,114,Swaziland,.28,10,0,0,,16,14,111,6,7,5,6,115,0,0,0,111,Sub-Saharan Africa,,,,11,8,,,,,,,,,,,,,,,572,572,734,SWZ,,,.42636254,.0099999998,.85813886,.77366543,.28364268,,4
2013,SE,SWE,3,Sweden,85.75,95,83,72,94,87,95,3,87.5,67,86,79.639999,3,58,71,68,4,,,,,,,,,,,,,,,,,,,,,380,380,144,SWE,26.950123,32.886642,.95585948,.050000001,.0083862804,.01062793,.95261556,1.9027278,1
2014,SE,SWE,3,Sweden,83.699997,100,76,88,97,100,96,1,67,81,71,73,4,85,91,53,4,Europe & Central Asia,-2.05,0,High capacity,,,,,,,,,,,,,,,,,380,380,144,SWE,26.975832,34.070389,.94925821,.039999999,.0083862804,.01062793,.9532252,1.7886889,2
2015,SE,SWE,9,Sweden,69.260002,88,60,64,,100,79,8,62,79,36,59,15,50,98,41,10,Europe & Central Asia,-14.44,-6,,85,83,,,,,,,,,,,,,,,380,380,144,SWE,27.015869,36.066456,.94300276,.02,.0153782,.01698325,.94900781,1.8113704,3
2016,SE,SWE,14,Sweden,69.839996,87,70,47,,100,78,8,72,80,45,65.669998,8,29,50,32,20,Europe & Central Asia,.57999998,-5,,72,87,,,,,,,,,,,,,,,380,380,144,SWE,,,.93932706,.02,.0153782,.01698325,.93494922,,4
2013,CH,CHE,22,Switzerland,43.240002,65,42,27,55,80,60,22,50,44,33,41.790001,21,24,14,38,18,,,,,,,,,,,,,,,,,,,,,225,225,146,CHE,27.13434,42.562084,.98015153,.67000002,.02836776,.01784985,.94022727,1.8183014,1
2014,CH,CHE,22,Switzerland,51.330002,81,38,63,71,87,81,17,34,53,26,37.669998,35,93,17,53,10,Europe & Central Asia,8.0900002,0,High capacity,,,,,,,,,,,,,,,,,225,225,146,CHE,27.154114,42.472961,.98015153,.67000002,.02836776,.01784985,.94022727,2.1280079,2
2015,CH,CHE,20,Switzerland,54.639999,74,58,31,,86,78,20,67,68,36,57,17,30,19,41,25,Europe & Central Asia,3.3099999,2,,82,52,,,,,,,,,,,,,,,225,225,146,CHE,27.1625,45.107609,.96267867,.67000002,.01579345,.03108752,.91222346,2.00982,3
2016,CH,CHE,19,Switzerland,57.459999,77,50,48,,86,77,17,61,59,26,48.669998,26,37,35,39,19,Europe & Central Asia,2.8199999,1,,80,56,,,,,,,,,,,,,,,225,225,146,CHE,,,.96010596,.67000002,.01579345,.03108752,.91129947,,4
2016,TJ,TJK,97,Tajikistan,9.6999998,15,14,4,,14,23,103,16,29,9,18,82,0,10,0,81,Europe & Central Asia,,,,25,8,,,,,,,,,,,,,,,702,702,923,TJK,,,.16698515,.13,.92559862,.95829695,.22482561,,4
2013,TZ,TZA,58,Tanzania,14.51,20,18,0,29,41,2,65,26.25,22,13,20,56,0,0,0,53,,,,,,,,,,,,,,,,,,,,,,,,,,,,,,,,,
2014,TZ,TZA,68,Tanzania,11.69,17,15,3,21,21,15,79,9,27,14,16.67,66,0,0,6,51,Sub-Saharan Africa,,,Capacity constrained,,,,,,,,,,,,,,,,,,,,,,,,,,,,,
2015,TZ,TZA,69,Tanzania,10.77,21,13,0,,23,21,75,10,35,11,18.67,66,0,0,0,86,Sub-Saharan Africa,-.92000002,-1,,21,30,,,,,,,,,,,,,,,,,,,,,,,,,,,
2016,TZ,TZA,67,Tanzania,21.73,40,17,14,,37,34,62,13,40,9,20.67,75,28,0,7,54,Sub-Saharan Africa,10.96,2,,44,48,,,,,,,,,,,,,,,,,,,,,,,,,,,
2013,TH,THA,31,Thailand,35.330002,38,39,15,37,43,39,48,41.25,43,35,39.639999,25,15,0,29,35,,,,,,,,,,,,,,,,,,,,,800,800,578,THA,26.659704,7.7480392,.71608424,.13,.71780634,.7246297,.55469179,.24180423,1
2014,TH,THA,57,Thailand,18.190001,33,21,0,28,33,40,63,18,28,21,22.33,56,0,0,0,65,East Asia & Pacific,-17.139999,-26,Capacity constrained,,,,,,,,,,,,,,,,,800,800,578,THA,26.667847,8.0924721,.60800642,0,.73563403,.88503408,.39910018,.33918893,2
2015,TH,THA,62,Thailand,15.99,30,19,0,,30,45,61,25,32,13,23.33,56,0,0,0,87,East Asia & Pacific,-2.2,-5,,24,31,,,,,,,,,,,,,,,800,800,578,THA,26.695738,9.2417374,.62640136,0,.73563403,.88503408,.33812913,.35681024,3
2016,TH,THA,53,Thailand,27.549999,40,31,11,,29,48,63,13,50,35,32.669998,54,9,10,8,64,East Asia & Pacific,11.56,9,,44,40,,,,,,,,,,,,,,,800,800,578,THA,,,.64556849,0,.72677511,.89038223,.3149215,,4
2016,TG,TGO,81,Togo,15.65,23,24,0,,28,19,93,6,47,26,26.33,65,0,0,0,112,Sub-Saharan Africa,,,,29,24,,,,,,,,,,,,,,,461,461,742,TGO,,,.87752992,.039999999,.72237116,.62575066,.75323135,,4
2016,TT,TTO,77,Trinidad and Tobago,17.99,38,12,13,,47,47,67,13,22,13,16,87,18,0,11,60,Latin America & Caribbean,,,,30,28,,,,,,,,,,,,,,,52,52,369,TTO,,,.8506453,0,.091029167,.074583597,.89243054,,4
2013,TN,TUN,50,Tunisia,21.02,64,11,26,66,77,47,23,16.25,13,13,13.93,62,71,0,7,19,,,,,,,,,,,,,,,,,,,,,616,616,744,TUN,24.55797,4.7286253,.93907869,.12,.28368527,.17297073,.73559541,-.07019522,1
2014,TN,TUN,45,Tunisia,28.57,58,19,30,59,71,46,31,24,25,13,20.67,57,52,0,26,26,Middle East & North Africa,7.5500002,5,Emerging and advancing,,,,,,,,,,,,,,,,,616,616,744,TUN,24.586246,4.4862332,.90390134,.11,.28368527,.17297073,.75815278,-.11820782,2
2015,TN,TUN,39,Tunisia,33.369999,46,34,21,,66,37,41,38,51,21,36.669998,43,50,0,13,34,Middle East & North Africa,4.8000002,6,,31,60,,,,,,,,,,,,,,,616,616,744,TUN,24.596144,4.3427877,.86261469,.1,.22964555,.1657057,.80494612,-.10389267,3
2016,TN,TUN,50,Tunisia,32.169998,45,32,22,,75,35,56,35,30,35,33.330002,52,36,10,8,40,Middle East & North Africa,-1.2,-11,,24,50,,,,,,,,,,,,,,,616,616,744,TUN,,,.88868934,.090000004,.28958681,.16587672,.79000664,,4
2013,TR,TUR,37,Turkey,27.58,42,31,0,41,48,41,41,23.75,50,22,32.5,37,0,0,0,53,,,,,,,,,,,,,,,,,,,,,,,,,,,,,,,,,
2014,TR,TUR,41,Turkey,31.24,47,35,6,42,47,53,43,32,47,28,35.669998,41,17,0,0,45,Europe & Central Asia,3.6600001,-4,Capacity constrained,,,,,,,,,,,,,,,,,,,,,,,,,,,,,
2015,TR,TUR,47,Turkey,27.059999,37,36,6,,43,52,55,44,47,23,38,42,10,10,0,52,Europe & Central Asia,-4.1799998,-6,,27,35,,,,,,,,,,,,,,,,,,,,,,,,,,,
2016,TR,TUR,40,Turkey,36.880001,35,53,15,,53,41,70,46,64,42,50.669998,23,18,10,7,52,Europe & Central Asia,9.8199997,7,,28,24,,,,,,,,,,,,,,,,,,,,,,,,,,,
2017,TR,TUR,24,Turkey,,,,,,,,,,,,,,,,,,Europe & Central Asia,-1,,,,,31,33,53,7,23,27,40,43,51,65,44,5,10,5,,,,,,,,,,,,,
2014,AE,ARE,52,UAE,24.860001,53,22,8,81,11,63,38,20,36,15,23.67,54,22,0,0,42,Middle East & North Africa,,,One sided initiative,,,,,,,,,,,,,,,,,,,,,,,,,,,,,
2015,AE,ARE,47,UAE,27,47,29,7,,16,63,40,31,46,19,32,49,20,0,0,51,Middle East & North Africa,2.1400001,5,,55,55,,,,,,,,,,,,,,,,,,,,,,,,,,,
2014,GB,GBR,1,UK,100,98,100,100,96,91,98,2,96,92,96,94.669998,1,98,77,80,1,Europe & Central Asia,0,0,High capacity,,,,,,,,,,,,,,,,,,,,,,,,,,,,,
2014,US,USA,2,US,92.660004,96,88,100,100,87,94,3,95,77,80,84,2,98,54,100,1,North America,-.72000003,0,High capacity,,,,,,,,,,,,,,,,,,,,,,,,,,,,,
2013,UG,UGA,55,Uganda,16.15,24,13,23,32,37,11,62,22.5,15,12,16.07,58,40,24,0,26,,,,,,,,,,,,,,,,,,,,,500,500,746,UGA,23.890665,.11043438,.75701725,.23999999,.68898183,.57118934,.62798125,-.58832848,1
2014,UG,UGA,64,Uganda,14.46,24,17,3,19,40,19,72,20,23,13,18.67,59,7,0,0,51,Sub-Saharan Africa,-1.6900001,-9,Capacity constrained,,,,,,,,,,,,,,,,,500,500,746,UGA,23.941204,.14209945,.79490829,.22,.68898183,.57118934,.63026428,-.4996219,2
2015,UG,UGA,70,Uganda,9.9200001,24,9,0,,40,28,70,20,13,11,14.67,77,0,0,0,88,Sub-Saharan Africa,-4.54,-6,,26,16,,,,,,,,,,,,,,,500,500,746,UGA,23.991364,.18098833,.80396342,.2,.68898183,.57118934,.63066906,-.48298699,3
2016,UG,UGA,90,Uganda,11.59,26,11,4,,37,22,87,24,11,12,15.67,88,10,0,0,86,Sub-Saharan Africa,1.67,-20,,28,24,,,,,,,,,,,,,,,500,500,746,UGA,,,.79896426,.18000001,.69558609,.59550917,.59867179,,4
2014,UA,UKR,55,Ukraine,21.23,37,23,6,23,59,33,58,31,19,22,24,53,0,0,13,45,Europe & Central Asia,,,Capacity constrained,,,,,,,,,,,,,,,,,369,369,926,UKR,25.623577,9.2935238,.83566016,.14,.64152169,.57867581,.50354213,-.37948766,2
2015,UA,UKR,62,Ukraine,16.07,28,17,5,,60,23,66,32,11,23,22,58,10,0,5,56,Europe & Central Asia,-5.1599998,-7,,9,32,,,,,,,,,,,,,,,369,369,926,UKR,25.519661,11.809348,.90385878,.13,.45224532,.55992901,.49902236,-.51378495,3
2016,UA,UKR,44,Ukraine,35.959999,55,35,19,,65,43,39,34,23,50,35.669998,47,19,10,16,43,Europe & Central Asia,19.889999,18,,46,65,,,,,,,,,,,,,,,369,369,926,UKR,,,.83664131,.11,.41738266,.56135774,.5206852,,4
2017,UA,UKR,17,Ukraine,,,,,,,,,,,,,,,,,,Europe & Central Asia,13,,,,,47,60,52,28,52,70,68,52,57,36,62,35,5,45,369,369,926,UKR,,,,,,,,,5
2013,AE,ARE,44,United Arab Emirates,24.59,54,22,12,77,19,63,32,30,36,6,23.57,49,36,0,0,37,,,,,,,,,,,,,,,,,,,,,696,696,466,ARE,26.54212,11.148294,,,,,,1.1789733,1
2016,AE,ARE,59,United Arab Emirates,26.17,47,23,12,,11,63,52,20,34,23,25.67,66,17,0,11,61,Middle East & North Africa,-.82999998,-12,,57,54,,,,,,,,,,,,,,,696,696,466,ARE,,,,,,,,,4
2013,GB,GBR,1,United Kingdom,100,100,100,80,99,93,97,1,93.75,96,95,95,1,80,52,92,3,,,,,,,,,,,,,,,,,,,,,200,200,112,GBR,28.565702,36.492184,.95004988,.13,.0298576,.049183302,.92425191,1.4829572,1
2015,GB,GBR,1,United Kingdom,100,100,100,100,,96,100,1,93,95,93,93.669998,1,100,90,100,1,Europe & Central Asia,0,0,,100,95,,,,,,,,,,,,,,,200,200,112,GBR,28.617649,38.613449,.95049465,.13,.0298576,.049183302,.9208321,1.7387553,3
2016,GB,GBR,1,United Kingdom,100,99,100,94,,86,97,2,94,86,93,91,1,82,55,81,3,Europe & Central Asia,0,0,,100,95,,,,,,,,,,,,,,,200,200,112,GBR,,,.94854051,.13,.0298576,.049183302,.90578616,,4
2017,GB,GBR,1,United Kingdom,,,,,,,,,,,,,,,,,,Europe & Central Asia,1,,,,,76,83,89,57,78,93,74,88,92,85,91,55,30,85,200,200,112,GBR,,,,,,,,,5
2013,US,USA,2,United States,93.379997,95,87,100,100,83,92,2,86.25,90,73,82.860001,2,75,100,100,1,,,,,,,,,,,,,,,,,,,,,,,,,,,,,,,,,
2015,US,USA,2,United States of America,81.889999,97,76,76,,89,96,3,81,70,67,72.669998,7,70,62,87,4,North America,-10.77,0,,94,100,,,,,,,,,,,,,,,2,2,111,USA,30.440269,31.023201,.97305059,0,.0169053,.02825903,.9050281,1.4619954,3
2016,US,USA,4,United States of America,81.620003,96,71,80,,81,100,4,84,63,51,66,7,55,70,62,9,North America,-.27000001,-2,,93,92,,,,,,,,,,,,,,,2,2,111,USA,,,.97602004,0,.026885221,.025807209,.91445369,,4
2017,US,USA,9,United States of America,,,,,,,,,,,,,,,,,,North America,1,,,,,64,79,76,37,74,84,72,85,90,72,66,20,30,60,2,2,111,USA,,,,,,,,,5
2013,UY,URY,34,Uruguay,33.040001,55,33,13,54,84,29,30,43.75,25,35,33.93,33,24,7,7,36,,,,,,,,,,,,,,,,,,,,,165,165,298,URY,24.549673,21.633829,.94489366,.61000001,.066122152,.071917944,.90574586,.45315552,1
2014,UY,URY,25,Uruguay,49.369999,66,51,29,68,88,46,27,48,63,39,50,23,24,31,20,28,Latin America & Caribbean,16.33,9,Emerging and advancing,,,,,,,,,,,,,,,,,165,165,298,URY,24.581547,24.578421,.94489366,.60000002,.066122152,.071917944,.90574586,.48016882,2
2015,UY,URY,19,Uruguay,58.119999,68,65,39,,90,60,23,68,83,40,63.669998,10,80,0,36,19,Latin America & Caribbean,8.75,6,,55,68,,,,,,,,,,,,,,,165,165,298,URY,24.591322,26.266291,.90605211,.57999998,.069836877,.10219204,.90653199,.5401243,3
2016,UY,URY,17,Uruguay,60.849998,75,64,38,,96,64,18,66,56,58,60,11,64,15,16,26,Latin America & Caribbean,2.73,2,,66,70,,,,,,,,,,,,,,,165,165,298,URY,,,.90605211,.56,.069836877,.10219204,.90742391,,4
2017,UY,URY,11,Uruguay,,,,,,,,,,,,,,,,,,Latin America & Caribbean,6,,,,,56,71,70,28,60,73,87,63,72,72,65,50,15,20,165,165,298,URY,,,,,,,,,5
2013,VE,VEN,62,Venezuela,10.91,10,15,0,14,14,12,74,20,20,13,17.5,57,0,0,0,53,,,,,,,,,,,,,,,,,,,,,101,101,299,VEN,26.808104,7.3455544,.59044296,.34,.91297936,.92787391,.62328565,-1.1749533,1
2014,VE,VEN,68,Venezuela,12.45,20,16,0,20,15,28,74,21,22,10,17.67,63,0,0,0,65,Latin America & Caribbean,1.54,-6,Capacity constrained,,,,,,,,,,,,,,,,,101,101,299,VEN,26.768381,7.7795091,.59044296,.31999999,.91297936,.92787391,.59678507,-1.2286708,2
2015,VE,VEN,78,Venezuela,6.79,12,10,0,,17,21,86,20,20,7,15.67,75,0,0,0,89,Latin America & Caribbean,-5.6599998,-10,,1,24,,,,,,,,,,,,,,,101,101,299,VEN,,8.2449894,.5503239,.28999999,.91297936,.92787391,.55345041,-1.220161,3
2016,VE,VEN,90,Venezuela,11.62,15,19,4,,23,26,105,29,28,9,22,72,10,0,0,87,Latin America & Caribbean,4.8299999,-12,,5,14,,,,,,,,,,,,,,,101,101,299,VEN,,,.56009185,.27000001,.91297936,.92787391,.57628411,,4
2014,VN,VNM,57,Vietnam,18.23,16,26,3,27,6,19,81,20,42,18,26.67,49,0,0,7,51,East Asia & Pacific,,,Capacity constrained,,,,,,,,,,,,,,,,,,,,,,,,,,,,,
2015,VN,VNM,57,Vietnam,18.299999,21,23,12,,16,28,74,19,36,26,27,52,20,17,0,44,East Asia & Pacific,.07,0,,33,19,,,,,,,,,,,,,,,,,,,,,,,,,,,
2016,VN,VNM,79,Vietnam,16.790001,25,18,13,,18,31,90,18,19,26,21,74,18,15,0,59,East Asia & Pacific,-1.51,-22,,34,23,,,,,,,,,,,,,,,,,,,,,,,,,,,
2013,YE,YEM,73,Yemen,4.6900001,0,8,0,0,14,1,77,7.5,16,10,11.43,69,0,0,0,53,,,,,,,,,,,,,,,,,,,,,,,,,,,,,,,,,
2014,YE,YEM,82,Yemen,5.8000002,12,7,3,5,16,20,83,8,9,11,9.3299999,81,0,0,6,51,Middle East & North Africa,1.11,-9,Capacity constrained,,,,,,,,,,,,,,,,,,,,,,,,,,,,,
2015,YE,YEM,91,Yemen,1.4299999,3,4,0,,8,10,91,10,9,12,10.33,84,0,0,0,90,Middle East & North Africa,-4.3699999,-9,,0,11,,,,,,,,,,,,,,,,,,,,,,,,,,,
2016,YE,YEM,114,Yemen,0,0,6,0,,8,4,115,6,16,11,11,105,0,0,0,113,Middle East & North Africa,-1.4299999,-23,,0,2,,,,,,,,,,,,,,,,,,,,,,,,,,,
2013,ZM,ZMB,75,Zambia,4.23,12,5,0,24,16,6,71,5,7,13,8.5699997,73,0,0,0,53,,,,,,,,,,,,,,,,,,,,,551,551,754,ZMB,23.908926,.092491448,.80770338,.029999999,.30701178,.26342717,.71507084,-.48803607,1
2014,ZM,ZMB,78,Zambia,7.73,19,8,0,19,24,21,76,15,7,10,10.67,78,0,0,0,65,Sub-Saharan Africa,3.5,-3,Capacity constrained,,,,,,,,,,,,,,,,,551,551,754,ZMB,23.954815,.13661538,.80770338,.029999999,.30701178,.26342717,.72259849,-.48710501,2
2015,ZM,ZMB,86,Zambia,4.9099998,16,3,0,,21,22,83,8,10,11,9.6700001,88,0,0,0,91,Sub-Saharan Africa,-2.8199999,-8,,30,5,,,,,,,,,,,,,,,551,551,754,ZMB,23.983595,.15071259,.83529788,.029999999,.30701178,.26342717,.7232843,-.55447948,3
2016,ZM,ZMB,108,Zambia,3.8199999,14,5,0,,20,11,107,8,11,11,10,109,0,0,0,114,Sub-Saharan Africa,-1.09,-22,,23,11,,,,,,,,,,,,,,,551,551,754,ZMB,,,.80630475,.13,.30701178,.29428703,.63918561,,4
2013,ZW,ZWE,73,Zimbabwe,5.3000002,15,6,0,16,30,11,68,8.75,8,11,9.29,72,0,0,0,53,,,,,,,,,,,,,,,,,,,,,,,,,,,,,,,,,
2014,ZW,ZWE,76,Zimbabwe,9.6499996,20,10,3,20,18,25,75,13,13,12,12.67,73,7,0,0,51,Sub-Saharan Africa,4.3499999,-3,Capacity constrained,,,,,,,,,,,,,,,,,,,,,,,,,,,,,
2015,ZW,ZWE,90,Zimbabwe,3.3800001,11,3,0,,15,17,89,7,10,11,9.3299999,90,0,0,0,92,Sub-Saharan Africa,-6.27,-14,,13,15,,,,,,,,,,,,,,,,,,,,,,,,,,,
2016,ZW,ZWE,111,Zimbabwe,1.87,9,4,0,,18,11,112,7,10,11,9.3299999,112,0,0,0,115,Sub-Saharan Africa,-1.51,-21,,11,7,,,,,,,,,,,,,,,,,,,,,,,,,,,
