year,iso2,iso3,country,odb2013cinit,odb2013crti,odb2013cdpl,odb2013ccsoc,odb2013ccity,odb2013csupin,odb2013ctrain,odb2013ccourses,odb2013cunidata,odb2013ccsdata,odb2013cbizdata,fh2013,unosi2012,wbnetusers2012,wefgci9022013,wefgitr8012013,odb2013igov,odb2013iaccount,odb2013ienv,odb2013iinc,odb2013iecon,odb2013ientr,odb2013d1,odb2013d2,odb2013d3,odb2013d4,odb2013d5,odb2013d6,odb2013d7,odb2013d8,odb2013d9,odb2013d10,odb2013d11,odb2013d12,odb2013d13,odb2013d14,odb2013d15,fh2014,unosi2014,wbnetusers2013,wefgitr8012014,odb2013d16,odb2015cpoli,odb2015cmanag,fh2015,wbnetusers2014,wefgci9022015,wefgitr8012015,fh2016,unosi2016,wbnetusers2015,fh2017,itunetusers2016,wefgci9022016,wefgitr8012016,gwno,ccode,ifscode,ifs,lngdp_wdi_pw,fixed_broadband_internet_subscri,civil_society_participation_inde,direct_popular_vote_index,public_sector_corruption_index,executive_corruption_index,civil_liberties_index,government_effectiveness__estima,obfirst
2016,AL,ALB,Albania,2,8,8,7,2,2,4,,,,,,,,,,0,1,0,0,0,0,15,15,,65,80,80,15,15,0,80,60,15,15,75,,,,,,15,5,5,,,4.38,3.86,67,.59,63.25,,,,,339,339,914,ALB,,,.63217998,.050000001,.48679388,.67980796,.88375956,,4
2013,AR,ARG,Argentina,6,3,9,4,4,4,4,4,1,1,0,80,.52999997,55.799999,4.1100001,2.64,0,2,1,2,0,0,45,5,65,75,15,15,5,15,5,70,45,65,5,60,95,,,,,,,,,,,,,,,,,,,160,160,213,ARG,26.844963,15.082234,.81789768,.0099999998,.45425138,.52155018,.88638002,-.2953952,1
2014,AR,ARG,Argentina,5,3,8,4,4,3,3,,,,,,,,4.1100001,,0,3,2,0,1,2,80,5,,80,15,15,15,15,95,10,15,80,10,10,95,80,.55000001,59.900002,2.52,15,,,,,,,,,,,,,,160,160,213,ARG,26.819517,15.571702,.82637644,.0099999998,.45425138,.52155018,.88413435,-.1824571,2
2015,AR,ARG,Argentina,5,4,7,4,5,3,3,,,,,,,,,,0,1,1,0,1,1,55,5,,75,65,5,0,15,15,15,15,5,15,0,80,,.55000001,,,15,3,1,80,64.699997,4.03,2.48,,,,,,,,160,160,213,ARG,26.845644,16.263435,.83982724,.0099999998,.45425138,.51675045,.87457007,-.087074138,3
2016,AR,ARG,Argentina,6,5,7,6,6,4,5,,,,,,,,,,0,2,0,0,2,4,80,5,,65,15,5,5,15,85,50,45,75,5,5,,,,,,5,5,4,,,4.13,2.58,79,.71,69.40,,,,,160,160,213,ARG,,,.85309571,.0099999998,.41474849,.45028645,.87348807,,4
2017,AR,ARG,Argentina,8,6,7,6,8,7,6,,,,,,,,,,1,3,1,0,2,5,65,5,,65,80,70,5,65,85,65,40,60,75,40,60,,,,,60,7,7,,,,,,.7099999785423279,,82,70.970001,4.1300001,2.5799999,160,160,213,ARG,,,,,,,,,5
2013,AU,AUS,Australia,8,7,8,8,8,4,7,7,7,2,1,97,.86000001,82.349998,5.8200002,4.73,4,4,2,2,4,1,90,15,90,60,15,75,60,15,75,95,95,55,80,60,90,,,,,,,,,,,,,,,,,,,900,900,193,AUS,27.847328,25.622732,.94161284,.029999999,.030551421,.05732381,.93358332,1.6366813,1
2014,AU,AUS,Australia,8,7,7,8,8,6,6,,,,,,,,5.8200002,,1,2,2,2,3,3,95,10,,80,80,15,85,15,90,90,65,65,75,55,95,97,.93000001,83,4.7199998,80,,,,,,,,,,,,,,900,900,193,AUS,27.872021,27.659557,.94161284,.029999999,.02582057,.04658379,.92035186,1.5905408,2
2015,AU,AUS,Australia,8,7,5,7,9,5,6,,,,,,,,,,2,2,2,0,5,3,65,75,,80,95,5,95,15,80,95,60,95,90,65,95,,.93000001,,,95,6,7,97,84.559998,5.61,4.40,,,,,,,,900,900,193,AUS,27.894173,28.541451,.92389405,.029999999,.02953607,.050056111,.90657222,1.5582972,3
2016,AU,AUS,Australia,8,7,6,7,9,5,6,,,,,,,,,,3,2,3,3,5,6,75,60,,85,95,5,95,15,80,95,75,80,65,80,,,,,,80,7,7,,,5.39,4.33,98,.98,84.56,,,,,900,900,193,AUS,,,.92389405,.029999999,.02741823,.04382069,.9138763,,4
2017,AU,AUS,Australia,8,6,7,8,8,8,7,,,,,,,,,,5,5,6,6,7,8,75,80,,100,95,5,90,65,100,90,95,80,95,95,95,,,,,95,9,8,,,,,,.9800000190734863,,98,88.239998,5.29,4.3299999,900,900,193,AUS,,,,,,,,,5
2013,AT,AUT,Austria,5,2,8,8,8,3,4,6,1,1,0,96,.75,81,5.7600002,3.92,4,2,2,1,3,5,15,5,15,75,75,15,5,15,15,75,15,15,75,75,80,,,,,,,,,,,,,,,,,,,305,305,122,AUT,26.726379,26.279716,.94167048,.19,.02637217,.042873438,.9255172,1.5783783,1
2014,AT,AUT,Austria,6,5,8,8,9,6,5,,,,,,,,5.7600002,,3,4,5,4,3,6,15,15,,65,65,5,5,95,95,80,5,40,15,15,95,96,.75,80.620003,3.9400001,15,,,,,,,,,,,,,,305,305,122,AUT,26.732807,27.666916,.94167048,.19,.02637217,.042873438,.9255172,1.5680679,2
2015,AT,AUT,Austria,7,4,8,8,9,6,5,,,,,,,,,,3,4,4,3,2,6,95,15,,50,15,5,15,80,80,95,15,15,80,80,90,,.75,,,15,6,7,96,81,5.68,4.19,,,,,,,,305,305,122,AUT,26.742392,28.693253,.94167048,.19,.02637217,.042873438,.9255172,1.4736092,3
2016,AT,AUT,Austria,8,3,9,8,9,5,6,,,,,,,,,,3,4,4,3,2,6,95,15,,80,15,5,5,80,80,95,15,60,80,65,,,,,,15,6,7,,,5.44,4.42,95,.91,83.93,,,,,305,305,122,AUT,,,.94167048,.19,.02637217,.042873438,.9255172,,4
2013,BH,BHR,Bahrain,5,1,3,2,0,2,2,2,2,0,1,18,.86000001,88,5.4899998,5.42,0,0,0,0,0,0,15,5,15,15,15,15,65,15,15,45,50,15,15,0,0,,,,,,,,,,,,,,,,,,,692,692,419,BHR,24.079268,22.523834,,,,,,.59502906,1
2014,BH,BHR,Bahrain,4,0,3,0,0,0,2,,,,,,,,5.4899998,,0,0,0,0,0,0,15,5,,55,10,5,10,5,15,10,25,40,5,5,5,18,.94,90,5.21,15,,,,,,,,,,,,,,692,692,419,BHR,24.121853,21.394958,,,,,,.59089243,2
2015,BH,BHR,Bahrain,4,0,2,1,0,1,3,,,,,,,,,,0,0,0,0,0,0,15,15,,95,15,0,15,15,15,45,75,5,15,5,15,,.94,,,15,1,0,15,91,5.34,5.17,,,,,,,,692,692,419,BHR,24.15008,18.609705,,,,,,.5738638,3
2016,BH,BHR,Bahrain,4,0,2,0,0,0,3,,,,,,,,,,2,0,0,0,0,0,15,5,,60,80,5,15,15,15,45,15,5,40,5,,,,,,15,1,0,,,5.08,5.22,14,.83,93.48,,,,,692,692,419,BHR,,,,,,,,,4
2013,BD,BGD,Bangladesh,2,8,0,0,0,0,4,3,0,0,0,56,.44,6.3000002,4.1999998,4.05,0,0,0,0,0,0,5,0,15,15,15,15,15,15,15,15,15,15,15,15,15,,,,,,,,,,,,,,,,,,,771,771,513,BGD,25.654835,.9740575,.62755787,0,.88954997,.77603602,.59614724,-.8037712,1
2014,BD,BGD,Bangladesh,0,8,0,0,0,0,2,,,,,,,,4.1999998,,0,0,0,0,0,1,15,10,,15,15,15,10,15,15,15,15,15,15,10,15,53,.34999999,6.5,4.0700002,15,,,,,,,,,,,,,,771,771,513,BGD,25.71368,1.9513726,.62755787,0,.88954997,.77603602,.56742644,-.77060109,2
2015,BD,BGD,Bangladesh,0,6,1,2,0,0,2,,,,,,,,,,0,0,0,0,0,0,15,5,,15,15,5,15,15,15,15,5,15,15,15,15,,.34999999,,,15,0,0,50,9.6000004,4.12,4.00,,,,,,,,771,771,513,BGD,25.777149,3.0502474,.59538817,0,.85606259,.68197477,.54178017,-.72782224,3
2016,BD,BGD,Bangladesh,4,5,1,2,0,3,2,,,,,,,,,,0,0,0,0,0,1,15,5,,15,15,5,5,15,15,15,5,15,15,5,,,,,,15,4,1,,,4.23,4.12,49,.62,14.40,,,,,771,771,513,BGD,,,.61353958,0,.88750613,.6813522,.52864015,,4
2016,BY,BLR,Belarus,2,2,1,3,0,2,4,,,,,,,,,,0,0,0,0,0,1,30,15,,15,15,5,15,15,15,15,15,5,15,15,,,,,,15,1,1,,,NA,NA,17,.49,62.23,,,,,,,,,,,,,,,,,
2013,BE,BEL,Belgium,4,6,9,8,7,2,6,9,4,3,1,97,.64999998,82,5.5900002,4.04,1,6,1,0,0,2,70,15,5,65,15,5,15,15,15,15,15,80,15,65,15,,,,,,,,,,,,,,,,,,,211,211,124,BEL,26.922981,34.480854,.95817763,.0099999998,.02119864,.029767269,.94601268,1.6021718,1
2014,BE,BEL,Belgium,8,8,9,8,8,4,6,,,,,,,,5.5900002,,2,4,0,3,5,4,5,15,,80,80,5,80,15,10,10,15,15,65,40,15,97,.68000001,82.169998,4.1300001,15,,,,,,,,,,,,,,211,211,124,BEL,26.939379,35.992908,.95817763,.0099999998,.02119864,.029767269,.94601268,1.3992206,2
2015,BE,BEL,Belgium,8,5,9,8,8,7,6,,,,,,,,,,0,2,1,1,2,6,30,65,,95,80,5,65,15,5,80,5,0,60,80,80,,.68000001,,,60,7,3,97,85,5.64,4.11,,,,,,,,211,211,124,BEL,26.954269,36.849659,.94977719,.0099999998,.02119864,.029767269,.94164252,1.4413593,3
2016,BE,BEL,Belgium,8,5,9,7,8,5,6,,,,,,,,,,0,1,0,0,1,6,45,5,,95,75,5,65,15,60,15,15,5,80,75,,,,,,5,8,4,,,5.43,4.25,96,.71,85.05,,,,,211,211,124,BEL,,,.94977719,.0099999998,.02119864,.029767269,.94164252,,4
2013,BJ,BEN,Benin,0,3,5,0,0,0,1,2,0,0,0,82,.2,3.8,3.98,3.38,0,0,0,0,0,0,5,0,0,15,15,15,65,15,0,15,15,15,0,0,0,,,,,,,,,,,,,,,,,,,434,434,638,BEN,22.810556,.41146031,.90746218,.02,.66195804,.48117721,.8801949,-.48723271,1
2014,BJ,BEN,Benin,0,2,5,0,0,0,0,,,,,,,,3.98,,0,0,0,0,0,0,5,5,,65,15,5,15,5,0,60,80,5,5,5,0,80,.11,4.9000001,3.1500001,5,,,,,,,,,,,,,,434,434,638,BEN,22.872192,.42850095,.90746218,.02,.66195804,.48117721,.88145047,-.46330947,2
2015,BJ,BEN,Benin,0,1,6,1,0,0,2,,,,,,,,,,0,0,0,0,0,0,5,5,,60,15,5,60,15,0,80,15,5,0,0,5,,.11,,,5,0,1,81,5.3000002,3.98,3.15,,,,,,,,434,434,638,BEN,22.89292,.67338377,.93507808,.02,.70053381,.62560993,.89411932,-.61799204,3
2016,BJ,BEN,Benin,0,1,5,1,0,0,3,,,,,,,,,,0,0,0,0,0,0,15,5,,65,15,5,15,5,0,65,15,15,0,0,,,,,,15,0,0,,,4.13,3.23,82,.14,6.79,,,,,434,434,638,BEN,,,.95417845,.02,.25477189,.36546937,.90647459,,4
2016,BO,BOL,Bolivia,5,3,1,6,0,0,4,,,,,,,,,,0,2,0,1,0,0,45,5,,60,15,5,15,65,15,65,80,45,50,50,,,,,,15,4,2,,,3.67,3.39,68,.49,45.10,,,,,145,145,218,BOL,,,.85662425,.34,.588723,.35155448,.80218887,,4
2016,BA,BIH,Bosnia and Herzegovina,0,6,5,4,0,1,2,,,,,,,,,,0,0,0,0,0,0,15,15,,15,15,5,15,15,5,15,5,15,15,5,,,,,,5,0,0,,,4.42,2.63,57,.45,65.07,,,,,,,,,,,,,,,,,
2013,BW,BWA,Botswana,0,1,0,0,0,1,1,0,2,1,0,74,.36000001,11.5,4.3400002,4.09,0,0,0,0,0,0,5,5,15,15,60,75,5,15,0,15,15,15,15,75,15,,,,,,,,,,,,,,,,,,,571,571,616,BWA,23.468027,1.0682069,.82211798,.059999999,.22483844,.21908502,.87815642,.42616925,1
2014,BW,BWA,Botswana,2,1,1,2,0,3,0,,,,,,,,4.3400002,,0,0,0,0,0,0,5,5,,15,15,5,5,10,0,15,15,10,10,10,15,74,.31,15,4.1399999,10,,,,,,,,,,,,,,571,571,616,BWA,23.499573,1.6329938,.82240218,.059999999,.22483844,.21908502,.85875332,.35966069,2
2015,BW,BWA,Botswana,2,0,1,1,0,1,2,,,,,,,,,,0,0,0,0,0,0,5,5,,15,15,5,5,15,0,15,15,15,15,15,15,,.31,,,15,0,1,73,18.5,4.32,3.97,,,,,,,,571,571,616,BWA,23.497021,1.7917495,.82971144,.050000001,.25595593,.22627863,.88603967,.5132882,3
2016,BW,BWA,Botswana,1,1,2,1,0,0,2,,,,,,,,,,0,0,0,0,0,0,5,5,,15,15,5,5,15,5,15,15,15,15,5,,,,,,5,1,3,,,4.40,3.99,73,.28,27.50,,,,,571,571,616,BWA,,,.82888043,.039999999,.25595593,.22627863,.89264458,,4
2013,BR,BRA,Brazil,7,8,5,6,5,4,7,5,1,1,0,81,.67000002,49.849998,5,3.89,0,4,3,2,0,0,15,5,0,75,15,80,5,15,0,60,5,60,5,60,65,,,,,,,,,,,,,,,,,,,140,140,223,BRA,28.510439,10.661025,.92058784,.15000001,.23293351,.26981109,.88763875,-.096028551,1
2014,BR,BRA,Brazil,6,8,4,5,6,4,6,,,,,,,,5,,1,1,0,0,0,1,80,60,,80,95,75,60,15,75,80,80,90,5,45,65,81,.60000002,51.599998,3.6800001,5,,,,,,,,,,,,,,140,140,223,BRA,28.515467,11.675736,.92058784,.14,.23293351,.26981109,.88668561,-.15434389,2
2015,BR,BRA,Brazil,5,7,3,6,6,5,6,,,,,,,,,,2,3,1,1,2,3,80,60,,95,100,95,5,95,15,95,95,95,50,95,95,,.60000002,,,75,5,5,81,57.599998,4.77,3.30,,,,,,,,140,140,223,BRA,28.477045,12.248156,.92058784,.12,.23293351,.26981109,.88641417,-.18901372,3
2016,BR,BRA,Brazil,6,7,3,6,6,4,6,,,,,,,,,,5,5,1,2,1,2,65,5,,75,95,65,5,15,15,80,40,95,45,60,,,,,,60,8,7,,,4.55,3.13,81,.73,59.08,,,,,140,140,223,BRA,,,.78962767,.11,.31004566,.56680936,.78888243,,4
2017,BR,BRA,Brazil,7,8,3,5,6,3,7,,,,,,,,,,6,6,1,2,1,2,65,5,,80,85,65,5,75,0,80,95,70,0,55,80,,,,,80,9,8,,,,,,.7300000190734863,,79,60.869999,4.5500002,3.1300001,140,140,223,BRA,,,,,,,,,5
2016,BG,BGR,Bulgaria,6,6,6,2,4,0,4,,,,,,,,,,1,1,0,0,1,0,30,15,,70,15,70,100,15,15,15,85,65,15,70,,,,,,15,5,4,,,4.67,3.77,80,.57,56.66,,,,,355,355,918,SUN,,,.77255088,.38999999,.35060123,.23835295,.88891149,,4
2013,BF,BFA,Burkina Faso,4,3,7,0,0,0,2,4,0,0,0,53,.28999999,3.73,3.6900001,3.73,0,0,0,0,0,0,5,5,0,15,15,5,5,15,5,15,15,15,15,15,15,,,,,,,,,,,,,,,,,,,,,,,,,,,,,,,
2014,BF,BFA,Burkina Faso,5,3,4,5,0,1,2,,,,,,,,3.6900001,,0,0,0,0,0,0,5,0,,10,15,0,5,10,5,10,75,15,10,10,15,53,.30000001,4.4000001,3.96,5,,,,,,,,,,,,,,,,,,,,,,,,,,
2015,BF,BFA,Burkina Faso,5,3,6,3,0,3,3,,,,,,,,,,0,0,0,0,0,0,5,5,,15,15,5,15,15,5,15,55,15,15,5,15,,.30000001,,,5,1,0,45,9.3999996,3.69,3.75,,,,,,,,,,,,,,,,,,,,
2016,BF,BFA,Burkina Faso,7,4,5,6,0,4,3,,,,,,,,,,1,4,0,1,0,2,25,5,,15,15,5,15,15,5,15,75,60,5,15,,,,,,5,0,1,,,3.71,3.75,59,.19,11.39,,,,,,,,,,,,,,,,,
2013,CM,CMR,Cameroon,2,1,3,0,0,0,0,2,0,0,0,23,.30000001,5.6999998,4.4000001,3.82,1,0,0,0,0,1,15,0,0,15,15,0,5,15,15,15,15,15,0,0,15,,,,,,,,,,,,,,,,,,,471,471,622,CMR,24.025028,.07594154,.60029417,.02,.89506054,.92982572,.68353021,-.91582721,1
2014,CM,CMR,Cameroon,0,0,1,2,0,0,0,,,,,,,,4.4000001,,0,1,0,0,0,0,0,0,,10,15,0,0,10,5,10,10,10,10,0,10,24,.2,6.4000001,3.78,5,,,,,,,,,,,,,,471,471,622,CMR,24.082607,.071204968,.60029417,.02,.89506054,.92982572,.67242175,-.77333462,2
2015,CM,CMR,Cameroon,1,0,1,2,0,0,3,,,,,,,,,,0,1,0,0,0,0,0,5,,45,15,5,5,15,0,40,15,15,15,0,15,,.2,,,15,0,0,25,11,4.41,3.85,,,,,,,,471,471,622,CMR,24.138735,.068396151,.60029417,.02,.89506054,.92982572,.67035347,-.76352769,3
2016,CM,CMR,Cameroon,0,1,1,2,0,2,3,,,,,,,,,,1,1,0,0,0,0,5,5,,15,15,5,5,15,0,15,15,15,15,5,,,,,,15,1,0,,,4.04,3.57,24,.22,20.68,,,,,471,471,622,CMR,,,.60906732,.02,.94934374,.94791949,.60754114,,4
2013,CA,CAN,Canada,7,7,7,8,9,3,4,0,5,4,0,98,.88999999,86.769997,5.4499998,4.25,4,4,3,0,3,5,95,0,0,80,15,95,15,15,95,80,45,80,80,80,95,,,,,,,,,,,,,,,,,,,20,20,156,CAN,28.182051,34.377132,.91522551,.0099999998,.021487771,.032320108,.93719923,1.7835534,1
2014,CA,CAN,Canada,7,7,7,8,8,7,7,,,,,,,,5.4499998,,3,3,2,3,2,4,80,95,,95,75,5,15,65,95,95,80,15,95,75,95,98,.91000003,85.800003,4.2399998,95,,,,,,,,,,,,,,20,20,156,CAN,28.20738,35.37817,.91794491,.0099999998,.021487771,.032320108,.93895841,1.7596112,2
2015,CA,CAN,Canada,7,6,7,8,9,7,7,,,,,,,,,,3,3,3,4,2,5,100,95,,95,95,5,45,80,90,95,80,55,95,95,80,,.91000003,,,95,8,7,98,87.120003,5.43,4.27,,,,,,,,20,20,156,CAN,28.216753,36.324322,.93978137,.0099999998,.021487771,.032320108,.94492435,1.7651273,3
2016,CA,CAN,Canada,9,7,8,9,10,7,7,,,,,,,,,,4,3,3,4,3,5,95,90,,95,80,90,100,65,90,90,80,15,75,50,,,,,,85,9,8,,,5.27,4.30,99,.96,88.47,,,,,20,20,156,CAN,,,.94407749,.0099999998,.021487771,.032320108,.93004978,,4
2017,CA,CAN,Canada,10,7,8,10,10,8,8,,,,,,,,,,6,6,6,5,4,6,90,95,,95,75,75,100,80,95,90,80,85,90,60,95,,,,,100,9,9,,,,,,.9599999785423279,,99,89.839996,5.29,4.3000002,20,20,156,CAN,,,,,,,,,5
2013,CL,CHL,Chile,8,8,6,4,1,4,5,6,2,0,0,96,.75,61.419998,5.0999999,4.59,1,3,0,0,1,2,50,5,80,0,80,80,15,80,15,75,45,75,15,5,15,,,,,,,,,,,,,,,,,,,155,155,228,CHL,26.254526,13.026147,.77708852,.0099999998,.084303252,.059372649,.9356541,1.2592115,1
2014,CL,CHL,Chile,7,8,7,4,1,3,5,,,,,,,,5.0999999,,0,1,0,0,0,2,60,5,,80,95,95,15,65,95,80,90,95,95,15,80,95,.81999999,66.5,4.4299998,80,,,,,,,,,,,,,,155,155,228,CHL,26.273115,14.008525,.82332033,.0099999998,.055001691,.059372649,.9372431,1.1443884,2
2015,CL,CHL,Chile,7,8,6,5,1,4,5,,,,,,,,,,1,2,0,0,0,1,45,5,,65,95,5,5,85,95,80,45,60,15,45,65,,.81999999,,,60,4,3,95,72.349998,5.20,4.22,,,,,,,,155,155,228,CHL,26.29591,15.172002,.83858395,.0099999998,.11847907,.20424435,.91621816,1.081781,3
2016,CL,CHL,Chile,7,8,6,5,3,3,5,,,,,,,,,,1,2,0,0,1,1,65,15,,65,80,5,15,85,80,80,45,65,15,65,,,,,,60,4,3,,,5.13,3.92,95,.78,64.29,,,,,155,155,228,CHL,,,.83858395,.0099999998,.11847907,.20424435,.91312206,,4
2017,CL,CHL,Chile,6,8,6,4,3,3,5,,,,,,,,,,2,3,0,0,1,1,40,5,,75,80,5,25,85,80,80,45,80,50,45,65,,,,,65,4,3,,,,,,.7799999713897705,,94,66.010002,5.0500002,3.9200001,155,155,228,CHL,,,,,,,,,5
2013,CN,CHN,China,2,5,6,3,5,1,5,5,4,0,0,17,.52999997,42.299999,4.6900001,4.82,0,0,0,0,0,0,15,15,15,15,15,5,15,15,15,15,15,15,5,15,0,,,,,,,,,,,,,,,,,,,710,710,924,CHN,29.680841,13.634062,.39868206,0,.60735309,.45750466,.2576662,.004753076,1
2014,CN,CHN,China,3,4,2,6,5,2,7,,,,,,,,4.6900001,,2,1,1,0,1,1,5,5,,80,15,5,10,15,15,15,65,10,50,65,15,18,.61000001,45.799999,4.7600002,15,,,,,,,,,,,,,,710,710,924,CHN,29.75128,14.384081,.39534491,0,.64059597,.4190881,.28251439,.33927009,2
2015,CN,CHN,China,3,4,1,8,7,4,5,,,,,,,,,,1,0,1,0,0,1,5,15,,80,15,5,15,15,15,15,15,15,60,15,0,,.61000001,,,15,0,1,17,49.299999,4.66,4.69,,,,,,,,710,710,924,CHN,29.818174,19.766598,.32127905,0,.59970063,.41861933,.27099118,.4242478,3
2016,CN,CHN,China,3,4,2,8,7,4,4,,,,,,,,,,1,0,1,0,0,2,5,5,,65,15,5,5,15,15,15,15,15,15,15,,,,,,15,1,1,,,4.60,4.69,16,.77,50.30,,,,,710,710,924,CHN,,,.32127905,0,.60102522,.41861933,.26953524,,4
2017,CN,CHN,China,3,4,2,6,7,4,4,,,,,,,,,,1,0,3,0,0,2,5,5,,80,50,5,10,50,50,50,50,50,50,50,0,,,,,65,2,2,,,,,,.7699999809265137,,15,53.200001,4.5599999,4.6900001,710,710,924,CHN,,,,,,,,,5
2013,CO,COL,Colombia,7,7,6,1,1,0,3,3,1,0,0,61,.83999997,48.98,4.3600001,4.12,0,0,0,0,0,1,75,5,15,15,15,50,15,15,0,55,75,45,0,45,15,,,,,,,,,,,,,,,,,,,100,100,233,COL,26.533859,9.3904991,.82901657,.12,.46780455,.24771012,.80746329,.074870706,1
2014,CO,COL,Colombia,6,7,7,2,2,1,4,,,,,,,,4.3600001,,1,2,1,0,1,2,15,15,,65,15,75,15,15,15,15,60,65,45,15,15,62,.79000002,51.700001,4.21,15,,,,,,,,,,,,,,100,100,233,COL,26.576782,10.277182,.82835305,.1,.46780455,.24771012,.78766471,-.1082004,2
2015,CO,COL,Colombia,6,6,8,3,3,2,5,,,,,,,,,,2,2,1,1,0,2,65,15,,80,80,5,15,15,15,80,80,15,80,15,80,,.79000002,,,80,8,7,63,52.57,4.36,4.38,,,,,,,,100,100,233,COL,26.607149,11.156066,.85794079,.079999998,.46780455,.24771012,.80126113,-.034857702,3
2016,CO,COL,Colombia,8,7,8,7,4,4,5,,,,,,,,,,4,4,1,1,1,2,60,5,,65,65,5,15,15,5,65,60,65,60,15,,,,,,65,8,7,,,4.34,4.33,63,.79,55.90,,,,,100,100,233,COL,,,.86580557,.23999999,.45131674,.26730239,.81329018,,4
2017,CO,COL,Colombia,9,7,8,7,5,6,6,,,,,,,,,,4,5,2,2,1,3,75,75,,80,80,5,60,50,30,65,75,80,60,40,65,,,,,65,9,8,,,,,,.7900000214576721,,64,58.139999,4.2800002,4.3299999,100,100,233,COL,,,,,,,,,5
2013,CR,CRI,Costa Rica,7,3,8,1,4,1,3,2,1,0,0,91,.5,47.5,5.1900001,3.91,0,0,0,0,0,0,55,5,0,60,55,55,5,15,0,60,60,60,0,0,75,,,,,,,,,,,,,,,,,,,94,94,238,CRI,24.450712,9.9521036,.94872785,.22,.20213117,.14456588,.94738579,.48104513,1
2014,CR,CRI,Costa Rica,6,4,6,4,3,1,4,,,,,,,,5.1900001,,0,0,0,0,0,2,10,15,,80,15,15,15,15,0,80,80,75,15,55,15,90,.61000001,45.959999,3.9400001,15,,,,,,,,,,,,,,94,94,238,CRI,24.48003,10.447238,.94872785,.2,.15996219,.12705325,.95128608,.39826608,2
2015,CR,CRI,Costa Rica,3,4,8,5,3,3,3,,,,,,,,,,0,0,0,0,0,1,30,15,,50,70,5,15,15,0,80,65,50,15,15,95,,.61000001,,,80,0,0,90,49.41,5.03,3.82,,,,,,,,94,94,238,CRI,24.516836,11.169418,.94643956,.19,.16287525,.12912519,.9469794,.37888399,3
2016,CR,CRI,Costa Rica,3,3,7,4,3,3,2,,,,,,,,,,0,1,0,0,0,1,5,5,,50,60,5,5,15,5,80,5,65,15,55,,,,,,15,1,2,,,4.94,3.65,90,.64,59.76,,,,,94,94,238,CRI,,,.9297325,.18000001,.16540202,.1511768,.95430547,,4
2017,CR,CRI,Costa Rica,4,3,7,4,3,5,3,,,,,,,,,,0,1,0,0,0,1,45,5,,65,65,5,5,50,5,65,60,60,45,75,65,,,,,30,4,2,,,,,,.6399999856948853,,91,66.029999,4.96,3.6500001,94,94,238,CRI,,,,,,,,,5
2016,HR,HRV,Croatia,5,7,8,3,2,2,3,,,,,,,,,,0,1,0,0,0,2,50,5,,65,60,5,15,5,5,65,75,5,15,5,,,,,,5,4,3,,,4.33,3.45,87,.75,69.80,,,,,344,344,960,HRV,,,.78307068,.31,.37783512,.2313758,.85568374,,4
2013,CZ,CZE,Czech Republic,5,7,7,8,2,5,5,1,4,5,1,95,.54000002,75,4.9499998,3.33,0,5,0,2,3,2,15,15,5,75,50,5,60,5,5,75,60,75,50,60,15,,,,,,,,,,,,,,,,,,,316,316,935,CZE,26.06303,26.687679,.79976004,.079999998,.24836478,.30927774,.94810647,.8875556,1
2014,CZ,CZE,Czech Republic,5,7,7,8,4,3,5,,,,,,,,4.9499998,,4,2,3,0,2,4,60,80,,65,95,95,60,60,60,80,65,45,75,10,15,94,.37,74.110001,3.3299999,15,,,,,,,,,,,,,,316,316,935,CZE,26.089821,27.883497,.78333151,.07,.23257926,.28466564,.94052523,1.02301,2
2015,CZ,CZE,Czech Republic,5,6,7,7,5,2,5,,,,,,,,,,3,3,3,0,4,5,60,45,,75,90,5,55,15,15,15,15,15,75,15,95,,.37,,,70,5,5,95,79.709999,4.95,3.20,,,,,,,,316,316,935,CZE,26.134178,27.34165,.78333151,.059999999,.23632017,.26052722,.92468464,1.0514957,3
2016,CZ,CZE,Czech Republic,6,6,7,6,6,2,5,,,,,,,,,,2,3,2,0,1,3,75,50,,65,75,5,5,15,70,65,15,15,60,15,,,,,,60,5,6,,,5.07,3.34,95,.48,81.30,,,,,316,316,935,CZE,,,.78333151,.059999999,.23632017,.26388183,.92651767,,4
2016,CI,CIV,CÃ´te dâIvoire,4,4,4,1,0,2,2,,,,,,,,,,0,0,0,0,0,0,5,5,,15,15,5,5,15,15,15,15,15,15,5,,,,,,15,1,0,,,4.46,4.61,51,.19,21.00,,,,,,,,,,,,,,,,,
2016,CD,COD,DR Congo,1,2,1,0,0,1,2,,,,,,,,,,0,0,0,0,0,0,90,5,,15,15,5,5,5,5,5,5,15,5,5,,,,,,15,0,0,,,3.72,NA,25,.09,3.80,,,,,,,,,,,,,,,,,
2013,DK,DNK,Denmark,8,8,9,6,4,4,7,8,4,0,0,98,.86000001,93,5.7199998,4.54,5,4,0,2,3,5,95,15,15,80,80,80,95,15,15,80,80,80,80,75,80,,,,,,,,,,,,,,,,,,,390,390,128,DNK,26.522631,40.440685,.97903216,.18000001,.0064424798,.01351354,.94511133,1.9834943,1
2014,DK,DNK,Denmark,8,7,8,8,7,8,9,,,,,,,,5.7199998,,6,4,3,3,6,7,90,15,,65,60,5,65,15,55,65,65,65,45,45,65,98,.66000003,94.629997,4.3299999,65,,,,,,,,,,,,,,390,390,128,DNK,26.539251,41.524761,.97903216,.18000001,.0064424798,.01351354,.93975115,1.806536,2
2015,DK,DNK,Denmark,5,6,8,6,7,7,7,,,,,,,,,,6,2,4,2,5,7,95,60,,95,95,5,15,80,90,95,90,95,95,95,90,,.66000003,,,5,6,3,98,95.989998,5.71,4.38,,,,,,,,390,390,128,DNK,26.555183,42.508297,.97823215,.18000001,.01684716,.02593622,.93868446,1.849331,3
2016,DK,DNK,Denmark,6,5,8,5,7,7,6,,,,,,,,,,5,2,3,1,4,7,95,60,,95,80,5,15,15,80,80,90,95,95,95,,,,,,5,6,4,,,5.73,4.51,98,.78,96.33,,,,,390,390,128,DNK,,,.97823215,.18000001,.016829081,.02593622,.9377597,,4
2016,DO,DOM,Dominican Republic,6,3,4,4,0,3,2,,,,,,,,,,1,2,0,0,2,2,15,5,,65,15,5,15,15,15,65,65,15,65,60,,,,,,15,1,6,,,4.61,3.45,70,.51,51.93,,,,,42,42,243,DOM,,,.75302655,.029999999,.77549422,.6889233,.84923714,,4
2013,EC,ECU,Ecuador,2,6,7,5,0,3,3,3,3,0,0,60,.46000001,35.130001,4.4899998,3.84,0,0,1,0,0,0,60,5,15,60,60,5,50,15,0,5,5,5,5,50,15,,,,,,,,,,,,,,,,,,,130,130,248,ECU,25.144295,6.725513,.60937506,.38,.43491128,.52212965,.82734883,-.50853592,1
2014,EC,ECU,Ecuador,2,6,6,3,2,1,2,,,,,,,,4.4899998,,0,1,1,0,0,0,10,5,,80,15,15,15,15,95,75,80,80,65,65,15,60,.47999999,40.349998,4.1799998,15,,,,,,,,,,,,,,130,130,248,ECU,25.183445,8.2566729,.60937506,.37,.43491128,.52212965,.82734883,-.49624431,2
2015,EC,ECU,Ecuador,3,7,3,2,2,2,2,,,,,,,,,,1,0,0,0,0,2,65,5,,80,80,5,50,15,0,60,65,65,15,65,60,,.47999999,,,15,5,2,59,43,4.49,4.18,,,,,,,,130,130,248,ECU,25.18502,9.7404785,.60937506,.36000001,.43491128,.52212965,.83091831,-.43587646,3
2016,EC,ECU,Ecuador,5,5,2,2,1,2,2,,,,,,,,,,0,0,0,0,0,0,50,5,,15,15,5,65,15,5,15,15,60,80,15,,,,,,15,4,2,,,4.21,3.93,59,.63,48.94,,,,,130,130,248,ECU,,,.60937506,.34,.43491128,.52212965,.83091831,,4
2014,EG,EGY,Egypt,3,2,2,4,0,0,3,,,,,,,,4.1999998,,0,0,0,0,0,0,5,0,,55,15,15,10,10,10,15,15,15,0,15,75,31,.58999997,49.560001,2.5699999,15,,,,,,,,,,,,,,651,651,469,EGY,26.194424,3.6790957,.37808612,.20999999,.71327353,.77957273,.18591556,-.84039325,2
2015,EG,EGY,Egypt,1,1,1,4,0,2,3,,,,,,,,,,0,0,0,0,0,1,15,0,,15,15,5,5,15,15,15,0,15,0,50,75,,.58999997,,,5,0,0,26,31.700001,3.84,2.64,,,,,,,,651,651,469,EGY,26.235565,4.5173001,.3493686,.20999999,.88475806,.79733652,.16464923,-.76189482,3
2016,EG,EGY,Egypt,1,1,1,5,0,2,4,,,,,,,,,,0,0,1,0,0,1,15,5,,15,15,5,5,15,15,15,5,15,5,60,,,,,,15,0,0,,,3.84,3.24,27,.47,35.90,,,,,651,651,469,EGY,,,.36873534,.20999999,.88475806,.79733652,.15998766,,4
2016,SV,SLV,El Salvador,1,6,2,5,0,1,2,,,,,,,,,,0,1,0,0,0,0,45,5,,50,15,5,5,15,5,60,5,45,5,5,,,,,,65,0,0,,,4.04,3.42,69,.49,26.92,,,,,92,92,253,SLV,,,.75070304,.0099999998,.48108354,.33478794,.83161622,,4
2013,EE,EST,Estonia,5,7,8,6,1,5,6,7,4,2,2,95,.81999999,79,5.3800001,4.80,2,2,1,1,1,1,15,50,15,65,65,80,40,70,15,65,65,65,15,60,15,,,,,,,,,,,,,,,,,,,366,366,939,EST,23.822723,28.040218,.82740355,.13,.062525474,.03181228,.95328653,.99539709,1
2014,EE,EST,Estonia,6,8,8,7,4,5,7,,,,,,,,5.3800001,,3,4,2,2,4,5,50,65,,65,75,5,50,65,15,60,65,15,65,65,15,95,.76999998,80,4.9499998,75,,,,,,,,,,,,,,366,366,939,EST,23.850561,28.899937,.78350383,.12,.06193402,.03181228,.95554101,1.0464598,2
2015,EE,EST,Estonia,6,8,9,7,3,5,6,,,,,,,,,,1,2,1,0,2,3,60,95,,65,75,5,15,80,70,65,75,60,60,40,15,,.76999998,,,5,3,5,95,84.239998,5.39,5.11,,,,,,,,366,366,939,EST,23.864901,30.004757,.78350383,.11,.056878749,.032514889,.95386177,1.0913043,3
2016,EE,EST,Estonia,5,8,9,5,2,3,4,,,,,,,,,,0,0,0,0,1,3,25,15,,80,80,5,5,65,75,55,60,60,60,70,,,,,,5,3,5,,,5.39,5.01,94,.89,88.41,,,,,366,366,939,EST,,,.81418425,.1,.046866249,.039464392,.95139366,,4
2013,ET,ETH,Ethiopia,1,5,1,0,0,1,4,3,0,0,1,18,.47,1.48,3.8299999,4.13,0,0,0,0,0,0,15,5,15,15,55,15,5,5,0,15,15,15,15,0,15,,,,,,,,,,,,,,,,,,,530,530,644,ETH,24.411749,.25299159,.36422342,.0099999998,.63677478,.46233821,.41715693,-.60967666,1
2014,ET,ETH,Ethiopia,0,4,1,1,0,0,1,,,,,,,,3.8299999,,0,0,0,0,0,0,5,10,,60,5,5,5,10,0,10,15,10,10,5,10,18,.46000001,1.9,3.9200001,15,,,,,,,,,,,,,,530,530,644,ETH,24.509594,.48834771,.36422342,.0099999998,.63677478,.46233821,.41715693,-.41636541,2
2015,ET,ETH,Ethiopia,3,4,2,3,0,1,3,,,,,,,,,,0,0,0,0,0,0,5,5,,15,15,5,5,15,15,5,15,15,5,5,15,,.46000001,,,15,1,0,18,2.9000001,3.81,3.80,,,,,,,,530,530,644,ETH,24.60133,.48311082,.36422342,.0099999998,.63677478,.46233821,.41715693,-.64066952,3
2016,ET,ETH,Ethiopia,4,5,2,2,0,1,2,,,,,,,,,,0,0,0,0,0,0,5,5,,70,15,5,5,5,5,15,15,15,5,5,,,,,,15,2,1,,,3.50,3.65,15,.53,11.60,,,,,530,530,644,ETH,,,.21576186,.0099999998,.58036512,.34043464,.40252191,,4
2013,FI,FIN,Finland,5,9,10,8,4,6,8,7,5,3,1,100,.88,91,6.0300002,4.91,2,2,4,0,3,4,95,15,65,50,15,5,15,15,80,65,65,15,65,15,65,,,,,,,,,,,,,,,,,,,375,375,172,FIN,26.239355,31.701025,.98361826,.0099999998,.032048289,.030584579,.95787579,2.1806862,1
2014,FI,FIN,Finland,7,9,9,7,5,5,8,,,,,,,,6.0300002,,1,5,3,3,6,6,95,50,,95,75,5,15,15,90,65,60,10,75,45,80,100,.76999998,91.510002,5.1199999,10,,,,,,,,,,,,,,375,375,172,FIN,26.233019,32.3046,.98361826,.0099999998,.032048289,.030584579,.94958824,2.0159051,2
2015,FI,FIN,Finland,8,9,9,7,7,8,6,,,,,,,,,,0,3,2,1,3,6,95,5,,95,95,5,60,15,95,65,80,40,95,95,95,,.76999998,,,15,6,6,100,92.379997,5.84,4.94,,,,,,,,375,375,172,FIN,26.235701,31.679661,.97377253,.0099999998,.03025073,.042873289,.93011856,1.8225006,3
2016,FI,FIN,Finland,8,8,9,7,7,8,6,,,,,,,,,,1,3,1,0,3,6,15,45,,95,15,5,5,85,85,65,95,75,95,75,,,,,,15,5,7,,,5.86,4.77,100,.9399999999999999,92.65,,,,,375,375,172,FIN,,,.97377253,.0099999998,.03025073,.042873289,.93011856,,4
2013,FR,FRA,France,9,7,10,7,5,3,5,8,0,3,3,95,.88,83,5.46,4.26,0,5,0,3,0,5,75,5,65,80,95,5,15,15,90,90,80,80,90,60,95,,,,,,,,,,,,,,,,,,,220,220,132,FRA,28.632597,38.792198,.9085989,.11,.060881801,.10558528,.95921743,1.4814482,1
2014,FR,FRA,France,9,7,8,8,7,6,7,,,,,,,,5.46,,4,5,2,3,5,7,15,15,,100,95,5,15,95,95,95,95,90,75,95,95,95,1,81.919998,4.1799998,95,,,,,,,,,,,,,,220,220,132,FRA,28.638943,40.174019,.9085989,.090000004,.060881801,.10558528,.95420808,1.4030387,2
2015,FR,FRA,France,9,7,9,9,8,9,8,,,,,,,,,,5,5,1,2,5,7,50,50,,100,95,5,15,95,95,95,75,95,75,75,95,,1,,,80,9,7,95,83.75,5.45,4.14,,,,,,,,220,220,132,FRA,28.651604,41.344727,.89218128,.07,.060881801,.10558528,.95261681,1.4431598,3
2016,FR,FRA,France,9,7,9,9,9,8,8,,,,,,,,,,6,4,1,3,4,8,70,5,,100,15,5,65,80,95,75,75,95,75,75,,,,,,70,8,8,,,5.15,4.40,91,.9399999999999999,84.69,,,,,220,220,132,FRA,,,.87725782,.050000001,.060881801,.10558528,.95261681,,4
2017,FR,FRA,France,9,7,9,9,9,9,8,,,,,,,,,,6,5,4,4,5,9,70,5,,100,80,5,95,80,95,75,95,95,95,75,95,,,,,90,9,9,,,,,,.9399999976158142,,90,85.620003,5.1399999,4.4000001,220,220,132,FRA,,,,,,,,,5
2015,GE,GEO,Georgia,4,5,6,6,1,0,2,,,,,,,,,,0,0,0,0,0,0,15,15,,30,15,5,15,15,15,5,55,55,15,15,15,,.60000002,,,15,1,2,64,48.900002,4.19,3.95,,,,,,,,372,372,915,GEO,23.414761,14.741923,.76438659,.22,.10782216,.2459233,.87087595,.40131882,3
2016,GE,GEO,Georgia,4,6,7,6,0,1,3,,,,,,,,,,0,3,0,0,0,0,15,5,,80,95,5,15,15,15,65,80,95,70,75,,,,,,15,1,1,,,4.02,3.70,64,.64,45.16,,,,,372,372,915,GEO,,,.82518101,.2,.10349272,.19372199,.81255311,,4
2013,DE,DEU,Germany,5,7,9,7,5,3,5,7,4,3,3,96,.75,84,5.77,4.40,3,5,4,0,3,5,75,5,15,60,95,15,15,85,90,80,65,80,60,60,75,,,,,,,,,,,,,,,,,,,,,,,,,,,,,,,
2014,DE,DEU,Germany,6,7,10,8,8,3,6,,,,,,,,5.77,,3,5,3,0,2,5,95,5,,90,100,15,15,85,100,70,90,75,65,65,80,96,.67000002,83.959999,4.5100002,15,,,,,,,,,,,,,,,,,,,,,,,,,,
2015,DE,DEU,Germany,6,7,9,8,7,4,7,,,,,,,,,,3,3,4,0,1,5,95,45,,80,95,5,15,80,90,80,75,80,95,95,80,,.67000002,,,15,5,3,96,86.190002,5.74,4.46,,,,,,,,,,,,,,,,,,,,
2016,DE,DEU,Germany,7,7,9,8,7,5,7,,,,,,,,,,3,3,4,1,3,8,95,5,,80,95,5,15,80,95,80,75,80,95,80,,,,,,15,5,5,,,5.67,4.71,95,.84,87.59,,,,,,,,,,,,,,,,,
2017,DE,DEU,Germany,8,6,8,9,8,7,8,,,,,,,,,,3,2,3,0,1,7,100,65,,80,95,45,50,70,80,80,75,60,80,90,65,,,,,45,7,5,,,,,,.8399999737739563,,95,89.650002,5.6500001,4.71,,,,,,,,,,,,,
2013,GH,GHA,Ghana,6,5,7,6,0,1,3,5,0,0,0,84,.30000001,17.110001,4.4299998,4.02,0,0,0,0,0,0,0,0,15,60,60,5,5,5,0,5,50,60,50,5,50,,,,,,,,,,,,,,,,,,,452,452,652,GHA,24.485313,.26557061,.88463765,.02,.65529299,.63899601,.92832386,-.095546782,1
2014,GH,GHA,Ghana,3,2,6,3,0,0,3,,,,,,,,4.4299998,,0,0,0,0,0,0,5,5,,75,60,50,5,15,0,40,45,65,45,5,65,84,.31,12.3,4.3299999,65,,,,,,,,,,,,,,452,452,652,GHA,24.524399,.26537147,.88463765,.02,.65529299,.63899601,.92394686,-.29197907,2
2015,GH,GHA,Ghana,2,3,7,5,0,0,3,,,,,,,,,,1,0,0,0,0,0,5,5,,15,15,5,5,15,0,15,15,15,5,0,15,,.31,,,15,1,1,84,18.9,4.31,3.82,,,,,,,,452,452,652,GHA,24.562822,.27101657,.84895653,.02,.68913907,.63275856,.9114033,-.25561482,3
2016,GH,GHA,Ghana,4,3,8,3,1,1,3,,,,,,,,,,1,2,0,1,2,2,5,5,,75,15,5,5,15,5,15,15,15,5,15,,,,,,15,1,2,,,4.21,3.64,83,.45,23.48,,,,,452,452,652,GHA,,,.89486146,.02,.71701944,.67664099,.90646315,,4
2013,GR,GRC,Greece,3,6,9,5,1,2,4,7,0,0,0,83,.57999998,56,4.48,2.66,0,5,0,0,0,0,60,5,15,60,15,80,5,15,15,15,45,5,60,15,15,,,,,,,,,,,,,,,,,,,350,350,174,GRC,26.220451,26.178951,.8470329,.02,.33016887,.2465229,.93720418,.45982382,1
2014,GR,GRC,Greece,5,5,8,5,5,4,6,,,,,,,,4.48,,0,5,0,0,0,1,60,5,,55,80,95,15,15,55,15,55,55,55,55,15,83,.61000001,59.869999,2.78,15,,,,,,,,,,,,,,350,350,174,GRC,26.223974,28.3605,.80212557,.02,.33016887,.2465229,.93645561,.39539856,2
2015,GR,GRC,Greece,6,5,8,6,5,5,6,,,,,,,,,,1,4,0,0,0,1,75,15,,70,15,5,5,15,95,15,70,60,60,15,75,,.61000001,,,15,7,2,83,63.209999,4.53,2.99,,,,,,,,350,350,174,GRC,26.221781,30.910351,.80212557,.2,.33016887,.295385,.93199027,.24921289,3
2016,GR,GRC,Greece,6,5,8,7,8,4,5,,,,,,,,,,1,3,0,0,0,3,15,5,,70,65,90,5,15,15,80,45,60,65,15,,,,,,15,7,3,,,4.43,2.93,83,.58,66.84,,,,,350,350,174,GRC,,,.80212557,.2,.33016887,.295385,.92938346,,4
2016,GT,GTM,Guatemala,2,5,3,4,0,1,3,,,,,,,,,,0,3,0,0,0,0,15,5,,60,15,5,5,15,5,45,50,65,45,40,,,,,,15,1,1,,,4.95,3.28,54,.67,27.10,,,,,90,90,258,GTM,,,.79470992,.029999999,.59159005,.77453721,.72603834,,4
2017,GT,GTM,Guatemala,4,5,3,5,0,1,3,,,,,,,,,,0,3,0,0,0,0,30,5,,65,50,5,5,50,30,65,65,5,45,40,45,,,,,50,4,1,,,,,,.6700000166893005,,54,34.509998,4.9499998,3.28,90,90,258,GTM,,,,,,,,,5
2014,HT,HTI,Haiti,0,1,0,0,0,0,0,,,,,,,,3.8299999,,0,0,0,0,0,0,0,0,,10,15,5,5,10,0,0,0,15,5,0,0,43,.11,10.6,2.6800001,15,,,,,,,,,,,,,,41,41,263,HTI,22.765007,0,.52825278,0,.59902465,.60008401,.79273319,-2.0307193,2
2015,HT,HTI,Haiti,0,1,0,0,0,1,3,,,,,,,,,,0,0,0,0,0,0,15,0,,15,15,5,5,15,0,15,0,15,0,0,0,,.11,,,5,0,0,41,11.4,3.54,2.65,,,,,,,,41,41,263,HTI,22.776791,.0127125,.52825278,0,.59902465,.60008401,.79273319,-2.0021462,3
2016,HT,HTI,Haiti,1,1,1,0,0,1,3,,,,,,,,,,0,0,0,0,0,0,15,0,,15,60,5,5,5,0,15,5,15,0,0,,,,,,15,0,0,,,3.54,2.31,41,.17,12.20,,,,,41,41,263,HTI,,,.52825278,0,.59902465,.60008401,.81745744,,4
2013,HU,HUN,Hungary,2,2,2,2,1,0,3,5,1,1,0,88,.69,72,4.6900001,3.47,1,1,0,0,0,2,15,15,15,60,15,0,15,15,65,55,15,15,60,60,15,,,,,,,,,,,,,,,,,,,310,310,944,HUN,25.614824,26.089146,.67353922,.31,.12231904,.45562431,.87591785,.65532976,1
2014,HU,HUN,Hungary,3,6,6,3,1,0,4,,,,,,,,4.6900001,,2,4,1,0,2,2,10,5,,65,45,5,15,15,80,60,65,65,60,50,15,88,.56,72.639999,3.4300001,10,,,,,,,,,,,,,,310,310,944,HUN,25.654501,25.978979,.60614532,.28999999,.12231904,.45562431,.87598509,.53277832,2
2015,HU,HUN,Hungary,2,5,5,2,1,0,3,,,,,,,,,,0,2,0,0,0,0,65,15,,65,15,5,15,15,15,75,55,45,55,75,15,,.56,,,15,2,0,82,76.129997,4.69,3.55,,,,,,,,310,310,944,HUN,25.685495,27.43099,.62311327,.25999999,.12231904,.45562431,.86549038,.49179479,3
2016,HU,HUN,Hungary,3,5,5,2,1,3,4,,,,,,,,,,0,3,0,1,0,1,50,15,,60,15,5,5,15,15,50,75,45,65,60,,,,,,5,2,1,,,3.38,3.48,79,.63,72.83,,,,,310,310,944,HUN,,,.61949456,.23999999,.12231904,.45562431,.86114532,,4
2013,IS,ISL,Iceland,3,9,9,2,4,1,3,5,2,2,3,100,.54000002,96,6.1900001,4.20,1,3,0,0,3,3,95,55,15,80,15,5,60,15,15,65,65,65,65,65,65,,,,,,,,,,,,,,,,,,,395,395,176,ISL,23.382559,35.64629,.97372597,.16,.025880611,.032458689,.85533321,1.4950569,1
2014,IS,ISL,Iceland,5,9,9,4,4,1,4,,,,,,,,6.1900001,,1,4,0,1,5,5,95,5,,50,15,5,15,15,95,50,60,50,30,45,15,100,.61000001,96.550003,4.1399999,15,,,,,,,,,,,,,,395,395,176,ISL,23.40164,35.91547,.97372597,.16,.025880611,.032458689,.85533321,1.4958994,2
2015,IS,ISL,Iceland,6,8,9,4,4,1,5,,,,,,,,,,1,1,0,0,4,6,95,5,,80,75,5,50,15,95,80,75,80,80,80,80,,.61000001,,,15,2,2,99,98.160004,6.17,4.29,,,,,,,,395,395,176,ISL,23.442495,36.954456,.97372597,.16,.025880611,.032458689,.85533321,1.5009251,3
2016,IS,ISL,Iceland,6,7,9,3,2,1,5,,,,,,,,,,1,0,0,0,1,5,95,5,,80,80,5,5,15,65,65,80,40,40,40,,,,,,15,2,3,,,6.01,4.60,100,.62,98.20,,,,,395,395,176,ISL,,,.97372597,.16,.025880611,.032458689,.85533321,,4
2013,IN,IND,India,7,10,5,6,0,6,4,4,0,5,0,76,.54000002,12.58,5.0500002,4.33,0,3,0,0,0,1,5,0,15,65,65,15,15,15,15,65,65,65,15,65,15,,,,,,,,,,,,,,,,,,,750,750,534,IND,28.316782,1.192173,.84193277,0,.46046469,.46823049,.72974646,-.1735526,1
2014,IN,IND,India,5,8,5,5,3,2,4,,,,,,,,5.0500002,,0,1,0,0,0,0,15,10,,65,65,15,15,15,15,65,65,65,50,65,15,77,.54000002,15.1,4.2800002,15,,,,,,,,,,,,,,750,750,534,IND,28.386116,1.2426997,.84193277,0,.42361695,.42078921,.72509092,-.20434386,2
2015,IN,IND,India,6,4,3,6,2,2,4,,,,,,,,,,0,0,1,0,1,4,40,15,,80,60,5,15,15,80,50,50,80,50,45,15,,.54000002,,,15,6,5,78,18,4.19,3.87,,,,,,,,750,750,534,IND,28.462463,1.3211851,.74755907,0,.53832448,.43452886,.63366425,.10058618,3
2016,IN,IND,India,7,5,2,6,5,1,4,,,,,,,,,,2,0,2,0,1,8,30,5,,60,65,5,15,15,15,45,50,80,50,45,,,,,,5,6,6,,,4.36,3.99,77,.75,26.00,,,,,750,750,534,IND,,,.74850786,0,.53832448,.43452886,.61187267,,4
2017,IN,IND,India,7,6,3,8,7,8,6,,,,,,,,,,3,3,3,1,1,8,25,5,,60,80,5,60,50,65,75,60,30,55,55,65,,,,,45,7,8,,,,,,.75,,77,29.549999,4.3499999,3.99,750,750,534,IND,,,,,,,,,5
2013,ID,IDN,Indonesia,5,6,5,3,1,1,0,3,0,2,0,65,.5,15.36,5.0799999,4.10,0,0,0,0,0,0,15,15,15,60,15,15,15,15,5,5,15,60,50,15,15,,,,,,,,,,,,,,,,,,,850,850,536,IDN,27.522614,1.3014195,.88994861,0,.76125985,.57092834,.71709555,-.18706039,1
2014,ID,IDN,Indonesia,5,6,4,4,2,2,2,,,,,,,,5.0799999,,1,1,0,2,0,0,10,15,,80,15,5,10,15,60,95,90,90,15,75,15,64,.36000001,15.82,4.4200001,15,,,,,,,,,,,,,,850,850,536,IDN,27.57163,1.1902845,.88994861,0,.76210785,.57092834,.72323179,-.01091979,2
2015,ID,IDN,Indonesia,6,6,4,6,3,2,2,,,,,,,,,,1,2,0,0,0,2,15,15,,65,15,5,55,15,60,75,15,75,75,60,15,,.36000001,,,15,3,3,64,17.139999,5.06,4.49,,,,,,,,850,850,536,IDN,27.618456,1.0891296,.90240604,0,.68290466,.54504561,.74229634,-.22453643,3
2016,ID,IDN,Indonesia,6,6,4,6,4,4,4,,,,,,,,,,3,2,1,0,0,2,45,5,,65,15,5,15,15,80,65,15,60,65,65,,,,,,15,2,3,,,5.00,4.39,65,.36,21.98,,,,,850,850,536,IDN,,,.90240604,0,.68290466,.54504561,.74229634,,4
2017,ID,IDN,Indonesia,7,7,5,6,5,4,4,,,,,,,,,,3,3,2,0,0,2,40,5,,65,45,5,30,50,60,65,50,50,60,65,45,,,,,45,3,3,,,,,,.3600000143051147,,65,25.370001,4.98,4.3899999,850,850,536,IDN,,,,,,,,,5
2013,IE,IRL,Ireland,3,7,7,6,4,2,4,7,3,2,0,97,.54000002,79,5.6199999,4.35,3,1,0,1,0,3,5,5,15,75,15,60,45,15,5,50,15,55,60,60,5,,,,,,,,,,,,,,,,,,,205,205,178,IRL,26.122473,25.700617,.94059706,.2,.04133423,.066113919,.93719852,1.47671,1
2014,IE,IRL,Ireland,4,7,8,6,4,3,6,,,,,,,,5.6199999,,1,1,0,0,0,3,15,10,,65,15,45,60,15,75,65,15,65,65,50,15,97,.68000001,78.25,4.3499999,15,,,,,,,,,,,,,,205,205,178,IRL,26.203707,26.911835,.94059706,.2,.04133423,.066113919,.93719852,1.5999104,2
2015,IE,IRL,Ireland,7,7,9,8,5,5,7,,,,,,,,,,0,0,0,0,1,1,15,15,,100,80,5,15,15,65,95,80,95,95,80,15,,.68000001,,,15,5,7,97,79.690002,5.56,4.48,,,,,,,,205,205,178,IRL,26.437008,27.702705,.94059706,.2,.04133423,.066113919,.93719852,1.5365726,3
2016,IE,IRL,Ireland,8,7,9,8,5,5,7,,,,,,,,,,0,1,1,0,2,1,80,15,,70,60,5,5,15,70,80,75,80,65,15,,,,,,15,6,7,,,5.39,4.78,96,.72,80.12,,,,,205,205,178,IRL,,,.94059706,.2,.04133423,.066113919,.93719852,,4
2013,IL,ISR,Israel,4,6,8,6,2,0,4,6,1,0,0,81,.85000002,73.370003,6.0700002,4.39,1,4,0,0,0,5,15,15,15,55,80,75,15,15,80,75,15,15,45,60,80,,,,,,,,,,,,,,,,,,,666,666,436,ISR,26.293291,25.901497,.78925198,0,.12403393,.200709,.74152434,1.2290089,1
2014,IL,ISR,Israel,5,5,7,5,5,2,4,,,,,,,,6.0700002,,3,5,0,1,0,5,10,10,,80,75,60,60,15,80,75,15,60,10,60,80,81,.87,70.800003,4.3899999,60,,,,,,,,,,,,,,666,666,436,ISR,26.324432,27.243299,.78925198,.0099999998,.12403393,.200709,.7393102,1.1585391,2
2015,IL,ISR,Israel,4,6,6,4,2,1,5,,,,,,,,,,2,3,0,0,4,6,15,15,,65,65,5,65,15,85,65,15,15,15,80,60,,.87,,,5,3,4,80,71.449997,6.05,4.53,,,,,,,,666,666,436,ISR,26.349201,27.438503,.78925198,.0099999998,.12403393,.200709,.73743582,1.3751553,3
2016,IL,ISR,Israel,5,5,7,6,3,3,5,,,,,,,,,,0,4,1,0,3,6,15,5,,80,75,5,5,15,75,80,15,15,65,80,,,,,,15,5,4,,,5.66,4.70,80,.86,78.89,,,,,666,666,436,ISR,,,.78925198,.0099999998,.12403393,.200709,.73480779,,4
2013,IT,ITA,Italy,6,5,9,6,5,2,2,5,6,3,2,88,.57999998,58,4.1900001,3.21,3,4,2,0,3,5,50,15,95,60,95,95,15,60,15,15,5,95,50,15,15,,,,,,,,,,,,,,,,,,,,,,,,,,,,,,,
2014,IT,ITA,Italy,6,4,8,6,5,1,3,,,,,,,,4.1900001,,3,2,1,0,2,4,45,10,,60,80,60,15,65,80,60,80,60,60,40,65,90,.75,58.459999,2.98,15,,,,,,,,,,,,,,,,,,,,,,,,,,
2015,IT,ITA,Italy,6,4,8,6,7,5,6,,,,,,,,,,4,4,2,0,1,5,65,5,,85,90,5,15,80,0,80,80,15,15,95,80,,.75,,,65,7,7,89,61.959999,4.15,2.85,,,,,,,,,,,,,,,,,,,,
2016,IT,ITA,Italy,6,4,9,8,7,4,7,,,,,,,,,,3,3,0,0,1,6,15,5,,100,80,5,5,65,90,80,70,75,5,65,,,,,,5,6,6,,,4.56,3.30,89,.87,65.57,,,,,,,,,,,,,,,,,
2017,IT,ITA,Italy,6,5,9,7,5,2,3,,,,,,,,,,2,4,2,0,2,6,50,50,,100,80,5,65,70,95,45,40,70,40,80,65,,,,,65,7,7,,,,,,.8700000047683716,,89,61.32,4.5300002,3.3,,,,,,,,,,,,,
2013,JM,JAM,Jamaica,2,6,1,5,0,0,4,5,0,0,0,73,.31,46.5,4.7600002,3.94,0,0,0,0,0,1,15,15,15,15,15,5,15,15,0,5,75,75,75,45,15,,,,,,,,,,,,,,,,,,,51,51,343,JAM,23.318821,5.0582495,.86478668,.02,.18077257,.23329552,.8469032,.038339254,1
2014,JM,JAM,Jamaica,3,6,2,5,0,3,3,,,,,,,,4.7600002,,0,0,0,1,0,2,10,50,,65,15,5,10,15,10,15,75,60,10,10,15,74,.31,37.799999,3.73,60,,,,,,,,,,,,,,51,51,343,JAM,23.325743,5.4148922,.86478668,.02,.18077257,.23329552,.8469032,.13720793,2
2015,JM,JAM,Jamaica,3,5,2,6,0,5,5,,,,,,,,,,1,0,0,1,2,3,15,15,,65,15,0,15,15,15,65,5,5,15,15,15,,.31,,,15,1,0,74,40.5,4.75,3.59,,,,,,,,51,51,343,JAM,23.335659,8.1360664,.86478668,.02,.18077257,.23329552,.8469032,.2461531,3
2016,JM,JAM,Jamaica,6,5,2,6,0,3,6,,,,,,,,,,2,0,0,2,3,3,15,15,,15,70,5,15,15,15,90,95,90,5,15,,,,,,60,3,2,,,4.75,3.93,75,.36,43.18,,,,,51,51,343,JAM,,,.86478668,.02,.18077257,.23329552,.8469032,,4
2013,JP,JPN,Japan,7,7,7,8,4,4,5,4,1,1,0,88,.86000001,79.050003,6.0599999,4.32,0,0,9,0,0,1,15,0,70,80,65,45,15,80,15,65,65,65,15,65,65,,,,,,,,,,,,,,,,,,,740,740,158,JPN,29.404995,29.036976,.80536038,.0099999998,.01836695,.057980921,.92579049,1.6070156,1
2014,JP,JPN,Japan,7,7,7,8,3,3,5,,,,,,,,6.0599999,,1,1,5,0,1,2,80,5,,80,80,5,15,15,15,65,80,80,95,65,80,90,.94,86.25,4.6199999,10,,,,,,,,,,,,,,740,740,158,JPN,29.408346,29.755108,.80536038,.0099999998,.01836695,.057980921,.92552471,1.8188713,2
2015,JP,JPN,Japan,7,7,7,8,3,3,6,,,,,,,,,,4,3,4,2,3,5,65,15,,80,80,80,15,15,80,80,65,15,65,65,65,,.94,,,15,5,4,92,90.580002,6.08,4.86,,,,,,,,740,740,158,JPN,29.420467,30.656776,.77703911,.0099999998,.032049,.058203939,.8525309,1.7913879,3
2016,JP,JPN,Japan,8,5,8,8,7,6,6,,,,,,,,,,5,4,5,2,3,7,95,15,,100,65,5,70,15,80,80,55,75,75,55,,,,,,5,6,5,,,5.55,4.94,96,.88,93.33,,,,,740,740,158,JPN,,,.77703911,.0099999998,.032049,.058203939,.8525309,,4
2017,JP,JPN,Japan,9,6,9,9,7,7,6,,,,,,,,,,6,5,7,3,5,9,95,35,,100,80,5,95,95,70,80,60,75,75,60,95,,,,,5,7,7,,,,,,.8799999952316284,,96,93.18,5.52,4.9400001,740,740,158,JPN,,,,,,,,,5
2013,JO,JOR,Jordan,5,2,0,4,0,0,4,6,0,1,1,34,.38999999,41,5.5900002,4.36,0,0,0,0,0,0,15,15,15,15,15,5,15,15,0,15,15,15,5,15,5,,,,,,,,,,,,,,,,,,,663,663,439,JOR,24.076942,4.5145874,.62174606,0,.48140568,.37304351,.63441199,-.042498071,1
2014,JO,JOR,Jordan,4,2,1,3,1,0,4,,,,,,,,5.5900002,,0,0,0,0,0,0,5,10,,40,15,5,15,15,0,15,10,45,5,40,5,35,.51999998,44.200001,4.5700002,15,,,,,,,,,,,,,,663,663,439,JOR,24.107435,4.6874328,.61797512,0,.48140568,.35794345,.66246825,.13467199,2
2015,JO,JOR,Jordan,2,3,1,1,0,0,3,,,,,,,,,,0,0,0,0,0,0,15,15,,15,15,5,15,15,15,15,15,15,15,5,15,,.51999998,,,15,1,0,36,44,5.32,4.64,,,,,,,,663,663,439,JOR,24.130983,4.1640439,.61797512,0,.48140568,.35794345,.65647441,.13580668,3
2016,JO,JOR,Jordan,2,3,1,1,1,0,3,,,,,,,,,,0,0,0,0,1,1,5,5,,50,15,5,15,15,15,15,15,15,15,15,,,,,,15,2,0,,,5.05,4.51,36,.46,53.40,,,,,663,663,439,JOR,,,.61076617,0,.45871079,.32648522,.62861526,,4
2013,KZ,KAZ,Kazakhstan,5,0,4,2,0,0,6,0,1,0,0,26,.77999997,53.32,4.6300001,4.48,0,0,0,0,1,0,0,15,15,15,5,15,65,15,15,65,65,65,45,65,15,,,,,,,,,,,,,,,,,,,705,705,916,KAZ,25.897341,11.914557,.56120366,.039999999,.74331939,.80997592,.55314243,-.52720916,1
2014,KZ,KAZ,Kazakhstan,3,1,6,2,0,2,2,,,,,,,,4.6300001,,0,1,0,0,0,0,10,5,,60,15,65,55,15,15,60,45,45,40,10,15,25,.75,54,4.6500001,10,,,,,,,,,,,,,,705,705,916,KAZ,25.938482,12.9344,.56120366,.029999999,.74331939,.80997592,.54354811,-.01522462,2
2015,KZ,KAZ,Kazakhstan,3,1,5,2,0,0,2,,,,,,,,,,0,0,0,0,1,0,5,15,,60,65,5,55,15,5,45,55,40,40,40,15,,.75,,,5,0,2,24,54.889999,4.36,4.35,,,,,,,,705,705,916,KAZ,25.950411,13.720565,.56120366,.029999999,.74331939,.80997592,.52623546,-.05297124,3
2016,KZ,KAZ,Kazakhstan,6,3,4,1,1,2,3,,,,,,,,,,0,0,1,0,0,1,5,5,,65,15,5,70,15,0,45,70,15,80,75,,,,,,15,1,3,,,4.45,4.38,24,.77,72.87,,,,,705,705,916,KAZ,,,.57128209,.029999999,.46579233,.80639774,.55896348,,4
2013,KE,KEN,Kenya,7,4,3,7,0,7,4,4,3,0,1,55,.43000001,32.099998,4.7600002,4.70,2,1,0,1,2,1,15,5,15,80,85,85,0,15,85,15,70,70,85,15,15,,,,,,,,,,,,,,,,,,,501,501,664,KEN,24.571375,.16716534,.88162249,.15000001,.66983259,.71387202,.70164549,-.45567504,1
2014,KE,KEN,Kenya,2,4,4,5,1,0,4,,,,,,,,4.7600002,,1,2,0,1,1,1,5,5,,85,15,60,5,15,5,10,55,55,10,15,15,53,.43000001,39,4.71,15,,,,,,,,,,,,,,501,501,664,KEN,24.62332,.22353894,.88162249,.15000001,.66983259,.71387202,.69404006,-.3197608,2
2015,KE,KEN,Kenya,7,4,2,6,1,3,5,,,,,,,,,,1,2,0,0,2,3,15,5,,15,65,5,5,80,15,15,80,55,15,5,65,,.43000001,,,15,0,3,51,43.400002,4.84,4.74,,,,,,,,501,501,664,KEN,24.678274,.28900748,.88162249,.14,.66983259,.71387202,.69404006,-.28513628,3
2016,KE,KEN,Kenya,8,5,2,8,3,5,6,,,,,,,,,,4,3,0,3,2,4,15,5,,15,65,5,5,15,15,15,60,45,15,60,,,,,,15,2,3,,,5.11,4.83,51,.5600000000000001,45.62,,,,,501,501,664,KEN,,,.7812258,.13,.72038245,.79514951,.66437709,,4
2014,KR,KOR,Korea,8,8,8,6,6,5,7,,,,,,,,5.71,,4,3,2,0,2,5,45,65,,65,65,5,75,75,65,60,45,65,45,45,60,85,.0099999998,84.769997,5.1199999,10,,,,,,,,,,,,,,,,,,,,,,,,,,
2016,KR,KOR,Korea,9,7,8,9,8,8,7,,,,,,,,,,5,5,5,2,5,7,70,75,,75,80,5,5,60,60,60,45,60,45,40,,,,,,75,8,8,,,5.32,4.88,83,.9399999999999999,89.90,,,,,,,,,,,,,,,,,
2015,KR,KOR,Korea (Republic of),9,8,8,8,8,8,7,,,,,,,,,,3,3,3,1,4,6,45,75,,95,15,5,60,90,90,75,60,75,75,75,90,,.98000002,,,15,8,7,84,84.330002,5.45,4.96,,,,,,,,,,,,,,,,,,,,
2013,KR,KOR,"Korea, Republic of",6,6,7,4,4,4,7,6,4,2,2,86,1,84.099998,5.71,5.15,2,2,1,0,2,2,65,55,85,65,50,50,65,65,15,65,15,65,65,50,65,,,,,,,,,,,,,,,,,,,732,732,542,KOR,27.808689,38.035908,.78486383,.029999999,.13873567,.35912442,.87263232,1.1334176,1
2016,XK,XKX,Kosovo,6,7,6,5,4,1,5,,,,,,,,,,0,2,0,0,0,0,65,5,,60,15,5,5,15,15,80,15,15,15,15,,,,,,15,1,1,,,NA,NA,52,,NA,,,,,347,347,967,KSV,,,.58413583,0,.5436669,.53803706,.70708972,,4
2016,KG,KGZ,Kyrgyzstan,2,6,3,3,0,2,3,,,,,,,,,,0,1,1,0,1,0,5,5,,80,15,5,15,15,5,15,15,15,15,15,,,,,,15,1,1,,,3.41,3.10,38,.43,30.25,,,,,,,,,,,,,,,,,
2016,LV,LVA,Latvia,1,5,6,2,2,1,2,,,,,,,,,,0,0,0,0,0,0,25,15,,65,15,5,90,15,5,65,60,65,60,60,,,,,,15,0,0,,,4.38,3.63,86,.61,79.20,,,,,367,367,941,LVA,,,.78996968,.25,.22932731,.059708659,.91379517,,4
2016,LB,LBN,Lebanon,1,0,0,3,0,0,3,,,,,,,,,,0,0,0,0,0,0,5,5,,60,15,5,5,15,0,15,15,15,15,5,,,,,,0,0,0,,,4.47,2.72,43,.51,74.00,,,,,660,660,446,LBN,,,.75624764,0,.71530873,.6814149,.74793321,,4
2015,MK,MKD,Macedonia,6,7,8,5,1,2,5,,,,,,,,,,1,2,2,0,0,2,15,15,,80,80,5,65,15,15,65,60,80,65,75,15,,.23999999,,,5,5,2,60,68.059998,4.17,4.88,,,,,,,,,,,,,,,,,,,,
2016,MK,MKD,Macedonia,6,7,8,5,1,2,6,,,,,,,,,,1,0,2,0,0,1,5,55,,15,65,5,5,15,5,65,60,75,70,5,,,,,,5,5,2,,,4.51,4.82,57,.61,70.38,,,,,,,,,,,,,,,,,
2013,MW,MWI,Malawi,5,3,4,5,0,4,4,6,1,1,0,60,.22,4.3499999,3.8299999,3.51,1,2,0,0,3,0,15,0,15,60,15,15,5,15,0,15,15,15,5,15,15,,,,,,,,,,,,,,,,,,,553,553,676,MWI,22.779854,.05364072,.72983915,.0099999998,.82893765,.74974275,.76412982,-.48228502,1
2014,MW,MWI,Malawi,5,3,5,1,0,0,3,,,,,,,,3.8299999,,0,0,0,0,0,0,15,5,,60,15,5,5,10,0,40,10,25,10,10,15,60,.17,5.4000001,3.53,5,,,,,,,,,,,,,,553,553,676,MWI,22.835289,.05087008,.72907746,.0099999998,.77028483,.74079221,.7497611,-.63545567,2
2015,MW,MWI,Malawi,1,1,2,1,0,0,2,,,,,,,,,,0,0,0,0,1,0,65,5,,15,15,5,5,15,0,50,15,15,5,5,15,,.17,,,5,0,1,61,5.8299999,3.85,3.45,,,,,,,,553,553,676,MWI,22.863159,.03382694,.74546808,.0099999998,.77028483,.74079221,.7743116,-.67486936,3
2016,MW,MWI,Malawi,1,1,2,0,0,0,1,,,,,,,,,,0,2,0,1,0,0,15,5,,75,15,5,5,5,0,75,45,15,5,5,,,,,,5,0,1,,,3.42,3.16,64,.22,9.30,,,,,553,553,676,MWI,,,.7200526,.0099999998,.86032605,.77366245,.74594373,,4
2014,MY,MYS,Malaysia,5,1,5,2,0,0,0,,,,,,,,5.46,,0,0,0,0,0,1,45,10,,65,65,5,10,15,15,65,65,65,45,60,15,47,.68000001,66.970001,5.3499999,10,,,,,,,,,,,,,,820,820,548,MYS,26.473722,10.139826,.74669302,0,.48394847,.62164044,.58874869,1.1395011,2
2015,MY,MYS,Malaysia,5,1,5,2,0,3,4,,,,,,,,,,1,0,1,1,0,2,15,5,,15,15,5,15,15,15,65,15,15,40,65,15,,.68000001,,,15,2,1,46,67.5,5.58,5.45,,,,,,,,820,820,548,MYS,26.522215,9.9957666,.74669302,0,.48394847,.62164044,.58874869,.96442771,3
2016,MY,MYS,Malaysia,6,1,5,4,1,5,3,,,,,,,,,,2,0,1,1,0,1,15,5,,80,15,5,15,15,5,65,5,75,5,5,,,,,,15,3,3,,,5.46,5.58,45,.72,71.06,,,,,820,820,548,MYS,,,.74669302,0,.48394847,.62164044,.57941145,,4
2013,ML,MLI,Mali,0,1,0,1,0,0,1,2,0,1,0,24,.31999999,2.1700001,4.5300002,4.10,0,0,0,0,0,0,0,0,0,15,15,0,0,15,0,15,0,0,0,0,0,,,,,,,,,,,,,,,,,,,432,432,678,MLI,23.137787,.019011021,.9085865,.029999999,.70937008,.68810511,.76365346,-.88463181,1
2014,ML,MLI,Mali,0,1,5,1,0,0,1,,,,,,,,4.5300002,,0,0,0,0,0,1,0,0,,10,15,0,0,10,0,10,0,0,0,0,5,44,.13,2.3,4.1300001,0,,,,,,,,,,,,,,432,432,678,MLI,23.205851,.01896218,.8738538,.029999999,.70937008,.68810511,.77626944,-1.0801378,2
2015,ML,MLI,Mali,0,0,5,2,0,0,2,,,,,,,,,,0,0,0,0,0,0,0,0,,45,15,5,5,15,0,15,0,15,0,5,5,,.13,,,15,0,0,44,7,4.13,4.12,,,,,,,,432,432,678,MLI,23.263767,.021520929,.83700466,.029999999,.70937008,.68810511,.78575957,-.91128254,3
2016,ML,MLI,Mali,0,1,5,1,0,1,2,,,,,,,,,,0,0,0,0,0,0,5,0,,15,15,5,0,15,0,15,15,15,5,5,,,,,,15,0,1,,,3.90,3.69,45,.09,10.34,,,,,432,432,678,MLI,,,.8401162,.029999999,.70937008,.68810511,.78891635,,4
2013,MU,MUS,Mauritius,3,2,8,0,0,0,4,5,0,0,0,90,.43000001,41.389999,4.9699998,4.31,0,0,0,0,0,0,15,5,15,5,55,5,15,15,15,60,15,60,60,60,60,,,,,,,,,,,,,,,,,,,590,590,684,MUS,23.1336,13.050435,.66747421,0,.38405392,.58064765,.88463545,.86555982,1
2014,MU,MUS,Mauritius,2,0,8,0,0,0,0,,,,,,,,4.9699998,,0,1,0,0,0,0,5,5,,80,15,5,15,15,15,15,15,65,60,60,15,90,.47,39,4.5500002,10,,,,,,,,,,,,,,590,590,684,MUS,23.170361,14.569896,.66747421,0,.38405392,.58064765,.87844187,1.035982,2
2015,MU,MUS,Mauritius,2,0,8,0,0,1,3,,,,,,,,,,0,0,0,0,0,0,5,5,,65,15,5,15,15,15,65,15,65,50,65,65,,.47,,,15,1,5,90,41.439999,5.03,4.56,,,,,,,,590,590,684,MUS,23.20446,15.746888,.66914117,0,.38405392,.58858383,.88165265,1.0358155,3
2016,MU,MUS,Mauritius,2,1,7,1,0,3,3,,,,,,,,,,0,0,0,0,1,1,5,5,,65,15,5,15,15,15,80,65,80,50,65,,,,,,15,1,2,,,4.75,4.44,90,.7,50.14,,,,,590,590,684,MUS,,,.66914117,0,.38405392,.58858383,.8753742,,4
2013,MX,MEX,Mexico,4,6,6,4,3,3,4,4,1,2,0,65,.73000002,38.419998,4.7600002,3.93,1,1,0,0,1,0,15,5,5,60,60,15,75,15,75,75,75,75,15,60,15,,,,,,,,,,,,,,,,,,,70,70,273,MEX,27.773439,10.050749,.63895136,.07,.63000023,.71920413,.72340798,.33956966,1
2014,MX,MEX,Mexico,7,8,7,7,5,4,5,,,,,,,,4.7600002,,2,2,0,0,2,2,65,5,,80,80,80,5,15,5,80,50,80,15,65,80,65,.66000003,43.459999,3.9000001,80,,,,,,,,,,,,,,70,70,273,MEX,27.795645,10.233638,.64904159,.07,.63000023,.71920413,.72612184,.18899705,2
2015,MX,MEX,Mexico,7,7,8,7,5,7,5,,,,,,,,,,4,4,1,3,2,6,60,5,,95,95,5,65,15,90,15,80,15,80,75,80,,.66000003,,,65,7,6,64,44.389999,4.60,3.69,,,,,,,,70,70,273,MEX,27.819996,11.641447,.68122298,.059999999,.63628834,.71920413,.72858423,.21091041,3
2016,MX,MEX,Mexico,8,8,8,7,8,8,7,,,,,,,,,,6,5,3,2,3,7,80,5,,80,95,5,65,15,55,15,80,65,60,60,,,,,,80,8,8,,,4.59,3.90,65,.85,57.43,,,,,70,70,273,MEX,,,.70250612,.059999999,.63628834,.71920413,.72858423,,4
2017,MX,MEX,Mexico,9,9,9,8,9,9,8,,,,,,,,,,7,8,5,4,5,8,60,5,,80,95,75,85,50,55,90,75,60,60,55,65,,,,,100,9,9,,,,,,.8500000238418579,,65,59.540001,4.5999999,3.9000001,70,70,273,MEX,,,,,,,,,5
2016,MD,MDA,Moldova,7,6,7,7,3,4,3,,,,,,,,,,2,1,0,0,1,0,30,15,,80,65,5,80,15,15,80,75,55,95,80,,,,,,75,6,5,,,3.98,3.60,60,.59,49.84,,,,,359,359,921,MDA,,,.77003378,.19,.803882,.81759095,.77418286,,4
2015,MD,MDA,Moldova (Republic of),7,6,7,6,0,4,4,,,,,,,,,,1,3,0,0,1,1,45,15,,65,60,5,15,15,15,65,60,55,65,65,55,,.52999997,,,80,6,4,63,46.599998,4.11,3.67,,,,,,,,,,,,,,,,,,,,
2016,ME,MNE,Montenegro,1,6,4,2,0,1,2,,,,,,,,,,0,1,0,0,0,0,0,5,,40,15,5,5,15,0,55,5,75,15,0,,,,,,15,1,0,,,4.23,4.26,70,.68,64.56,,,,,341,341,943,MNE,,,.75357598,.12,.47356915,.69290918,.80641651,,4
2013,MA,MAR,Morocco,6,3,6,6,0,2,2,5,0,2,0,43,.25,55,4.3899999,4.43,3,3,0,0,0,0,15,5,0,65,80,80,15,15,15,65,15,15,5,15,5,,,,,,,,,,,,,,,,,,,600,600,686,MAR,25.383331,2.5567625,.83306026,.20999999,.61285901,.28724667,.60720688,-.03252073,1
2014,MA,MAR,Morocco,5,5,7,3,0,2,2,,,,,,,,4.3899999,,2,2,0,1,0,0,5,5,,40,60,5,15,10,15,40,10,15,5,10,5,42,.69,56,4.3099999,15,,,,,,,,,,,,,,600,600,686,MAR,25.408524,2.9661531,.85464627,.20999999,.61285901,.28724667,.60424638,-.066279553,2
2015,MA,MAR,Morocco,5,3,6,4,0,3,2,,,,,,,,,,0,1,0,0,0,0,15,5,,15,15,5,15,15,15,15,60,55,5,5,15,,.69,,,15,0,0,42,56.799999,4.53,4.23,,,,,,,,600,600,686,MAR,25.452621,3.3795543,.84556651,.20999999,.65965927,.24469595,.63080585,-.060515668,3
2016,MA,MAR,Morocco,4,4,6,3,1,1,3,,,,,,,,,,0,1,0,0,1,0,15,5,,65,15,5,15,15,15,15,15,15,5,15,,,,,,15,1,1,,,4.56,4.28,41,.74,57.08,,,,,600,600,686,MAR,,,.84036553,.2,.65443975,.25199273,.65418673,,4
2014,MZ,MOZ,Mozambique,0,5,4,1,0,0,0,,,,,,,,4.25,,0,0,0,0,0,0,10,5,,10,15,10,5,10,0,10,60,60,60,60,15,58,.31,5.4000001,3.4100001,15,,,,,,,,,,,,,,541,541,688,MOZ,23.320204,.1397085,.68928266,.029999999,.73928595,.61314338,.67485237,-.7257449,2
2015,MZ,MOZ,Mozambique,1,4,3,0,1,1,3,,,,,,,,,,0,0,0,0,0,0,5,0,,15,15,5,0,15,15,75,5,50,5,0,5,,.31,,,15,0,0,58,5.9400001,4.24,3.38,,,,,,,,541,541,688,MOZ,23.384209,.15695845,.68031162,.029999999,.75506192,.53992546,.68257302,-.74171746,3
2016,MZ,MOZ,Mozambique,1,3,3,0,0,1,3,,,,,,,,,,0,0,0,0,0,0,5,0,,15,15,5,5,5,5,15,15,15,5,5,,,,,,15,0,0,,,3.86,3.57,56,.2,9.00,,,,,541,541,688,MOZ,,,.78408629,.029999999,.6409868,.51946598,.67729098,,4
2014,MM,MMR,Myanmar,0,0,0,3,0,0,0,,,,,,,,2.73,,0,0,0,0,0,0,5,0,,10,0,0,15,10,0,10,10,5,5,0,5,29,.02,1.2,2.9000001,0,,,,,,,,,,,,,,,,,,,,,,,,,,
2015,MM,MMR,Myanmar,0,0,0,3,0,0,2,,,,,,,,,,0,0,0,0,0,0,5,5,,80,0,5,15,15,5,60,15,15,15,5,5,,.02,,,5,0,0,25,2.0999999,2.94,2.98,,,,,,,,,,,,,,,,,,,,
2016,MM,MMR,Myanmar,0,1,1,2,0,0,1,,,,,,,,,,0,1,0,0,0,0,5,5,,45,5,5,5,15,0,15,15,5,15,5,,,,,,5,0,0,,,2.94,2.92,28,.16,21.80,,,,,,,,,,,,,,,,,
2013,NA,NAM,Namibia,3,0,0,0,0,0,0,3,0,0,0,76,.30000001,12.94,4.8899999,3.58,0,0,0,0,0,0,0,5,0,15,15,0,0,15,0,55,0,45,5,0,15,,,,,,,,,,,,,,,,,,,565,565,728,NAM,23.300531,1.5516766,.69715387,.029999999,.34325713,.34927651,.8834011,.19341758,1
2014,NA,NAM,Namibia,3,0,3,2,0,0,0,,,,,,,,4.8899999,,0,0,0,0,0,0,5,5,,65,15,5,5,10,0,10,5,5,10,5,15,76,.31999999,13.9,3.5999999,15,,,,,,,,,,,,,,565,565,728,NAM,23.363119,1.7552049,.69715387,.029999999,.34325713,.34927651,.86465102,.11733196,2
2015,,NAM,Namibia,3,1,2,3,0,1,3,,,,,,,,,,0,0,0,0,0,0,5,5,,15,15,5,5,15,0,15,15,5,15,5,15,,.31999999,,,15,0,0,76,14.84,4.87,3.69,,,,,,,,565,565,728,NAM,23.414717,2.943023,.69715387,.029999999,.34325713,.34927651,.86465102,.25781685,3
2016,NA,NAM,Namibia,2,0,2,3,0,3,4,,,,,,,,,,0,0,0,0,0,0,5,5,,15,15,5,5,15,0,15,0,15,15,5,,,,,,15,1,1,,,4.54,3.91,77,.28,22.31,,,,,565,565,728,NAM,,,.69715387,.029999999,.34325713,.34927651,.88069284,,4
2013,NP,NPL,Nepal,2,7,3,5,1,0,2,4,0,3,1,47,.28999999,11.15,3.9200001,3.17,0,0,0,0,1,0,5,5,15,15,15,15,15,15,0,65,15,15,15,15,80,,,,,,,,,,,,,,,,,,,790,790,558,NPL,23.616829,1.1204515,.79127651,.02,.75009722,.60159308,.68642259,-.92625511,1
2014,NP,NPL,Nepal,3,6,3,5,0,4,2,,,,,,,,3.9200001,,0,0,0,0,0,0,10,5,,10,15,15,15,10,5,45,10,15,5,10,80,50,.16,13.3,2.9200001,15,,,,,,,,,,,,,,790,790,558,NPL,23.674995,.8911643,.79041368,.02,.75009722,.60159308,.70248044,-.83093232,2
2015,NP,NPL,Nepal,3,6,3,5,0,2,3,,,,,,,,,,1,0,0,0,1,1,5,5,,15,15,5,15,15,0,50,15,15,15,0,80,,.16,,,15,1,0,51,15.44,3.87,2.92,,,,,,,,790,790,558,NPL,23.701883,1.06434,.81153655,.02,.77812988,.61797684,.74363184,-1.0434798,3
2016,NP,NPL,Nepal,3,6,3,2,1,2,3,,,,,,,,,,1,0,0,1,1,2,5,5,,15,15,5,80,15,0,15,5,5,15,5,,,,,,5,1,0,,,3.59,3.02,51,.4,17.58,,,,,790,790,558,NPL,,,.85272026,.02,.79336745,.64071119,.73758131,,4
2013,NL,NLD,Netherlands,7,5,7,10,7,7,5,8,5,2,2,99,.95999998,93,5.6799998,4.31,2,0,1,0,0,5,95,55,80,65,80,0,45,100,95,65,5,95,65,65,80,,,,,,,,,,,,,,,,,,,210,210,138,NLD,27.456388,40.526924,.87977219,.07,.02424462,.033773638,.91801906,1.7795126,1
2014,NL,NLD,Netherlands,7,6,8,9,8,8,7,,,,,,,,5.6799998,,5,4,3,0,2,5,95,65,,95,80,10,10,100,95,95,80,95,95,75,80,99,.93000001,93.959999,4.4299998,15,,,,,,,,,,,,,,210,210,138,NLD,27.470486,40.773785,.87977219,.059999999,.02424462,.033773638,.91100001,1.8291703,2
2015,NL,NLD,Netherlands,7,7,8,9,8,8,7,,,,,,,,,,4,3,6,0,5,7,95,65,,80,95,5,15,80,5,95,95,95,90,90,80,,.93000001,,,15,5,7,99,93.169998,5.63,4.53,,,,,,,,210,210,138,NLD,27.489815,41.730087,.88284177,.059999999,.02244791,.02001873,.93421656,1.8417928,3
2016,NL,NLD,Netherlands,7,7,9,9,7,9,8,,,,,,,,,,4,3,5,0,3,6,100,15,,65,95,5,50,85,5,95,80,80,80,75,,,,,,15,6,8,,,5.82,4.60,99,.93,93.10,,,,,210,210,138,NLD,,,.88284177,.19,.02244791,.02001873,.93562227,,4
2013,NZ,NZL,New Zealand,9,9,9,7,0,4,6,5,5,2,1,97,.77999997,89.510002,5.7399998,5.07,7,5,7,2,5,5,95,95,90,95,80,15,15,70,0,80,60,45,80,80,80,,,,,,,,,,,,,,,,,,,920,920,196,NZL,25.785418,29.207052,.92337388,.40000001,.01421095,.017188789,.93691856,1.7580936,1
2014,NZ,NZL,New Zealand,8,8,9,7,1,3,4,,,,,,,,5.7399998,,5,3,0,0,5,5,100,100,,95,95,95,90,100,75,95,80,80,95,60,80,97,.83999997,82.779999,5.29,15,,,,,,,,,,,,,,920,920,196,NZL,25.820555,30.979826,.92337388,.40000001,.01421095,.017188789,.93546253,1.9283566,2
2015,NZ,NZL,New Zealand,8,8,8,8,5,5,6,,,,,,,,,,5,3,7,2,5,7,80,85,,80,80,5,15,80,15,80,80,80,65,65,80,,.83999997,,,15,7,6,97,85.5,5.80,5.29,,,,,,,,920,920,196,NZL,25.853922,31.566036,.92337388,.40000001,.01421095,.017188789,.93613034,1.8901094,3
2016,NZ,NZL,New Zealand,8,8,8,8,8,6,6,,,,,,,,,,6,3,7,2,3,8,80,80,,15,80,5,5,95,15,80,80,80,75,60,,,,,,15,7,7,,,5.59,5.22,98,.9399999999999999,88.22,,,,,920,920,196,NZL,,,.93466848,.40000001,.01421095,.017188789,.93613034,,4
2017,NZ,NZL,New Zealand,9,8,8,7,8,7,6,,,,,,,,,,6,3,8,3,3,8,95,80,,90,95,5,50,95,65,80,75,80,75,55,80,,,,,55,8,7,,,,,,.9399999976158142,,98,88.470001,5.4699998,5.2199998,920,920,196,NZL,,,,,,,,,5
2013,NG,NGA,Nigeria,5,6,4,6,2,0,4,5,2,0,3,46,.22,32.880001,4.6100001,4.17,0,0,0,0,0,0,0,0,15,5,15,0,5,15,0,5,0,0,5,0,5,,,,,,,,,,,,,,,,,,,475,475,694,NGA,26.771135,.0086657004,.87857091,0,.89958203,.89282602,.71434546,-.98517942,1
2014,NG,NGA,Nigeria,3,5,3,3,1,3,3,,,,,,,,4.6100001,,0,0,0,0,1,1,5,0,,15,15,0,5,15,5,10,10,10,5,5,15,46,.31,38,4.02,15,,,,,,,,,,,,,,475,475,694,NGA,26.832321,.0088170897,.87857091,0,.89958203,.87194067,.71434546,-1.1825869,2
2015,NG,NGA,Nigeria,3,4,3,3,1,2,4,,,,,,,,,,0,1,0,0,0,0,5,5,,15,15,5,5,15,0,15,75,75,15,5,15,,.31,,,15,2,0,43,42.68,4.34,3.62,,,,,,,,475,475,694,NGA,26.858503,.0085482197,.87857091,0,.752078,.78064817,.71137989,-.95197809,3
2016,NG,NGA,Nigeria,2,4,3,4,2,1,5,,,,,,,,,,0,2,0,3,2,4,15,5,,15,15,5,5,15,5,15,15,15,15,5,,,,,,15,2,1,,,4.34,3.37,48,.41,47.44,,,,,475,475,694,NGA,,,.88259172,0,.76067871,.76838601,.73756731,,4
2013,NO,NOR,Norway,8,8,9,5,4,7,9,10,5,2,0,100,.86000001,95,6.0100002,4.89,2,4,3,0,5,3,95,15,15,80,80,0,100,15,95,80,80,80,80,80,80,,,,,,,,,,,,,,,,,,,385,385,142,NOR,26.830311,37.891029,.97957772,.0099999998,.01331722,.02325944,.96102852,1.8769027,1
2014,NO,NOR,Norway,8,7,9,5,6,4,7,,,,,,,,6.0100002,,6,6,2,0,5,2,80,65,,95,80,15,100,15,95,80,80,95,80,80,80,100,.75999999,95.050003,4.9000001,15,,,,,,,,,,,,,,385,385,142,NOR,26.849316,38.82872,.97957772,.0099999998,.01331722,.02325944,.96102852,1.8098027,2
2015,NO,NOR,Norway,8,7,9,5,5,2,6,,,,,,,,,,5,5,1,0,3,1,95,15,,80,80,5,75,15,80,85,60,75,80,80,15,,.75999999,,,15,6,6,100,96.300003,6.05,4.73,,,,,,,,385,385,142,NOR,26.865299,39.712673,.97957772,.0099999998,.01304287,.02325944,.94555628,1.862226,3
2016,NO,NOR,Norway,7,7,9,4,3,3,5,,,,,,,,,,4,6,2,0,4,7,95,15,,95,95,5,95,15,95,95,80,80,80,80,,,,,,65,6,6,,,5.97,4.94,100,.8,96.81,,,,,385,385,142,NOR,,,.97813541,.0099999998,.01447876,.01971508,.93934178,,4
2013,PK,PAK,Pakistan,0,3,0,3,0,0,4,4,0,1,0,42,.37,9.96,4.5999999,3.23,0,0,0,0,0,0,5,0,15,15,15,15,5,15,15,60,15,15,5,15,15,,,,,,,,,,,,,,,,,,,770,770,564,PAK,26.006319,.89386284,.69994307,.11,.84526956,.49732736,.51271862,-.78969485,1
2014,PK,PAK,Pakistan,0,5,4,6,0,3,3,,,,,,,,4.5999999,,0,0,0,0,0,1,5,5,,10,15,5,15,15,0,60,10,10,15,10,15,42,.31999999,10.9,3.02,10,,,,,,,,,,,,,,770,770,564,PAK,26.052008,1.0849955,.69743931,.1,.7104758,.52039987,.51603889,-.74862355,2
2015,PK,PAK,Pakistan,1,4,1,3,1,3,3,,,,,,,,,,0,0,0,0,0,0,15,5,,15,15,5,15,15,0,15,0,5,15,0,15,,.31999999,,,15,0,0,42,13.8,4.42,3.15,,,,,,,,770,770,564,PAK,26.098055,.95309901,.56633711,.090000004,.72548866,.53161758,.50106829,-.66135818,3
2016,PK,PAK,Pakistan,1,3,0,2,0,2,3,,,,,,,,,,0,0,0,0,0,0,5,5,,15,15,5,5,15,15,15,0,5,15,0,,,,,,15,0,0,,,3.92,3.47,41,.33,18.00,,,,,770,770,564,PAK,,,.56633711,.079999998,.72176945,.53161758,.50660348,,4
2016,PS,PSE,Palestine,0,1,1,1,0,1,3,,,,,,,,,,0,0,0,0,0,1,5,5,,15,15,5,15,15,0,15,15,15,15,15,,,,,,15,0,0,,,NA,NA,NA,,57.42,,,,,,,,,,,,,,,,,
2016,PA,PAN,Panama,5,6,4,3,0,0,4,,,,,,,,,,0,0,0,0,0,0,5,5,,15,65,5,5,15,5,65,15,15,15,15,,,,,,15,3,3,,,5.33,4.54,83,.33,51.21,,,,,95,95,283,PAN,,,.61828864,.1,.2396417,.14810053,.91888213,,4
2017,PA,PAN,Panama,6,6,5,3,1,1,4,,,,,,,,,,0,0,0,0,0,0,5,5,,50,80,5,5,50,5,80,80,60,45,80,40,,,,,45,6,5,,,,,,.3300000131130219,,83,54,5.0599999,4.54,95,95,283,PAN,,,,,,,,,5
2015,PY,PRY,Paraguay,4,2,2,5,0,4,4,,,,,,,,,,0,1,0,0,0,1,0,15,,5,80,5,5,15,5,5,5,5,0,5,80,,.23,,,80,2,2,65,43,4.05,2.98,,,,,,,,150,150,288,PRY,23.957245,3.1403358,.62200075,.17,.64576036,.66126817,.81806165,-.9450354,3
2016,PY,PRY,Paraguay,5,4,2,5,0,3,4,,,,,,,,,,1,3,0,0,0,1,60,15,,45,95,5,5,15,5,65,15,5,15,5,,,,,,80,3,2,,,3.90,2.90,64,.6,44.38,,,,,150,150,288,PRY,,,.61441863,.16,.64576036,.658005,.82113576,,4
2017,PY,PRY,Paraguay,6,4,2,5,0,3,4,,,,,,,,,,1,3,1,3,0,1,60,50,,45,95,5,40,50,5,80,25,5,40,5,80,,,,,85,3,5,,,,,,.6000000238418579,,64,51.349998,3.96,2.9000001,150,150,288,PRY,,,,,,,,,5
2013,PE,PER,Peru,1,7,9,2,1,2,2,3,1,2,0,71,.51999998,38.200001,4.5599999,3.35,0,1,0,0,0,1,15,5,15,60,15,60,15,15,0,15,15,55,15,50,15,,,,,,,,,,,,,,,,,,,135,135,293,PER,25.894855,5.3095636,.79482919,.28999999,.47238743,.32861307,.82039803,-.1100025,1
2014,PE,PER,Peru,3,7,6,3,2,1,2,,,,,,,,4.5599999,,0,0,0,0,0,0,5,15,,80,15,65,15,15,95,80,80,80,80,80,15,71,.63,39.200001,3.3099999,5,,,,,,,,,,,,,,135,135,293,PER,25.918127,5.7429638,.78350598,.28999999,.47238743,.31738016,.8250103,-.27599886,2
2015,PE,PER,Peru,2,6,7,5,3,3,3,,,,,,,,,,0,0,0,0,0,0,15,5,,40,65,5,5,15,60,60,45,65,45,60,75,,.63,,,75,5,0,71,40.200001,4.48,3.29,,,,,,,,135,135,293,PER,25.950121,6.4165087,.78208292,.28,.36067176,.25058407,.82151258,-.27753046,3
2016,PE,PER,Peru,4,5,7,5,4,3,3,,,,,,,,,,1,2,0,0,1,0,5,5,,60,65,5,5,15,5,75,55,65,45,65,,,,,,5,5,3,,,4.20,3.15,71,.63,40.90,,,,,135,135,293,PER,,,.81732595,.25999999,.36067176,.21272688,.81290382,,4
2013,PH,PHL,Philippines,5,1,5,2,5,1,5,5,2,0,0,63,.5,36.240002,5.2199998,3.74,1,1,0,1,0,0,15,5,15,15,75,60,15,15,0,15,15,60,15,5,15,,,,,,,,,,,,,,,,,,,840,840,566,PHL,26.188435,2.614805,.81394333,.07,.53420103,.48702255,.72293484,.11939321,1
2014,PH,PHL,Philippines,7,3,7,6,2,5,5,,,,,,,,5.2199998,,0,1,0,1,0,0,10,5,,15,95,5,10,15,5,15,5,80,5,5,10,63,.47999999,37,3.8099999,15,,,,,,,,,,,,,,840,840,566,PHL,26.248762,2.8972044,.81394333,.07,.53420103,.48702255,.72808433,.19271889,2
2015,PH,PHL,Philippines,7,2,7,6,2,4,5,,,,,,,,,,2,2,0,1,2,2,65,5,,15,95,5,15,15,60,15,15,55,15,40,15,,.47999999,,,90,7,3,63,39.689999,5.07,3.89,,,,,,,,840,840,566,PHL,26.306135,4.7839417,.88802361,.07,.53420103,.48702255,.70796227,.10709221,3
2016,PH,PHL,Philippines,6,2,8,7,2,4,5,,,,,,,,,,4,4,3,3,2,5,65,5,,15,65,5,15,15,60,15,45,60,60,15,,,,,,95,7,5,,,4.70,3.98,65,.67,40.70,,,,,840,840,566,PHL,,,.76429564,.07,.47334337,.3311989,.63648319,,4
2017,PH,PHL,Philippines,6,3,8,7,1,3,5,,,,,,,,,,3,4,3,3,2,3,45,5,,80,65,5,25,50,30,50,45,40,40,25,60,,,,,65,7,6,,,,,,.6700000166893005,,63,55.5,4.6700001,3.98,840,840,566,PHL,,,,,,,,,5
2014,PL,POL,Poland,1,7,6,3,1,1,5,,,,,,,,4.1500001,,0,1,0,0,0,1,80,10,,80,15,65,15,15,15,80,55,75,15,75,65,93,.54000002,62.849998,3.0799999,15,,,,,,,,,,,,,,290,290,964,POL,27.006634,18.926613,.81827497,.11,.18413033,.1369807,.93914068,.82450062,2
2015,PL,POL,Poland,5,6,8,5,4,6,6,,,,,,,,,,1,1,1,0,2,3,50,15,,80,15,5,45,15,5,80,75,80,15,95,65,,.54000002,,,15,4,3,93,66.599998,4.20,3.10,,,,,,,,290,290,964,POL,27.045286,19.009014,.81145507,.16,.18413033,.1369807,.93521422,.79975653,3
2016,PL,POL,Poland,6,6,9,5,5,2,4,,,,,,,,,,0,1,2,0,2,2,65,5,,15,15,5,5,15,15,65,60,15,15,15,,,,,,5,6,5,,,4.68,3.27,93,.7,68.00,,,,,290,290,964,POL,,,.73799807,,.15591422,.14000373,.83494037,,4
2013,PT,PRT,Portugal,5,6,9,5,3,0,3,5,3,3,0,97,.64999998,64,5.54,4.83,2,1,1,0,1,2,70,0,15,75,15,15,15,15,15,75,5,60,60,60,60,,,,,,,,,,,,,,,,,,,235,235,182,PRT,26.12595,24.164011,.81726718,.15000001,.16225065,.073496498,.95367301,1.2391139,1
2014,PT,PRT,Portugal,6,6,8,6,2,2,6,,,,,,,,5.54,,1,3,0,0,0,1,80,15,,80,15,65,15,15,15,80,15,95,80,5,75,97,.63999999,62.099998,4.4899998,80,,,,,,,,,,,,,,235,235,182,PRT,26.134842,25.668463,.85458326,.14,.16225065,.073496498,.95367301,1.0099896,2
2015,PT,PRT,Portugal,5,5,8,5,2,4,4,,,,,,,,,,1,0,2,1,1,1,80,5,,80,15,5,15,15,15,80,65,80,15,60,80,,.63999999,,,80,2,3,97,64.589996,5.62,4.70,,,,,,,,235,235,182,PRT,26.150671,29.615305,.85099727,.13,.1060832,.072126672,.95853031,1.2324576,3
2016,PT,PRT,Portugal,5,5,8,5,3,4,4,,,,,,,,,,2,1,1,0,0,1,65,5,,80,15,5,5,15,75,65,75,80,65,60,,,,,,65,1,2,,,5.30,4.71,97,.75,68.63,,,,,235,235,182,PRT,,,.83100253,.12,.1626109,.11262532,.94170123,,4
2013,QA,QAT,Qatar,3,1,3,0,0,0,2,3,1,0,0,28,.74000001,88.099998,5.9099998,5.85,0,0,0,0,0,0,15,5,15,60,5,0,0,15,15,60,15,0,0,15,0,,,,,,,,,,,,,,,,,,,694,694,453,QAT,25.767056,9.9363527,.20283829,.12,.48386812,.57922137,.42444098,1.0822593,1
2014,QA,QAT,Qatar,4,1,4,0,0,0,2,,,,,,,,5.9099998,,0,0,0,0,0,0,5,5,,40,15,5,15,15,5,40,10,10,5,5,0,25,.64999998,85.300003,5.9099998,5,,,,,,,,,,,,,,694,694,453,QAT,25.806072,9.9048204,.2144852,.11,.48386812,.57922137,.41907001,.9922902,2
2015,QA,QAT,Qatar,2,1,2,2,0,1,3,,,,,,,,,,0,0,0,0,0,0,15,5,,15,5,0,15,15,15,15,60,15,5,60,0,,.64999998,,,15,6,0,28,91.489998,5.76,5.84,,,,,,,,694,694,453,QAT,25.840967,10.11568,.2144852,.1,.48386812,.57922137,.41907001,.9956395,3
2016,QA,QAT,Qatar,2,0,2,1,0,1,3,,,,,,,,,,0,0,0,0,0,1,15,5,,65,5,5,5,15,15,15,15,65,40,45,,,,,,15,5,1,,,5.68,5.88,27,.67,92.88,,,,,694,694,453,QAT,,,.19628905,.090000004,.49282002,.57931125,.40257668,,4
2014,RU,RUS,Russia,5,6,7,3,5,2,7,,,,,,,,3.9400001,,2,3,1,0,5,4,5,60,,75,75,70,15,15,15,70,70,70,70,70,15,26,.70999998,61.400002,3.5,15,,,,,,,,,,,,,,,,,,,,,,,,,,
2016,RU,RUS,Russia,6,5,5,4,6,7,5,,,,,,,,,,0,2,0,0,2,6,5,5,,65,5,5,75,15,60,60,75,60,95,90,,,,,,80,6,6,,,4.33,3.82,22,.73,73.41,,,,,,,,,,,,,,,,,
2017,RU,RUS,Russia,7,6,6,4,8,8,6,,,,,,,,,,3,7,0,0,2,7,30,30,,65,100,5,5,50,60,95,60,60,80,80,65,,,,,100,7,7,,,,,,.7300000190734863,,20,73.089996,4.3699999,3.8199999,,,,,,,,,,,,,
2013,RU,RUS,Russian Federation,7,5,7,7,6,4,7,6,4,5,5,26,.66000003,53.27,3.9400001,3.28,3,5,2,0,5,3,5,45,15,60,65,75,15,15,15,65,65,50,65,15,15,,,,,,,,,,,,,,,,,,,,,,,,,,,,,,,
2015,RU,RUS,Russian Federation,5,5,5,4,5,3,5,,,,,,,,,,1,1,0,0,1,2,15,15,,60,15,5,15,15,15,65,60,55,40,55,15,,.70999998,,,65,4,5,23,70.519997,4.25,3.82,,,,,,,,,,,,,,,,,,,,
2013,RW,RWA,Rwanda,6,6,2,3,0,5,2,3,0,0,0,24,.34,8.0200005,4.8299999,5.36,0,0,0,0,0,0,15,0,0,60,5,5,5,0,0,75,75,75,5,75,15,,,,,,,,,,,,,,,,,,,517,517,714,RWA,22.669081,.023614779,.74793547,.14,.13916197,.12910397,.58115643,.021065678,1
2014,RW,RWA,Rwanda,2,5,3,1,0,0,3,,,,,,,,4.8299999,,1,0,0,0,0,0,75,5,,80,15,5,5,5,0,40,60,10,75,75,75,26,.50999999,8.6999998,5.6100001,5,,,,,,,,,,,,,,517,517,714,RWA,22.736826,.024107341,.7428695,.12,.13916197,.12910397,.59777611,-.0078826901,2
2015,RW,RWA,Rwanda,3,3,3,2,0,1,3,,,,,,,,,,1,0,0,1,0,1,65,5,,65,65,5,15,15,0,15,80,80,5,80,60,,.50999999,,,15,4,1,25,10.6,4.97,5.75,,,,,,,,517,517,714,RWA,22.803589,.16997901,.7428695,.23,.13916197,.12910397,.58749825,-.039430529,3
2016,RW,RWA,Rwanda,2,3,3,1,0,1,1,,,,,,,,,,1,0,0,0,0,0,65,5,,65,60,5,5,15,0,85,15,15,15,5,,,,,,5,3,1,,,4.74,5.77,24,.46,18.00,,,,,517,517,714,RWA,,,.73009866,.22,.13916197,.12910397,.53521216,,4
2015,LC,LCA,Saint Lucia,3,0,5,1,0,0,3,,,,,,,,,,0,0,0,1,0,0,30,5,,15,15,5,15,15,0,45,80,15,15,15,15,,.23999999,,,5,1,0,92,51,NA,NA,,,,,,,,56,56,362,LCA,20.956102,15.37064,,,,,,-.083963931,3
2016,LC,LCA,Saint Lucia,5,1,5,2,0,2,2,,,,,,,,,,0,0,0,0,0,0,40,5,,15,15,5,15,5,0,40,5,40,15,0,,,,,,5,3,1,,,NA,NA,92,.28,52.35,,,,,56,56,362,LCA,,,,,,,,,4
2013,SA,SAU,Saudi Arabia,3,3,2,0,3,2,3,3,2,1,1,10,.80000001,54,5.7800002,5.44,0,0,0,0,2,0,15,0,15,15,0,0,0,5,5,15,15,0,5,0,0,,,,,,,,,,,,,,,,,,,670,670,456,SAU,27.163839,10.127698,.20786327,0,.78390151,.75100946,,.070970118,1
2014,SA,SAU,Saudi Arabia,2,0,2,0,1,0,3,,,,,,,,5.7800002,,0,0,0,0,0,0,10,5,,60,10,5,15,5,5,40,40,40,5,5,5,8,.76999998,60.5,5.3800001,5,,,,,,,,,,,,,,670,670,456,SAU,27.199579,10.324468,.22906511,0,.78390151,.75100946,,.22513649,2
2015,SA,SAU,Saudi Arabia,5,0,2,0,1,1,3,,,,,,,,,,0,0,0,0,0,0,65,5,,65,15,0,15,15,15,60,45,5,0,0,0,,.76999998,,,15,3,3,10,63.700001,5.43,5.25,,,,,,,,670,670,456,SAU,27.233843,11.923898,.25461996,0,.78390151,.75100946,,.21018575,3
2016,SA,SAU,Saudi Arabia,5,0,2,1,1,0,3,,,,,,,,,,0,0,0,1,1,1,60,5,,60,5,5,15,15,15,65,5,5,5,0,,,,,,15,3,3,,,4.89,5.28,10,.67,69.62,,,,,670,670,456,SAU,,,.25461996,0,.78390151,.75100946,,,4
2017,SA,SAU,Saudi Arabia,7,0,2,2,2,3,3,,,,,,,,,,0,0,0,1,1,0,45,25,,65,5,5,25,50,35,65,75,5,5,30,,,,,,50,4,2,,,,,,.6700000166893005,,10,73.75,5.0999999,5.2800002,670,670,456,SAU,,,,,,,,,5
2013,SN,SEN,Senegal,0,2,7,5,0,0,2,4,0,2,0,75,.34999999,19.200001,5.23,3.90,0,0,0,0,0,0,5,5,15,15,15,15,5,15,0,15,5,15,0,0,5,,,,,,,,,,,,,,,,,,,433,433,722,SEN,23.376471,.75518918,.82838422,.079999998,.41972908,.17543168,.85518956,-.40880013,1
2014,SN,SEN,Senegal,0,2,6,3,0,2,2,,,,,,,,5.23,,0,0,0,0,0,0,5,5,,45,15,5,5,10,0,15,15,15,0,0,5,79,.31,20.9,3.7,15,,,,,,,,,,,,,,433,433,722,SEN,23.418678,.71048105,.81260157,.079999998,.41972908,.17543168,.85672694,-.38972944,2
2015,SN,SEN,Senegal,0,1,6,2,0,0,2,,,,,,,,,,0,0,0,0,0,0,55,5,,75,15,5,15,15,0,15,15,15,5,0,5,,.31,,,15,0,0,78,17.700001,5.04,3.99,,,,,,,,433,433,722,SEN,23.481514,.67219883,.81260157,.07,.41972908,.17543168,.85552382,-.43514502,3
2016,SN,SEN,Senegal,1,1,5,1,0,1,1,,,,,,,,,,0,0,0,0,0,0,40,5,,15,15,5,15,15,5,15,15,15,15,5,,,,,,15,0,2,,,4.88,4.10,78,.38,21.69,,,,,433,433,722,SEN,,,.81260157,.15000001,.41972908,.17543168,.82187068,,4
2016,RS,SRB,Serbia,3,8,5,4,0,5,3,,,,,,,,,,0,0,0,0,0,0,15,15,,45,15,5,15,15,15,55,15,45,5,65,,,,,,5,3,1,,,3.84,3.23,78,.82,65.32,,,,,340,345,942,SRB,,,.59447128,.16,.6731708,.58345592,.8227607,,4
2014,SL,SLE,Sierra Leone,1,5,3,1,0,0,0,,,,,,,,3.79,,0,0,0,0,0,0,0,0,,15,15,60,5,5,0,10,15,10,10,0,15,67,.050000001,1.7,3.9000001,0,,,,,,,,,,,,,,451,451,724,SLE,22.106297,,.93677431,0,.73176199,.76803768,.82309711,-1.2220378,2
2015,SL,SLE,Sierra Leone,5,4,3,3,0,0,0,,,,,,,,,,0,0,0,0,0,0,0,0,,15,15,5,5,5,0,15,15,15,15,0,15,,.050000001,,,5,2,1,65,2.0999999,3.46,3.90,,,,,,,,451,451,724,SLE,21.875641,,.93677431,0,.73176199,.76803768,.82309711,-1.2576936,3
2016,SL,SLE,Sierra Leone,2,6,3,3,0,2,2,,,,,,,,,,0,2,0,0,0,0,5,5,,15,15,5,5,15,0,15,15,15,15,5,,,,,,5,3,0,,,3.72,3.90,65,.12,2.50,,,,,451,451,724,SLE,,,.93762547,0,.73176199,.76803768,.82081169,,4
2017,SL,SLE,Sierra Leone,6,6,3,4,0,4,3,,,,,,,,,,0,2,2,2,0,0,5,5,,45,50,5,5,45,5,25,30,30,40,5,50,,,,,5,3,1,,,,,,.119999997317791,,66,11.77,3.55,3.9000001,451,451,724,SLE,,,,,,,,,5
2013,SG,SGP,Singapore,7,0,8,6,0,6,6,6,0,0,0,52,1,74.18,5.8299999,5.89,2,0,1,0,0,0,75,15,15,60,60,55,5,15,5,60,15,60,5,60,15,,,,,,,,,,,,,,,,,,,830,830,576,SGP,26.330847,27.595575,.45298645,.0099999998,.0092382198,.032419361,.70998526,2.0866621,1
2014,SG,SGP,Singapore,7,0,6,2,0,7,7,,,,,,,,5.8299999,,3,0,5,0,1,5,10,10,,65,65,5,10,15,40,65,80,65,65,65,15,51,.99000001,73,5.8800001,15,,,,,,,,,,,,,,830,830,576,SGP,26.362926,26.716925,.45298645,.0099999998,.0092382198,.032419361,.70998526,2.1937506,2
2015,SG,SGP,Singapore,8,0,5,6,,8,7,,,,,,,,,,1,1,1,2,2,3,65,15,,80,65,5,15,15,65,80,80,80,95,80,15,,.99000001,,,15,4,3,51,82,5.71,5.91,,,,,,,,830,830,576,SGP,26.382811,26.396786,.45298645,.0099999998,.0092382198,.032419361,.70998526,2.2521286,3
2016,SG,SGP,Singapore,8,0,5,6,,9,6,,,,,,,,,,3,1,0,2,2,4,65,15,,65,65,5,15,15,65,65,65,65,80,75,,,,,,15,4,5,,,5.67,5.93,51,.97,82.10,,,,,830,830,576,SGP,,,.45298645,.0099999998,.0092382198,.032419361,.70998526,,4
2015,SK,SVK,Slovak Republic,6,6,8,7,1,2,3,,,,,,,,,,2,3,1,0,1,3,15,15,,80,65,5,15,15,15,60,5,80,55,15,80,,.49000001,,,15,4,4,90,79.980003,4.81,3.29,,,,,,,,,,,,,,,,,,,,
2016,SK,SVK,Slovakia,7,6,8,7,1,4,2,,,,,,,,,,4,3,0,0,1,3,75,15,,80,65,5,70,15,15,75,5,15,80,15,,,,,,15,6,5,,,4.92,3.52,89,.44,85.02,,,,,317,317,936,SVK,,,.81008506,.34,.29750487,.19371264,.88954705,,4
2013,ZA,ZAF,South Africa,1,6,2,3,1,2,3,2,1,0,0,81,.46000001,41,5.3899999,3.45,1,1,0,1,0,0,15,15,15,15,15,15,5,15,75,15,15,0,15,0,75,,,,,,,,,,,,,,,,,,,560,560,199,ZAF,26.728365,3.0604935,.84709686,.02,.42438537,.37072709,.85986996,.44409835,1
2014,ZA,ZAF,South Africa,1,6,6,3,3,3,3,,,,,,,,5.3899999,,2,1,0,1,0,0,10,25,,15,65,5,5,15,15,65,10,65,80,10,80,81,.38999999,48.900002,3.3,15,,,,,,,,,,,,,,560,560,199,ZAF,26.744522,3.2110052,.84709686,.02,.42438537,.37072709,.85986996,.34009364,2
2015,ZA,ZAF,South Africa,3,6,7,3,3,3,4,,,,,,,,,,0,0,1,2,0,5,15,5,,15,15,5,15,15,15,65,15,15,80,15,65,,.38999999,,,15,0,1,81,49,5.43,3.23,,,,,,,,560,560,199,ZAF,26.75709,2.6347203,.85158229,.02,.36442283,.35137543,.82567537,.26526666,3
2016,ZA,ZAF,South Africa,4,6,7,6,5,4,5,,,,,,,,,,0,2,0,2,0,5,5,5,,80,80,5,15,15,15,60,15,15,55,5,,,,,,15,1,2,,,5.43,3.22,79,.5600000000000001,51.92,,,,,560,560,199,ZAF,,,.85210508,.02,.36442283,.35137543,.8292405,,4
2017,ZA,ZAF,South Africa,4,7,7,7,6,5,4,,,,,,,,,,0,3,2,3,0,5,5,5,,80,80,5,15,50,30,60,25,25,60,5,65,,,,,45,1,2,,,,,,.5600000023841858,,78,54,5.0100002,3.22,560,560,199,ZAF,,,,,,,,,5
2017,KR,KOR,South Korea,9,7,8,8,8,10,8,,,,,,,,,,7,6,5,5,7,10,80,80,,85,90,5,5,50,80,80,55,70,75,75,80,,,,,90,9,8,,,,,,.9399999976158142,,82,92.839996,5.3000002,4.8800001,,,,,,,,,,,,,
2013,ES,ESP,Spain,7,1,9,6,6,4,7,9,3,0,1,96,.75999999,72,5.04,3.76,1,2,1,0,1,3,45,60,15,60,15,60,5,60,55,15,75,70,75,15,75,,,,,,,,,,,,,,,,,,,230,230,184,ESP,27.932871,26.108788,.82121325,.12,.079464316,.045041449,.9412145,1.1578232,1
2014,ES,ESP,Spain,6,5,9,7,7,3,7,,,,,,,,5.04,,2,2,2,0,3,5,95,15,,80,15,80,15,15,95,80,65,65,95,15,80,96,.94,71.57,3.8299999,65,,,,,,,,,,,,,,230,230,184,ESP,27.946568,27.631109,.82052416,.11,.079464316,.045041449,.9386456,1.1540415,2
2015,ES,ESP,Spain,7,5,9,6,9,4,7,,,,,,,,,,2,1,2,2,7,8,75,15,,95,95,5,5,80,15,65,60,65,95,75,80,,.94,,,15,5,7,96,76.190002,4.90,3.63,,,,,,,,230,230,184,ESP,27.978111,28.693163,.83742797,.1,.027888341,.031928118,.92163026,1.1773156,3
2016,ES,ESP,Spain,8,5,9,8,9,5,7,,,,,,,,,,2,4,1,2,8,10,80,45,,70,15,5,15,100,15,60,55,75,65,60,,,,,,80,6,7,,,4.74,3.72,95,.91,78.69,,,,,230,230,184,ESP,,,.83742797,.1,.027888341,.031928118,.92070758,,4
2016,SZ,SWZ,Swaziland,0,1,2,0,0,1,1,,,,,,,,,,0,0,0,0,0,0,5,5,,5,5,5,5,5,0,5,15,5,15,5,,,,,,5,0,0,,,3.93,3.20,55,.28,30.38,,,,,572,572,734,SWZ,,,.42636254,.0099999998,.85813886,.77366543,.28364268,,4
2013,SE,SWE,Sweden,7,7,10,6,8,7,7,9,7,4,6,100,.83999997,94,6.23,5.24,4,3,5,3,4,5,65,15,100,95,95,90,65,100,95,95,65,65,95,95,80,,,,,,,,,,,,,,,,,,,380,380,144,SWE,26.950123,32.886642,.95585948,.050000001,.0083862804,.01062793,.95261556,1.9027278,1
2014,SE,SWE,Sweden,8,8,9,9,8,7,7,,,,,,,,6.23,,6,4,4,4,3,5,50,60,,95,80,95,65,15,95,95,60,95,80,95,100,99,.69999999,94.779999,5.27,15,,,,,,,,,,,,,,380,380,144,SWE,26.975832,34.070389,.94925821,.039999999,.0083862804,.01062793,.9532252,1.7886889,2
2015,SE,SWE,Sweden,8,8,9,8,8,6,5,,,,,,,,,,2,3,5,3,2,5,50,50,,80,15,5,50,15,80,95,95,90,80,80,95,,.69999999,,,5,6,6,99,92.519997,5.96,4.97,,,,,,,,380,380,144,SWE,27.015869,36.066456,.94300276,.02,.0153782,.01698325,.94900781,1.8113704,3
2016,SE,SWE,Sweden,8,8,9,8,8,6,5,,,,,,,,,,0,3,2,2,1,6,100,65,,80,95,5,15,15,80,95,80,80,80,95,,,,,,5,5,5,,,6.04,4.81,100,.88,90.61,,,,,380,380,144,SWE,,,.93932706,.02,.0153782,.01698325,.93494922,,4
2013,CH,CHE,Switzerland,4,7,8,6,2,1,4,6,2,1,1,96,.67000002,85.199997,6.1199999,4.45,1,2,2,0,2,3,45,5,0,75,15,15,60,15,5,75,5,75,75,60,60,,,,,,,,,,,,,,,,,,,225,225,146,CHE,27.13434,42.562084,.98015153,.67000002,.02836776,.01784985,.94022727,1.8183014,1
2014,CH,CHE,Switzerland,7,6,8,8,6,3,7,,,,,,,,6.1199999,,6,5,2,0,3,5,15,5,,95,15,5,15,15,15,50,80,70,75,15,80,96,.5,86.699997,4.29,15,,,,,,,,,,,,,,225,225,146,CHE,27.154114,42.472961,.98015153,.67000002,.02836776,.01784985,.94022727,2.1280079,2
2015,CH,CHE,Switzerland,6,6,8,7,3,3,7,,,,,,,,,,1,2,2,0,2,5,65,5,,80,15,5,65,15,15,80,95,80,80,80,80,,.5,,,95,7,6,96,87,6.05,4.42,,,,,,,,225,225,146,CHE,27.1625,45.107609,.96267867,.67000002,.01579345,.03108752,.91222346,2.00982,3
2016,CH,CHE,Switzerland,7,6,8,7,3,3,7,,,,,,,,,,2,2,2,1,2,6,65,5,,80,15,5,15,15,15,65,95,60,80,55,,,,,,80,7,6,,,6.10,4.54,96,.6,87.97,,,,,225,225,146,CHE,,,.96010596,.67000002,.01579345,.03108752,.91129947,,4
2016,TJ,TJK,Tajikistan,1,2,2,2,1,2,3,,,,,,,,,,0,0,1,0,0,0,5,5,,45,15,5,5,15,0,60,75,5,0,15,,,,,,15,0,1,,,4.06,3.93,16,.12,18.98,,,,,702,702,923,TJK,,,.16698515,.13,.92559862,.95829695,.22482561,,4
2014,TZ,TZA,Tanzania,1,1,0,2,0,0,1,,,,,,,,3.9300001,,0,0,0,0,0,1,5,5,,60,15,15,15,10,0,15,10,50,10,10,15,64,.30000001,4.4000001,3.6800001,15,,,,,,,,,,,,,,,,,,,,,,,,,,
2015,TZ,TZA,Tanzania,5,1,2,1,0,1,4,,,,,,,,,,0,0,0,0,0,0,5,5,,65,15,5,15,15,0,15,50,50,15,5,5,,.30000001,,,15,1,0,63,4.8600001,3.80,3.61,,,,,,,,,,,,,,,,,,,,
2016,TZ,TZA,Tanzania,7,2,2,5,1,4,5,,,,,,,,,,1,2,0,0,1,0,5,5,,80,15,5,5,15,15,15,40,60,15,15,,,,,,15,5,2,,,4.20,3.59,60,.57,5.36,,,,,,,,,,,,,,,,,
2013,TZ,TZA,"Tanzania, United Republic of",3,4,3,4,0,1,0,2,0,2,0,66,.34999999,13.08,3.9300001,3.71,0,0,0,0,0,0,75,0,15,15,15,15,15,15,0,15,15,65,15,15,5,,,,,,,,,,,,,,,,,,,,,,,,,,,,,,,
2013,TH,THA,Thailand,5,5,3,5,0,3,4,4,0,0,0,53,.50999999,26.5,5.02,3.47,0,2,0,0,0,4,5,5,0,65,65,65,15,15,15,80,15,65,65,65,15,,,,,,,,,,,,,,,,,,,800,800,578,THA,26.659704,7.7480392,.71608424,.13,.71780634,.7246297,.55469179,.24180423,1
2014,TH,THA,Thailand,2,4,3,1,0,0,4,,,,,,,,5.02,,0,0,0,0,0,0,5,5,,80,15,5,60,10,15,15,10,40,40,5,15,54,.44,28.940001,3.5899999,15,,,,,,,,,,,,,,800,800,578,THA,26.667847,8.0924721,.60800642,0,.73563403,.88503408,.39910018,.33918893,2
2015,TH,THA,Thailand,3,4,2,3,1,5,3,,,,,,,,,,0,0,0,0,0,0,5,5,,80,15,5,15,15,15,75,60,0,15,15,15,,.44,,,15,1,1,33,34.889999,4.86,3.49,,,,,,,,800,800,578,THA,26.695738,9.2417374,.62640136,0,.73563403,.88503408,.33812913,.35681024,3
2016,TH,THA,Thailand,5,4,2,3,1,6,3,,,,,,,,,,1,0,1,0,0,2,15,5,,65,15,55,75,15,15,15,60,60,15,60,,,,,,5,2,4,,,4.92,3.89,32,.55,39.32,,,,,800,800,578,THA,,,.64556849,0,.72677511,.89038223,.3149215,,4
2016,TG,TGO,Togo,4,4,1,2,0,1,2,,,,,,,,,,0,0,0,0,0,0,5,15,,75,80,5,15,15,0,5,60,80,5,5,,,,,,15,1,1,,,NA,NA,48,.32,7.12,,,,,461,461,742,TGO,,,.87752992,.039999999,.72237116,.62575066,.75323135,,4
2016,TT,TTO,Trinidad and Tobago,2,5,3,2,1,3,5,,,,,,,,,,1,1,0,0,1,1,5,30,,45,15,5,15,15,15,15,15,5,15,15,,,,,,15,2,1,,,4.22,3.74,81,.53,69.20,,,,,52,52,369,TTO,,,.8506453,0,.091029167,.074583597,.89243054,,4
2013,TN,TUN,Tunisia,6,7,9,8,6,3,6,7,2,3,1,58,.47999999,41.439999,4.6900001,NA,3,6,0,0,0,1,5,5,15,15,15,5,15,15,15,15,15,15,30,15,15,,,,,,,,,,,,,,,,,,,616,616,744,TUN,24.55797,4.7286253,.93907869,.12,.28368527,.17297073,.73559541,-.07019522,1
2014,TN,TUN,Tunisia,5,7,7,6,4,1,5,,,,,,,,4.6900001,,4,2,0,0,1,3,5,5,,60,15,5,15,15,15,10,10,40,75,10,15,63,.63999999,43.799999,3.9200001,15,,,,,,,,,,,,,,616,616,744,TUN,24.586246,4.4862332,.90390134,.11,.28368527,.17297073,.75815278,-.11820782,2
2015,TN,TUN,Tunisia,5,5,5,6,5,1,4,,,,,,,,,,4,1,0,0,1,1,5,5,,80,15,5,15,15,15,75,55,75,80,40,55,,.63999999,,,15,2,1,79,46.16,4.45,3.68,,,,,,,,616,616,744,TUN,24.596144,4.3427877,.86261469,.1,.22964555,.1657057,.80494612,-.10389267,3
2016,TN,TUN,Tunisia,4,6,6,7,3,2,4,,,,,,,,,,3,1,1,0,0,2,5,5,,80,80,5,15,15,15,60,5,15,80,45,,,,,,15,2,0,,,4.11,3.59,79,.72,48.52,,,,,616,616,744,TUN,,,.88868934,.090000004,.28958681,.16587672,.79000664,,4
2013,TR,TUR,Turkey,4,6,5,3,0,0,5,5,4,0,0,61,.46000001,45.130001,5.3400002,4.24,0,0,0,0,0,0,15,5,0,65,60,5,15,15,0,65,65,65,15,50,15,,,,,,,,,,,,,,,,,,,,,,,,,,,,,,,
2014,TR,TUR,Turkey,2,6,4,2,1,1,5,,,,,,,,5.3400002,,1,1,0,0,0,0,15,5,,65,60,5,5,15,15,80,40,80,45,45,55,60,.56,46.25,4.2399998,5,,,,,,,,,,,,,,,,,,,,,,,,,,
2015,TR,TUR,Turkey,2,5,2,4,2,2,5,,,,,,,,,,1,0,1,0,0,0,60,15,,80,15,5,15,15,5,80,40,40,60,60,65,,.56,,,15,1,0,55,51.040001,5.23,4.02,,,,,,,,,,,,,,,,,,,,
2016,TR,TUR,Turkey,1,4,6,5,0,0,5,,,,,,,,,,1,1,1,0,1,0,65,60,,80,80,5,15,15,15,80,60,60,55,60,,,,,,15,2,0,,,4.80,3.88,53,.6,53.74,,,,,,,,,,,,,,,,,
2017,TR,TUR,Turkey,1,3,6,3,1,1,4,,,,,,,,,,0,1,2,0,1,0,30,65,,80,65,5,35,50,50,65,60,60,60,60,65,,,,,50,1,1,,,,,,.6000000238418579,,38,58.349998,4.8000002,3.8800001,,,,,,,,,,,,,
2013,UG,UGA,UAE,6,0,7,2,1,2,4,3,1,0,0,22,.86000001,85,6.0799999,5.67,0,5,0,0,0,0,5,0,15,60,0,0,0,15,15,50,65,5,50,50,15,,,,,,,,,,,,,,,,,,,,,,,,,,,,,,,
2014,AE,ARE,UAE,6,0,5,0,0,1,3,,,,,,,,6.0799999,,0,3,0,0,0,0,10,5,,60,40,5,5,10,15,60,65,45,10,5,15,18,.88,88,5.9099998,5,,,,,,,,,,,,,,,,,,,,,,,,,,
2015,AE,ARE,UAE,4,0,5,1,2,0,5,,,,,,,,,,2,0,0,0,0,0,0,5,,60,55,5,15,15,15,80,45,60,45,60,5,,.88,,,15,1,0,21,90.400002,6.04,6.07,,,,,,,,,,,,,,,,,,,,
2014,GB,GBR,UK,10,8,6,9,6,9,8,,,,,,,,5.6500001,,5,7,4,3,6,6,100,100,,90,90,95,100,100,95,95,95,95,95,80,95,97,.89999998,89.839996,4.4899998,95,,,,,,,,,,,,,,,,,,,,,,,,,,
2014,US,USA,US,9,8,5,9,8,8,7,,,,,,,,5.9899998,,5,7,3,2,7,8,95,5,,95,95,95,15,100,95,95,100,90,95,95,95,92,.94,84.199997,4.4499998,95,,,,,,,,,,,,,,,,,,,,,,,,,,
2013,AE,ARE,Uganda,2,6,1,5,1,1,2,3,1,1,0,40,.28999999,14.69,4.0999999,4.24,2,3,0,2,0,0,0,15,0,15,15,15,0,15,0,75,15,15,15,15,15,,,,,,,,,,,,,,,,,,,500,500,746,UGA,23.890665,.11043438,.75701725,.23999999,.68898183,.57118934,.62798125,-.58832848,1
2014,UG,UGA,Uganda,1,4,3,5,0,0,1,,,,,,,,4.0999999,,0,1,0,0,0,0,5,5,,65,15,15,5,15,0,65,15,15,15,15,15,37,.15000001,16.200001,4,15,,,,,,,,,,,,,,500,500,746,UGA,23.941204,.14209945,.79490829,.22,.68898183,.57118934,.63026428,-.4996219,2
2015,UG,UGA,Uganda,3,4,2,6,0,0,5,,,,,,,,,,0,0,0,0,0,0,5,5,,15,15,5,5,15,0,65,15,15,15,15,15,,.15000001,,,15,0,1,36,17.709999,4.09,3.89,,,,,,,,500,500,746,UGA,23.991364,.18098833,.80396342,.2,.68898183,.57118934,.63066906,-.48298699,3
2016,UG,UGA,Uganda,2,5,2,4,0,0,4,,,,,,,,,,0,1,0,0,0,0,5,5,,15,15,0,15,15,15,80,15,15,15,5,,,,,,5,0,1,,,4.14,4.15,36,.5,19.22,,,,,500,500,746,UGA,,,.79896426,.18000001,.69558609,.59550917,.59867179,,4
2014,UA,UKR,Ukraine,5,5,7,5,1,2,1,,,,,,,,4.3400002,,0,0,0,0,0,2,15,5,,45,60,5,15,15,15,60,15,15,50,15,15,55,.27000001,41.799999,2.55,15,,,,,,,,,,,,,,369,369,926,UKR,25.623577,9.2935238,.83566016,.14,.64152169,.57867581,.50354213,-.37948766,2
2015,UA,UKR,Ukraine,5,4,7,5,1,1,1,,,,,,,,,,0,1,0,0,0,1,15,5,,15,65,5,15,15,15,55,15,5,60,15,15,,.27000001,,,15,1,0,62,43.400002,4.23,2.70,,,,,,,,369,369,926,UKR,25.519661,11.809348,.90385878,.13,.45224532,.55992901,.49902236,-.51378495,3
2016,UA,UKR,Ukraine,7,5,7,6,6,4,4,,,,,,,,,,0,2,1,0,1,2,5,5,,15,80,65,75,15,5,15,5,75,80,15,,,,,,65,5,4,,,4.43,3.11,61,.59,49.26,,,,,369,369,926,UKR,,,.83664131,.11,.41738266,.56135774,.5206852,,4
2017,UA,UKR,Ukraine,8,7,7,7,7,6,4,,,,,,,,,,2,5,1,0,3,6,30,5,,50,45,80,60,80,50,60,40,60,60,25,45,,,,,85,8,4,,,,,,.5899999737739563,,61,52.48,4.27,3.1099999,369,369,926,UKR,,,,,,,,,5
2016,AE,ARE,United Arab Emirates,4,0,4,1,2,1,5,,,,,,,,,,2,0,0,0,1,1,5,5,,50,65,5,15,15,15,60,45,5,5,65,,,,,,15,1,1,,,5.84,6.07,20,.89,91.24,,,,,696,696,466,ARE,,,,,,,,,4
2013,GB,GBR,United Kingdom,10,8,8,9,7,9,8,8,8,7,5,97,.97000003,87.019997,5.6500001,4.75,4,6,4,2,6,6,100,100,90,95,95,95,100,90,90,90,95,95,95,95,95,,,,,,,,,,,,,,,,,,,200,200,112,GBR,28.565702,36.492184,.95004988,.13,.0298576,.049183302,.92425191,1.4829572,1
2015,GB,GBR,United Kingdom,9,8,7,9,8,9,9,,,,,,,,,,4,6,6,2,7,9,100,100,,90,90,95,85,100,95,95,95,95,95,95,95,,.89999998,,,80,9,8,97,91.610001,5.72,4.56,,,,,,,,200,200,112,GBR,28.617649,38.613449,.95049465,.13,.0298576,.049183302,.9208321,1.7387553,3
2016,GB,GBR,United Kingdom,9,7,6,8,8,8,9,,,,,,,,,,5,4,4,1,6,9,100,70,,90,90,95,85,100,100,95,95,95,95,80,,,,,,80,9,8,,,5.79,4.88,95,1,92.00,,,,,200,200,112,GBR,,,.94854051,.13,.0298576,.049183302,.90578616,,4
2017,GB,GBR,United Kingdom,10,7,6,7,8,8,10,,,,,,,,,,6,5,5,1,7,10,85,70,,90,90,90,85,100,100,90,95,95,90,75,90,,,,,95,8,9,,,,,,1,,95,94.779999,5.6199999,4.8800001,200,200,112,GBR,,,,,,,,,5
2013,US,USA,United States of America,9,7,5,10,9,8,7,7,8,4,4,93,1,81.029999,5.9899998,4.49,5,4,4,6,7,6,90,90,15,80,95,80,0,95,75,95,95,85,85,100,95,,,,,,,,,,,,,,,,,,,2,2,111,USA,30.391212,30.004932,.97305059,0,.0169053,.02825903,.90164441,1.5135006,1
2015,US,USA,United States of America,9,7,6,9,9,8,8,,,,,,,,,,3,4,3,2,6,8,95,15,,100,95,80,5,85,65,95,70,80,70,85,70,,.94,,,80,8,8,92,87.360001,6.07,4.40,,,,,,,,2,2,111,USA,30.440269,31.023201,.97305059,0,.0169053,.02825903,.9050281,1.4619954,3
2016,US,USA,United States of America,8,5,6,9,9,10,9,,,,,,,,,,3,3,4,2,4,8,95,15,,75,15,85,5,85,70,95,90,70,80,65,,,,,,80,8,8,,,5.97,4.67,90,.93,74.55,,,,,2,2,111,USA,,,.97602004,0,.026885221,.025807209,.91445369,,4
2017,US,USA,United States of America,7,5,6,9,9,9,9,,,,,,,,,,2,2,3,3,4,8,95,25,,95,60,85,5,100,95,95,90,75,90,75,80,,,,,75,7,9,,,,,,.9300000071525574,,89,76.18,6.0100002,4.6700001,2,2,111,USA,,,,,,,,,5
2013,UY,URY,Uruguay,6,8,9,5,3,2,2,3,0,2,0,97,.55000001,55.110001,4.4200001,3.93,1,2,1,0,0,1,50,15,70,75,70,70,5,15,60,50,15,5,15,15,15,,,,,,,,,,,,,,,,,,,165,165,298,URY,24.549673,21.633829,.94489366,.61000001,.066122152,.071917944,.90574586,.45315552,1
2014,UY,URY,Uruguay,6,8,9,5,4,4,2,,,,,,,,4.4200001,,1,2,2,1,1,2,65,15,,95,80,80,5,15,95,50,45,80,15,80,15,98,.85000002,58.099998,3.76,15,,,,,,,,,,,,,,165,165,298,URY,24.581547,24.578421,.94489366,.60000002,.066122152,.071917944,.90574586,.48016882,2
2015,UY,URY,Uruguay,6,7,9,6,4,7,5,,,,,,,,,,4,4,0,0,2,4,60,95,,95,95,5,5,15,95,75,95,65,15,65,80,,.85000002,,,95,5,3,98,61.459999,4.32,3.96,,,,,,,,165,165,298,URY,24.591322,26.266291,.90605211,.57999998,.069836877,.10219204,.90653199,.5401243,3
2016,UY,URY,Uruguay,8,7,9,8,4,8,5,,,,,,,,,,3,4,0,1,1,2,65,80,,80,95,95,5,15,95,75,50,65,15,5,,,,,,80,6,5,,,4.62,4.09,98,.78,64.60,,,,,165,165,298,URY,,,.90605211,.56,.069836877,.10219204,.90742391,,4
2017,UY,URY,Uruguay,9,8,9,8,5,7,6,,,,,,,,,,4,6,1,2,1,3,65,80,,80,95,95,5,50,95,75,65,65,30,70,80,,,,,95,7,6,,,,,,.7799999713897705,,98,66.400002,4.4200001,4.0900002,165,165,298,URY,,,,,,,,,5
2013,VE,VEN,Venezuela,0,3,2,0,0,0,1,4,2,0,0,39,.47999999,44.049999,4.0999999,2.66,0,0,0,0,0,0,15,5,0,60,15,15,5,15,0,60,5,15,5,15,15,,,,,,,,,,,,,,,,,,,101,101,299,VEN,26.808104,7.3455544,.59044296,.34,.91297936,.92787391,.62328565,-1.1749533,1
2014,VE,VEN,Venezuela,1,1,2,1,1,0,1,,,,,,,,4.0999999,,0,0,0,0,0,0,15,5,,80,15,5,5,10,0,80,10,5,5,10,15,38,.55000001,54.900002,2.52,5,,,,,,,,,,,,,,101,101,299,VEN,26.768381,7.7795091,.59044296,.31999999,.91297936,.92787391,.59678507,-1.2286708,2
2015,VE,VEN,Venezuela,1,1,2,2,0,0,1,,,,,,,,,,0,0,0,0,0,0,5,5,,15,5,5,5,5,5,80,15,50,5,15,15,,.55000001,,,5,0,0,35,57,3.87,2.37,,,,,,,,101,101,299,VEN,,8.2449894,.5503239,.28999999,.91297936,.92787391,.55345041,-1.220161,3
2016,VE,VEN,Venezuela,0,2,2,3,0,0,3,,,,,,,,,,0,1,0,0,0,0,65,5,,60,15,5,5,5,5,65,15,45,5,15,,,,,,5,0,1,,,3.85,2.37,35,.43,61.87,,,,,101,101,299,VEN,,,.56009185,.27000001,.91297936,.92787391,.57628411,,4
2014,VN,VNM,Vietnam,0,0,3,0,0,0,0,,,,,,,,3.76,,0,0,0,0,1,0,5,5,,60,40,5,15,15,15,60,60,80,5,5,15,20,.41999999,43.900002,4.1500001,15,,,,,,,,,,,,,,,,,,,,,,,,,,
2015,VN,VNM,Vietnam,1,1,2,3,0,2,2,,,,,,,,,,1,1,0,1,0,0,5,5,,65,80,5,15,15,15,65,5,60,5,45,15,,.41999999,,,5,1,1,20,48.310001,3.89,4.11,,,,,,,,,,,,,,,,,,,,
2016,VN,VNM,Vietnam,1,2,2,3,0,2,2,,,,,,,,,,1,1,0,1,0,0,5,5,,65,80,5,15,15,15,65,15,5,5,5,,,,,,0,1,1,,,4.38,4.30,20,.57,52.72,,,,,,,,,,,,,,,,,
2013,YE,YEM,Yemen,0,5,0,1,0,0,0,2,0,0,0,25,.18000001,17.450001,4.0799999,2.25,0,0,0,0,0,0,0,0,15,65,15,5,0,15,0,15,15,0,15,0,15,,,,,,,,,,,,,,,,,,,,,,,,,,,,,,,
2014,YE,YEM,Yemen,0,4,0,1,0,0,1,,,,,,,,4.0799999,,0,0,0,0,0,1,10,5,,10,15,5,10,10,0,10,15,5,5,10,15,26,.31,20,2.4100001,15,,,,,,,,,,,,,,,,,,,,,,,,,,
2015,YE,YEM,Yemen,0,1,1,1,0,0,1,,,,,,,,,,0,0,0,0,0,0,15,5,,15,15,0,15,15,0,15,15,5,5,5,15,,.31,,,15,0,0,25,22.549999,3.65,2.32,,,,,,,,,,,,,,,,,,,,
2016,YE,YEM,Yemen,0,3,1,0,0,0,1,,,,,,,,,,0,0,0,0,0,0,5,5,,15,5,5,15,15,0,15,15,40,5,5,,,,,,5,0,0,,,3.27,2.32,17,.14,25.10,,,,,,,,,,,,,,,,,
2013,ZM,ZMB,Zambia,0,3,0,0,0,0,0,2,0,0,0,62,.31,13.47,4.6300001,4.22,0,0,0,0,0,0,5,5,0,15,15,15,5,15,0,15,5,5,0,5,15,,,,,,,,,,,,,,,,,,,551,551,754,ZMB,23.908926,.092491448,.80770338,.029999999,.30701178,.26342717,.71507084,-.48803607,1
2014,ZM,ZMB,Zambia,0,1,4,0,0,0,0,,,,,,,,4.6300001,,0,0,0,0,0,0,5,5,,15,10,5,5,15,0,60,10,5,5,0,15,59,.14,15.4,4.3099999,5,,,,,,,,,,,,,,551,551,754,ZMB,23.954815,.13661538,.80770338,.029999999,.30701178,.26342717,.72259849,-.48710501,2
2015,ZM,ZMB,Zambia,0,0,4,0,0,0,2,,,,,,,,,,0,0,0,0,0,0,5,5,,15,15,5,5,15,0,15,15,15,5,0,15,,.14,,,15,0,1,60,17.34,4.68,4.21,,,,,,,,551,551,754,ZMB,23.983595,.15071259,.83529788,.029999999,.30701178,.26342717,.7232843,-.55447948,3
2016,ZM,ZMB,Zambia,0,0,4,0,0,0,1,,,,,,,,,,0,0,0,0,0,0,5,5,,15,15,5,5,15,0,15,15,15,15,5,,,,,,5,0,0,,,4.17,4.11,60,.37,21.00,,,,,551,551,754,ZMB,,,.80630475,.13,.30701178,.29428703,.63918561,,4
2013,ZW,ZWE,Zimbabwe,0,4,8,0,0,0,2,5,3,0,0,25,.30000001,17.09,4.3499999,3.42,0,0,0,0,0,0,5,5,15,15,15,15,5,5,0,15,15,5,15,0,15,,,,,,,,,,,,,,,,,,,,,,,,,,,,,,,
2014,ZW,ZWE,Zimbabwe,1,2,4,0,0,0,2,,,,,,,,4.3499999,,0,1,0,0,0,0,5,5,,40,15,10,5,15,0,45,10,5,10,5,15,29,.31,18.5,3.5699999,5,,,,,,,,,,,,,,,,,,,,,,,,,,
2015,ZW,ZWE,Zimbabwe,1,2,3,0,0,0,2,,,,,,,,,,0,0,0,0,0,0,5,5,,15,15,5,5,15,0,15,15,15,15,0,15,,.31,,,0,0,0,28,19.889999,4.09,3.24,,,,,,,,,,,,,,,,,,,,
2016,ZW,ZWE,Zimbabwe,0,2,4,0,0,0,2,,,,,,,,,,0,0,0,0,0,0,5,5,,15,15,5,5,15,0,15,15,15,15,0,,,,,,0,1,0,,,3.90,2.84,32,.26,16.36,,,,,,,,,,,,,,,,,
