year,iso2,iso3,country,odb2013cinit,odb2013crti,odb2013cdpl,odb2013ccsoc,odb2013ccity,odb2013csupin,odb2013ctrain,odb2013ccourses,odb2013cunidata,odb2013ccsdata,odb2013cbizdata,fh2013,unosi2012,wbnetusers2012,wefgci9022013,wefgitr8012013,odb2013igov,odb2013iaccount,odb2013ienv,odb2013iinc,odb2013iecon,odb2013ientr,odb2013d1,odb2013d2,odb2013d3,odb2013d4,odb2013d5,odb2013d6,odb2013d7,odb2013d8,odb2013d9,odb2013d10,odb2013d11,odb2013d12,odb2013d13,odb2013d14,odb2013d15,fh2014,unosi2014,wbnetusers2013,wefgitr8012014,odb2013d16,odb2015cpoli,odb2015cmanag,fh2015,wbnetusers2014,wefgci9022015,wefgitr8012015,fh2016,unosi2016,wbnetusers2015,fh2017,itunetusers2016,wefgci9022016,wefgitr8012016
2013,AR,ARG,Argentina,6,3,9,4,4,4,4,4,1,1,0,80,.52999997,55.799999,4.1100001,2.64,0,2,1,2,0,0,45,5,65,75,15,15,5,15,5,70,45,65,5,60,95,,,,,,,,,,,,,,,,,,
2013,AU,AUS,Australia,8,7,8,8,8,4,7,7,7,2,1,97,.86000001,82.349998,5.8200002,4.73,4,4,2,2,4,1,90,15,90,60,15,75,60,15,75,95,95,55,80,60,90,,,,,,,,,,,,,,,,,,
2013,AT,AUT,Austria,5,2,8,8,8,3,4,6,1,1,0,96,.75,81,5.7600002,3.92,4,2,2,1,3,5,15,5,15,75,75,15,5,15,15,75,15,15,75,75,80,,,,,,,,,,,,,,,,,,
2013,BH,BHR,Bahrain,5,1,3,2,0,2,2,2,2,0,1,18,.86000001,88,5.4899998,5.42,0,0,0,0,0,0,15,5,15,15,15,15,65,15,15,45,50,15,15,0,0,,,,,,,,,,,,,,,,,,
2013,BD,BGD,Bangladesh,2,8,0,0,0,0,4,3,0,0,0,56,.44,6.3000002,4.1999998,4.05,0,0,0,0,0,0,5,0,15,15,15,15,15,15,15,15,15,15,15,15,15,,,,,,,,,,,,,,,,,,
2013,BE,BEL,Belgium,4,6,9,8,7,2,6,9,4,3,1,97,.64999998,82,5.5900002,4.04,1,6,1,0,0,2,70,15,5,65,15,5,15,15,15,15,15,80,15,65,15,,,,,,,,,,,,,,,,,,
2013,BJ,BEN,Benin,0,3,5,0,0,0,1,2,0,0,0,82,.2,3.8,3.98,3.38,0,0,0,0,0,0,5,0,0,15,15,15,65,15,0,15,15,15,0,0,0,,,,,,,,,,,,,,,,,,
2013,BW,BWA,Botswana,0,1,0,0,0,1,1,0,2,1,0,74,.36000001,11.5,4.3400002,4.09,0,0,0,0,0,0,5,5,15,15,60,75,5,15,0,15,15,15,15,75,15,,,,,,,,,,,,,,,,,,
2013,BR,BRA,Brazil,7,8,5,6,5,4,7,5,1,1,0,81,.67000002,49.849998,5,3.89,0,4,3,2,0,0,15,5,0,75,15,80,5,15,0,60,5,60,5,60,65,,,,,,,,,,,,,,,,,,
2013,BF,BFA,Burkina Faso,4,3,7,0,0,0,2,4,0,0,0,53,.28999999,3.73,3.6900001,3.73,0,0,0,0,0,0,5,5,0,15,15,5,5,15,5,15,15,15,15,15,15,,,,,,,,,,,,,,,,,,
2013,CM,CMR,Cameroon,2,1,3,0,0,0,0,2,0,0,0,23,.30000001,5.6999998,4.4000001,3.82,1,0,0,0,0,1,15,0,0,15,15,0,5,15,15,15,15,15,0,0,15,,,,,,,,,,,,,,,,,,
2013,CA,CAN,Canada,7,7,7,8,9,3,4,0,5,4,0,98,.88999999,86.769997,5.4499998,4.25,4,4,3,0,3,5,95,0,0,80,15,95,15,15,95,80,45,80,80,80,95,,,,,,,,,,,,,,,,,,
2013,CL,CHL,Chile,8,8,6,4,1,4,5,6,2,0,0,96,.75,61.419998,5.0999999,4.59,1,3,0,0,1,2,50,5,80,0,80,80,15,80,15,75,45,75,15,5,15,,,,,,,,,,,,,,,,,,
2013,CN,CHN,China,2,5,6,3,5,1,5,5,4,0,0,17,.52999997,42.299999,4.6900001,4.82,0,0,0,0,0,0,15,15,15,15,15,5,15,15,15,15,15,15,5,15,0,,,,,,,,,,,,,,,,,,
2013,CO,COL,Colombia,7,7,6,1,1,0,3,3,1,0,0,61,.83999997,48.98,4.3600001,4.12,0,0,0,0,0,1,75,5,15,15,15,50,15,15,0,55,75,45,0,45,15,,,,,,,,,,,,,,,,,,
2013,CR,CRI,Costa Rica,7,3,8,1,4,1,3,2,1,0,0,91,.5,47.5,5.1900001,3.91,0,0,0,0,0,0,55,5,0,60,55,55,5,15,0,60,60,60,0,0,75,,,,,,,,,,,,,,,,,,
2013,CZ,CZE,Czech Republic,5,7,7,8,2,5,5,1,4,5,1,95,.54000002,75,4.9499998,3.33,0,5,0,2,3,2,15,15,5,75,50,5,60,5,5,75,60,75,50,60,15,,,,,,,,,,,,,,,,,,
2013,DK,DNK,Denmark,8,8,9,6,4,4,7,8,4,0,0,98,.86000001,93,5.7199998,4.54,5,4,0,2,3,5,95,15,15,80,80,80,95,15,15,80,80,80,80,75,80,,,,,,,,,,,,,,,,,,
2013,EC,ECU,Ecuador,2,6,7,5,0,3,3,3,3,0,0,60,.46000001,35.130001,4.4899998,3.84,0,0,1,0,0,0,60,5,15,60,60,5,50,15,0,5,5,5,5,50,15,,,,,,,,,,,,,,,,,,
2013,EE,EST,Estonia,5,7,8,6,1,5,6,7,4,2,2,95,.81999999,79,5.3800001,4.80,2,2,1,1,1,1,15,50,15,65,65,80,40,70,15,65,65,65,15,60,15,,,,,,,,,,,,,,,,,,
2013,ET,ETH,Ethiopia,1,5,1,0,0,1,4,3,0,0,1,18,.47,1.48,3.8299999,4.13,0,0,0,0,0,0,15,5,15,15,55,15,5,5,0,15,15,15,15,0,15,,,,,,,,,,,,,,,,,,
2013,FI,FIN,Finland,5,9,10,8,4,6,8,7,5,3,1,100,.88,91,6.0300002,4.91,2,2,4,0,3,4,95,15,65,50,15,5,15,15,80,65,65,15,65,15,65,,,,,,,,,,,,,,,,,,
2013,FR,FRA,France,9,7,10,7,5,3,5,8,0,3,3,95,.88,83,5.46,4.26,0,5,0,3,0,5,75,5,65,80,95,5,15,15,90,90,80,80,90,60,95,,,,,,,,,,,,,,,,,,
2013,DE,DEU,Germany,5,7,9,7,5,3,5,7,4,3,3,96,.75,84,5.77,4.40,3,5,4,0,3,5,75,5,15,60,95,15,15,85,90,80,65,80,60,60,75,,,,,,,,,,,,,,,,,,
2013,GH,GHA,Ghana,6,5,7,6,0,1,3,5,0,0,0,84,.30000001,17.110001,4.4299998,4.02,0,0,0,0,0,0,0,0,15,60,60,5,5,5,0,5,50,60,50,5,50,,,,,,,,,,,,,,,,,,
2013,GR,GRC,Greece,3,6,9,5,1,2,4,7,0,0,0,83,.57999998,56,4.48,2.66,0,5,0,0,0,0,60,5,15,60,15,80,5,15,15,15,45,5,60,15,15,,,,,,,,,,,,,,,,,,
2013,HU,HUN,Hungary,2,2,2,2,1,0,3,5,1,1,0,88,.69,72,4.6900001,3.47,1,1,0,0,0,2,15,15,15,60,15,0,15,15,65,55,15,15,60,60,15,,,,,,,,,,,,,,,,,,
2013,IS,ISL,Iceland,3,9,9,2,4,1,3,5,2,2,3,100,.54000002,96,6.1900001,4.20,1,3,0,0,3,3,95,55,15,80,15,5,60,15,15,65,65,65,65,65,65,,,,,,,,,,,,,,,,,,
2013,IN,IND,India,7,10,5,6,0,6,4,4,0,5,0,76,.54000002,12.58,5.0500002,4.33,0,3,0,0,0,1,5,0,15,65,65,15,15,15,15,65,65,65,15,65,15,,,,,,,,,,,,,,,,,,
2013,ID,IDN,Indonesia,5,6,5,3,1,1,0,3,0,2,0,65,.5,15.36,5.0799999,4.10,0,0,0,0,0,0,15,15,15,60,15,15,15,15,5,5,15,60,50,15,15,,,,,,,,,,,,,,,,,,
2013,IE,IRL,Ireland,3,7,7,6,4,2,4,7,3,2,0,97,.54000002,79,5.6199999,4.35,3,1,0,1,0,3,5,5,15,75,15,60,45,15,5,50,15,55,60,60,5,,,,,,,,,,,,,,,,,,
2013,IL,ISR,Israel,4,6,8,6,2,0,4,6,1,0,0,81,.85000002,73.370003,6.0700002,4.39,1,4,0,0,0,5,15,15,15,55,80,75,15,15,80,75,15,15,45,60,80,,,,,,,,,,,,,,,,,,
2013,IT,ITA,Italy,6,5,9,6,5,2,2,5,6,3,2,88,.57999998,58,4.1900001,3.21,3,4,2,0,3,5,50,15,95,60,95,95,15,60,15,15,5,95,50,15,15,,,,,,,,,,,,,,,,,,
2013,JM,JAM,Jamaica,2,6,1,5,0,0,4,5,0,0,0,73,.31,46.5,4.7600002,3.94,0,0,0,0,0,1,15,15,15,15,15,5,15,15,0,5,75,75,75,45,15,,,,,,,,,,,,,,,,,,
2013,JP,JPN,Japan,7,7,7,8,4,4,5,4,1,1,0,88,.86000001,79.050003,6.0599999,4.32,0,0,9,0,0,1,15,0,70,80,65,45,15,80,15,65,65,65,15,65,65,,,,,,,,,,,,,,,,,,
2013,JO,JOR,Jordan,5,2,0,4,0,0,4,6,0,1,1,34,.38999999,41,5.5900002,4.36,0,0,0,0,0,0,15,15,15,15,15,5,15,15,0,15,15,15,5,15,5,,,,,,,,,,,,,,,,,,
2013,KZ,KAZ,Kazakhstan,5,0,4,2,0,0,6,0,1,0,0,26,.77999997,53.32,4.6300001,4.48,0,0,0,0,1,0,0,15,15,15,5,15,65,15,15,65,65,65,45,65,15,,,,,,,,,,,,,,,,,,
2013,KE,KEN,Kenya,7,4,3,7,0,7,4,4,3,0,1,55,.43000001,32.099998,4.7600002,4.70,2,1,0,1,2,1,15,5,15,80,85,85,0,15,85,15,70,70,85,15,15,,,,,,,,,,,,,,,,,,
2013,KR,KOR,"Korea, Republic of",6,6,7,4,4,4,7,6,4,2,2,86,1,84.099998,5.71,5.15,2,2,1,0,2,2,65,55,85,65,50,50,65,65,15,65,15,65,65,50,65,,,,,,,,,,,,,,,,,,
2013,MW,MWI,Malawi,5,3,4,5,0,4,4,6,1,1,0,60,.22,4.3499999,3.8299999,3.51,1,2,0,0,3,0,15,0,15,60,15,15,5,15,0,15,15,15,5,15,15,,,,,,,,,,,,,,,,,,
2013,ML,MLI,Mali,0,1,0,1,0,0,1,2,0,1,0,24,.31999999,2.1700001,4.5300002,4.10,0,0,0,0,0,0,0,0,0,15,15,0,0,15,0,15,0,0,0,0,0,,,,,,,,,,,,,,,,,,
2013,MU,MUS,Mauritius,3,2,8,0,0,0,4,5,0,0,0,90,.43000001,41.389999,4.9699998,4.31,0,0,0,0,0,0,15,5,15,5,55,5,15,15,15,60,15,60,60,60,60,,,,,,,,,,,,,,,,,,
2013,MX,MEX,Mexico,4,6,6,4,3,3,4,4,1,2,0,65,.73000002,38.419998,4.7600002,3.93,1,1,0,0,1,0,15,5,5,60,60,15,75,15,75,75,75,75,15,60,15,,,,,,,,,,,,,,,,,,
2013,MA,MAR,Morocco,6,3,6,6,0,2,2,5,0,2,0,43,.25,55,4.3899999,4.43,3,3,0,0,0,0,15,5,0,65,80,80,15,15,15,65,15,15,5,15,5,,,,,,,,,,,,,,,,,,
2013,NA,NAM,Namibia,3,0,0,0,0,0,0,3,0,0,0,76,.30000001,12.94,4.8899999,3.58,0,0,0,0,0,0,0,5,0,15,15,0,0,15,0,55,0,45,5,0,15,,,,,,,,,,,,,,,,,,
2013,NP,NPL,Nepal,2,7,3,5,1,0,2,4,0,3,1,47,.28999999,11.15,3.9200001,3.17,0,0,0,0,1,0,5,5,15,15,15,15,15,15,0,65,15,15,15,15,80,,,,,,,,,,,,,,,,,,
2013,NL,NLD,Netherlands,7,5,7,10,7,7,5,8,5,2,2,99,.95999998,93,5.6799998,4.31,2,0,1,0,0,5,95,55,80,65,80,0,45,100,95,65,5,95,65,65,80,,,,,,,,,,,,,,,,,,
2013,NZ,NZL,New Zealand,9,9,9,7,0,4,6,5,5,2,1,97,.77999997,89.510002,5.7399998,5.07,7,5,7,2,5,5,95,95,90,95,80,15,15,70,0,80,60,45,80,80,80,,,,,,,,,,,,,,,,,,
2013,NG,NGA,Nigeria,5,6,4,6,2,0,4,5,2,0,3,46,.22,32.880001,4.6100001,4.17,0,0,0,0,0,0,0,0,15,5,15,0,5,15,0,5,0,0,5,0,5,,,,,,,,,,,,,,,,,,
2013,NO,NOR,Norway,8,8,9,5,4,7,9,10,5,2,0,100,.86000001,95,6.0100002,4.89,2,4,3,0,5,3,95,15,15,80,80,0,100,15,95,80,80,80,80,80,80,,,,,,,,,,,,,,,,,,
2013,PK,PAK,Pakistan,0,3,0,3,0,0,4,4,0,1,0,42,.37,9.96,4.5999999,3.23,0,0,0,0,0,0,5,0,15,15,15,15,5,15,15,60,15,15,5,15,15,,,,,,,,,,,,,,,,,,
2013,PE,PER,Peru,1,7,9,2,1,2,2,3,1,2,0,71,.51999998,38.200001,4.5599999,3.35,0,1,0,0,0,1,15,5,15,60,15,60,15,15,0,15,15,55,15,50,15,,,,,,,,,,,,,,,,,,
2013,PH,PHL,Philippines,5,1,5,2,5,1,5,5,2,0,0,63,.5,36.240002,5.2199998,3.74,1,1,0,1,0,0,15,5,15,15,75,60,15,15,0,15,15,60,15,5,15,,,,,,,,,,,,,,,,,,
2013,PT,PRT,Portugal,5,6,9,5,3,0,3,5,3,3,0,97,.64999998,64,5.54,4.83,2,1,1,0,1,2,70,0,15,75,15,15,15,15,15,75,5,60,60,60,60,,,,,,,,,,,,,,,,,,
2013,QA,QAT,Qatar,3,1,3,0,0,0,2,3,1,0,0,28,.74000001,88.099998,5.9099998,5.85,0,0,0,0,0,0,15,5,15,60,5,0,0,15,15,60,15,0,0,15,0,,,,,,,,,,,,,,,,,,
2013,RU,RUS,Russian Federation,7,5,7,7,6,4,7,6,4,5,5,26,.66000003,53.27,3.9400001,3.28,3,5,2,0,5,3,5,45,15,60,65,75,15,15,15,65,65,50,65,15,15,,,,,,,,,,,,,,,,,,
2013,RW,RWA,Rwanda,6,6,2,3,0,5,2,3,0,0,0,24,.34,8.0200005,4.8299999,5.36,0,0,0,0,0,0,15,0,0,60,5,5,5,0,0,75,75,75,5,75,15,,,,,,,,,,,,,,,,,,
2013,SA,SAU,Saudi Arabia,3,3,2,0,3,2,3,3,2,1,1,10,.80000001,54,5.7800002,5.44,0,0,0,0,2,0,15,0,15,15,0,0,0,5,5,15,15,0,5,0,0,,,,,,,,,,,,,,,,,,
2013,SN,SEN,Senegal,0,2,7,5,0,0,2,4,0,2,0,75,.34999999,19.200001,5.23,3.90,0,0,0,0,0,0,5,5,15,15,15,15,5,15,0,15,5,15,0,0,5,,,,,,,,,,,,,,,,,,
2013,SG,SGP,Singapore,7,0,8,6,0,6,6,6,0,0,0,52,1,74.18,5.8299999,5.89,2,0,1,0,0,0,75,15,15,60,60,55,5,15,5,60,15,60,5,60,15,,,,,,,,,,,,,,,,,,
2013,ZA,ZAF,South Africa,1,6,2,3,1,2,3,2,1,0,0,81,.46000001,41,5.3899999,3.45,1,1,0,1,0,0,15,15,15,15,15,15,5,15,75,15,15,0,15,0,75,,,,,,,,,,,,,,,,,,
2013,ES,ESP,Spain,7,1,9,6,6,4,7,9,3,0,1,96,.75999999,72,5.04,3.76,1,2,1,0,1,3,45,60,15,60,15,60,5,60,55,15,75,70,75,15,75,,,,,,,,,,,,,,,,,,
2013,SE,SWE,Sweden,7,7,10,6,8,7,7,9,7,4,6,100,.83999997,94,6.23,5.24,4,3,5,3,4,5,65,15,100,95,95,90,65,100,95,95,65,65,95,95,80,,,,,,,,,,,,,,,,,,
2013,CH,CHE,Switzerland,4,7,8,6,2,1,4,6,2,1,1,96,.67000002,85.199997,6.1199999,4.45,1,2,2,0,2,3,45,5,0,75,15,15,60,15,5,75,5,75,75,60,60,,,,,,,,,,,,,,,,,,
2013,TZ,TZA,"Tanzania, United Republic of",3,4,3,4,0,1,0,2,0,2,0,66,.34999999,13.08,3.9300001,3.71,0,0,0,0,0,0,75,0,15,15,15,15,15,15,0,15,15,65,15,15,5,,,,,,,,,,,,,,,,,,
2013,TH,THA,Thailand,5,5,3,5,0,3,4,4,0,0,0,53,.50999999,26.5,5.02,3.47,0,2,0,0,0,4,5,5,0,65,65,65,15,15,15,80,15,65,65,65,15,,,,,,,,,,,,,,,,,,
2013,TN,TUN,Tunisia,6,7,9,8,6,3,6,7,2,3,1,58,.47999999,41.439999,4.6900001,NA,3,6,0,0,0,1,5,5,15,15,15,5,15,15,15,15,15,15,30,15,15,,,,,,,,,,,,,,,,,,
2013,TR,TUR,Turkey,4,6,5,3,0,0,5,5,4,0,0,61,.46000001,45.130001,5.3400002,4.24,0,0,0,0,0,0,15,5,0,65,60,5,15,15,0,65,65,65,15,50,15,,,,,,,,,,,,,,,,,,
2013,UG,UGA,UAE,6,0,7,2,1,2,4,3,1,0,0,22,.86000001,85,6.0799999,5.67,0,5,0,0,0,0,5,0,15,60,0,0,0,15,15,50,65,5,50,50,15,,,,,,,,,,,,,,,,,,
2013,AE,ARE,Uganda,2,6,1,5,1,1,2,3,1,1,0,40,.28999999,14.69,4.0999999,4.24,2,3,0,2,0,0,0,15,0,15,15,15,0,15,0,75,15,15,15,15,15,,,,,,,,,,,,,,,,,,
2013,GB,GBR,United Kingdom,10,8,8,9,7,9,8,8,8,7,5,97,.97000003,87.019997,5.6500001,4.75,4,6,4,2,6,6,100,100,90,95,95,95,100,90,90,90,95,95,95,95,95,,,,,,,,,,,,,,,,,,
2013,US,USA,United States of America,9,7,5,10,9,8,7,7,8,4,4,93,1,81.029999,5.9899998,4.49,5,4,4,6,7,6,90,90,15,80,95,80,0,95,75,95,95,85,85,100,95,,,,,,,,,,,,,,,,,,
2013,UY,URY,Uruguay,6,8,9,5,3,2,2,3,0,2,0,97,.55000001,55.110001,4.4200001,3.93,1,2,1,0,0,1,50,15,70,75,70,70,5,15,60,50,15,5,15,15,15,,,,,,,,,,,,,,,,,,
2013,VE,VEN,Venezuela,0,3,2,0,0,0,1,4,2,0,0,39,.47999999,44.049999,4.0999999,2.66,0,0,0,0,0,0,15,5,0,60,15,15,5,15,0,60,5,15,5,15,15,,,,,,,,,,,,,,,,,,
2013,YE,YEM,Yemen,0,5,0,1,0,0,0,2,0,0,0,25,.18000001,17.450001,4.0799999,2.25,0,0,0,0,0,0,0,0,15,65,15,5,0,15,0,15,15,0,15,0,15,,,,,,,,,,,,,,,,,,
2013,ZM,ZMB,Zambia,0,3,0,0,0,0,0,2,0,0,0,62,.31,13.47,4.6300001,4.22,0,0,0,0,0,0,5,5,0,15,15,15,5,15,0,15,5,5,0,5,15,,,,,,,,,,,,,,,,,,
2013,ZW,ZWE,Zimbabwe,0,4,8,0,0,0,2,5,3,0,0,25,.30000001,17.09,4.3499999,3.42,0,0,0,0,0,0,5,5,15,15,15,15,5,5,0,15,15,5,15,0,15,,,,,,,,,,,,,,,,,,
2014,AR,ARG,Argentina,5,3,8,4,4,3,3,,,,,,,,4.1100001,,0,3,2,0,1,2,80,5,,80,15,15,15,15,95,10,15,80,10,10,95,80,.55000001,59.900002,2.52,15,,,,,,,,,,,,,
2014,AU,AUS,Australia,8,7,7,8,8,6,6,,,,,,,,5.8200002,,1,2,2,2,3,3,95,10,,80,80,15,85,15,90,90,65,65,75,55,95,97,.93000001,83,4.7199998,80,,,,,,,,,,,,,
2014,AT,AUT,Austria,6,5,8,8,9,6,5,,,,,,,,5.7600002,,3,4,5,4,3,6,15,15,,65,65,5,5,95,95,80,5,40,15,15,95,96,.75,80.620003,3.9400001,15,,,,,,,,,,,,,
2014,BH,BHR,Bahrain,4,0,3,0,0,0,2,,,,,,,,5.4899998,,0,0,0,0,0,0,15,5,,55,10,5,10,5,15,10,25,40,5,5,5,18,.94,90,5.21,15,,,,,,,,,,,,,
2014,BD,BGD,Bangladesh,0,8,0,0,0,0,2,,,,,,,,4.1999998,,0,0,0,0,0,1,15,10,,15,15,15,10,15,15,15,15,15,15,10,15,53,.34999999,6.5,4.0700002,15,,,,,,,,,,,,,
2014,BE,BEL,Belgium,8,8,9,8,8,4,6,,,,,,,,5.5900002,,2,4,0,3,5,4,5,15,,80,80,5,80,15,10,10,15,15,65,40,15,97,.68000001,82.169998,4.1300001,15,,,,,,,,,,,,,
2014,BJ,BEN,Benin,0,2,5,0,0,0,0,,,,,,,,3.98,,0,0,0,0,0,0,5,5,,65,15,5,15,5,0,60,80,5,5,5,0,80,.11,4.9000001,3.1500001,5,,,,,,,,,,,,,
2014,BW,BWA,Botswana,2,1,1,2,0,3,0,,,,,,,,4.3400002,,0,0,0,0,0,0,5,5,,15,15,5,5,10,0,15,15,10,10,10,15,74,.31,15,4.1399999,10,,,,,,,,,,,,,
2014,BR,BRA,Brazil,6,8,4,5,6,4,6,,,,,,,,5,,1,1,0,0,0,1,80,60,,80,95,75,60,15,75,80,80,90,5,45,65,81,.60000002,51.599998,3.6800001,5,,,,,,,,,,,,,
2014,BF,BFA,Burkina Faso,5,3,4,5,0,1,2,,,,,,,,3.6900001,,0,0,0,0,0,0,5,0,,10,15,0,5,10,5,10,75,15,10,10,15,53,.30000001,4.4000001,3.96,5,,,,,,,,,,,,,
2014,CM,CMR,Cameroon,0,0,1,2,0,0,0,,,,,,,,4.4000001,,0,1,0,0,0,0,0,0,,10,15,0,0,10,5,10,10,10,10,0,10,24,.2,6.4000001,3.78,5,,,,,,,,,,,,,
2014,CA,CAN,Canada,7,7,7,8,8,7,7,,,,,,,,5.4499998,,3,3,2,3,2,4,80,95,,95,75,5,15,65,95,95,80,15,95,75,95,98,.91000003,85.800003,4.2399998,95,,,,,,,,,,,,,
2014,CL,CHL,Chile,7,8,7,4,1,3,5,,,,,,,,5.0999999,,0,1,0,0,0,2,60,5,,80,95,95,15,65,95,80,90,95,95,15,80,95,.81999999,66.5,4.4299998,80,,,,,,,,,,,,,
2014,CN,CHN,China,3,4,2,6,5,2,7,,,,,,,,4.6900001,,2,1,1,0,1,1,5,5,,80,15,5,10,15,15,15,65,10,50,65,15,18,.61000001,45.799999,4.7600002,15,,,,,,,,,,,,,
2014,CO,COL,Colombia,6,7,7,2,2,1,4,,,,,,,,4.3600001,,1,2,1,0,1,2,15,15,,65,15,75,15,15,15,15,60,65,45,15,15,62,.79000002,51.700001,4.21,15,,,,,,,,,,,,,
2014,CR,CRI,Costa Rica,6,4,6,4,3,1,4,,,,,,,,5.1900001,,0,0,0,0,0,2,10,15,,80,15,15,15,15,0,80,80,75,15,55,15,90,.61000001,45.959999,3.9400001,15,,,,,,,,,,,,,
2014,CZ,CZE,Czech Republic,5,7,7,8,4,3,5,,,,,,,,4.9499998,,4,2,3,0,2,4,60,80,,65,95,95,60,60,60,80,65,45,75,10,15,94,.37,74.110001,3.3299999,15,,,,,,,,,,,,,
2014,DK,DNK,Denmark,8,7,8,8,7,8,9,,,,,,,,5.7199998,,6,4,3,3,6,7,90,15,,65,60,5,65,15,55,65,65,65,45,45,65,98,.66000003,94.629997,4.3299999,65,,,,,,,,,,,,,
2014,EC,ECU,Ecuador,2,6,6,3,2,1,2,,,,,,,,4.4899998,,0,1,1,0,0,0,10,5,,80,15,15,15,15,95,75,80,80,65,65,15,60,.47999999,40.349998,4.1799998,15,,,,,,,,,,,,,
2014,EG,EGY,Egypt,3,2,2,4,0,0,3,,,,,,,,4.1999998,,0,0,0,0,0,0,5,0,,55,15,15,10,10,10,15,15,15,0,15,75,31,.58999997,49.560001,2.5699999,15,,,,,,,,,,,,,
2014,EE,EST,Estonia,6,8,8,7,4,5,7,,,,,,,,5.3800001,,3,4,2,2,4,5,50,65,,65,75,5,50,65,15,60,65,15,65,65,15,95,.76999998,80,4.9499998,75,,,,,,,,,,,,,
2014,ET,ETH,Ethiopia,0,4,1,1,0,0,1,,,,,,,,3.8299999,,0,0,0,0,0,0,5,10,,60,5,5,5,10,0,10,15,10,10,5,10,18,.46000001,1.9,3.9200001,15,,,,,,,,,,,,,
2014,FI,FIN,Finland,7,9,9,7,5,5,8,,,,,,,,6.0300002,,1,5,3,3,6,6,95,50,,95,75,5,15,15,90,65,60,10,75,45,80,100,.76999998,91.510002,5.1199999,10,,,,,,,,,,,,,
2014,FR,FRA,France,9,7,8,8,7,6,7,,,,,,,,5.46,,4,5,2,3,5,7,15,15,,100,95,5,15,95,95,95,95,90,75,95,95,95,1,81.919998,4.1799998,95,,,,,,,,,,,,,
2014,DE,DEU,Germany,6,7,10,8,8,3,6,,,,,,,,5.77,,3,5,3,0,2,5,95,5,,90,100,15,15,85,100,70,90,75,65,65,80,96,.67000002,83.959999,4.5100002,15,,,,,,,,,,,,,
2014,GH,GHA,Ghana,3,2,6,3,0,0,3,,,,,,,,4.4299998,,0,0,0,0,0,0,5,5,,75,60,50,5,15,0,40,45,65,45,5,65,84,.31,12.3,4.3299999,65,,,,,,,,,,,,,
2014,GR,GRC,Greece,5,5,8,5,5,4,6,,,,,,,,4.48,,0,5,0,0,0,1,60,5,,55,80,95,15,15,55,15,55,55,55,55,15,83,.61000001,59.869999,2.78,15,,,,,,,,,,,,,
2014,HT,HTI,Haiti,0,1,0,0,0,0,0,,,,,,,,3.8299999,,0,0,0,0,0,0,0,0,,10,15,5,5,10,0,0,0,15,5,0,0,43,.11,10.6,2.6800001,15,,,,,,,,,,,,,
2014,HU,HUN,Hungary,3,6,6,3,1,0,4,,,,,,,,4.6900001,,2,4,1,0,2,2,10,5,,65,45,5,15,15,80,60,65,65,60,50,15,88,.56,72.639999,3.4300001,10,,,,,,,,,,,,,
2014,IS,ISL,Iceland,5,9,9,4,4,1,4,,,,,,,,6.1900001,,1,4,0,1,5,5,95,5,,50,15,5,15,15,95,50,60,50,30,45,15,100,.61000001,96.550003,4.1399999,15,,,,,,,,,,,,,
2014,IN,IND,India,5,8,5,5,3,2,4,,,,,,,,5.0500002,,0,1,0,0,0,0,15,10,,65,65,15,15,15,15,65,65,65,50,65,15,77,.54000002,15.1,4.2800002,15,,,,,,,,,,,,,
2014,ID,IDN,Indonesia,5,6,4,4,2,2,2,,,,,,,,5.0799999,,1,1,0,2,0,0,10,15,,80,15,5,10,15,60,95,90,90,15,75,15,64,.36000001,15.82,4.4200001,15,,,,,,,,,,,,,
2014,IE,IRL,Ireland,4,7,8,6,4,3,6,,,,,,,,5.6199999,,1,1,0,0,0,3,15,10,,65,15,45,60,15,75,65,15,65,65,50,15,97,.68000001,78.25,4.3499999,15,,,,,,,,,,,,,
2014,IL,ISR,Israel,5,5,7,5,5,2,4,,,,,,,,6.0700002,,3,5,0,1,0,5,10,10,,80,75,60,60,15,80,75,15,60,10,60,80,81,.87,70.800003,4.3899999,60,,,,,,,,,,,,,
2014,IT,ITA,Italy,6,4,8,6,5,1,3,,,,,,,,4.1900001,,3,2,1,0,2,4,45,10,,60,80,60,15,65,80,60,80,60,60,40,65,90,.75,58.459999,2.98,15,,,,,,,,,,,,,
2014,JM,JAM,Jamaica,3,6,2,5,0,3,3,,,,,,,,4.7600002,,0,0,0,1,0,2,10,50,,65,15,5,10,15,10,15,75,60,10,10,15,74,.31,37.799999,3.73,60,,,,,,,,,,,,,
2014,JP,JPN,Japan,7,7,7,8,3,3,5,,,,,,,,6.0599999,,1,1,5,0,1,2,80,5,,80,80,5,15,15,15,65,80,80,95,65,80,90,.94,86.25,4.6199999,10,,,,,,,,,,,,,
2014,JO,JOR,Jordan,4,2,1,3,1,0,4,,,,,,,,5.5900002,,0,0,0,0,0,0,5,10,,40,15,5,15,15,0,15,10,45,5,40,5,35,.51999998,44.200001,4.5700002,15,,,,,,,,,,,,,
2014,KZ,KAZ,Kazakhstan,3,1,6,2,0,2,2,,,,,,,,4.6300001,,0,1,0,0,0,0,10,5,,60,15,65,55,15,15,60,45,45,40,10,15,25,.75,54,4.6500001,10,,,,,,,,,,,,,
2014,KE,KEN,Kenya,2,4,4,5,1,0,4,,,,,,,,4.7600002,,1,2,0,1,1,1,5,5,,85,15,60,5,15,5,10,55,55,10,15,15,53,.43000001,39,4.71,15,,,,,,,,,,,,,
2014,KR,KOR,Korea,8,8,8,6,6,5,7,,,,,,,,5.71,,4,3,2,0,2,5,45,65,,65,65,5,75,75,65,60,45,65,45,45,60,85,.0099999998,84.769997,5.1199999,10,,,,,,,,,,,,,
2014,MW,MWI,Malawi,5,3,5,1,0,0,3,,,,,,,,3.8299999,,0,0,0,0,0,0,15,5,,60,15,5,5,10,0,40,10,25,10,10,15,60,.17,5.4000001,3.53,5,,,,,,,,,,,,,
2014,MY,MYS,Malaysia,5,1,5,2,0,0,0,,,,,,,,5.46,,0,0,0,0,0,1,45,10,,65,65,5,10,15,15,65,65,65,45,60,15,47,.68000001,66.970001,5.3499999,10,,,,,,,,,,,,,
2014,ML,MLI,Mali,0,1,5,1,0,0,1,,,,,,,,4.5300002,,0,0,0,0,0,1,0,0,,10,15,0,0,10,0,10,0,0,0,0,5,44,.13,2.3,4.1300001,0,,,,,,,,,,,,,
2014,MU,MUS,Mauritius,2,0,8,0,0,0,0,,,,,,,,4.9699998,,0,1,0,0,0,0,5,5,,80,15,5,15,15,15,15,15,65,60,60,15,90,.47,39,4.5500002,10,,,,,,,,,,,,,
2014,MX,MEX,Mexico,7,8,7,7,5,4,5,,,,,,,,4.7600002,,2,2,0,0,2,2,65,5,,80,80,80,5,15,5,80,50,80,15,65,80,65,.66000003,43.459999,3.9000001,80,,,,,,,,,,,,,
2014,MA,MAR,Morocco,5,5,7,3,0,2,2,,,,,,,,4.3899999,,2,2,0,1,0,0,5,5,,40,60,5,15,10,15,40,10,15,5,10,5,42,.69,56,4.3099999,15,,,,,,,,,,,,,
2014,MZ,MOZ,Mozambique,0,5,4,1,0,0,0,,,,,,,,4.25,,0,0,0,0,0,0,10,5,,10,15,10,5,10,0,10,60,60,60,60,15,58,.31,5.4000001,3.4100001,15,,,,,,,,,,,,,
2014,MM,MMR,Myanmar,0,0,0,3,0,0,0,,,,,,,,2.73,,0,0,0,0,0,0,5,0,,10,0,0,15,10,0,10,10,5,5,0,5,29,.02,1.2,2.9000001,0,,,,,,,,,,,,,
2014,NA,NAM,Namibia,3,0,3,2,0,0,0,,,,,,,,4.8899999,,0,0,0,0,0,0,5,5,,65,15,5,5,10,0,10,5,5,10,5,15,76,.31999999,13.9,3.5999999,15,,,,,,,,,,,,,
2014,NP,NPL,Nepal,3,6,3,5,0,4,2,,,,,,,,3.9200001,,0,0,0,0,0,0,10,5,,10,15,15,15,10,5,45,10,15,5,10,80,50,.16,13.3,2.9200001,15,,,,,,,,,,,,,
2014,NL,NLD,Netherlands,7,6,8,9,8,8,7,,,,,,,,5.6799998,,5,4,3,0,2,5,95,65,,95,80,10,10,100,95,95,80,95,95,75,80,99,.93000001,93.959999,4.4299998,15,,,,,,,,,,,,,
2014,NZ,NZL,New Zealand,8,8,9,7,1,3,4,,,,,,,,5.7399998,,5,3,0,0,5,5,100,100,,95,95,95,90,100,75,95,80,80,95,60,80,97,.83999997,82.779999,5.29,15,,,,,,,,,,,,,
2014,NG,NGA,Nigeria,3,5,3,3,1,3,3,,,,,,,,4.6100001,,0,0,0,0,1,1,5,0,,15,15,0,5,15,5,10,10,10,5,5,15,46,.31,38,4.02,15,,,,,,,,,,,,,
2014,NO,NOR,Norway,8,7,9,5,6,4,7,,,,,,,,6.0100002,,6,6,2,0,5,2,80,65,,95,80,15,100,15,95,80,80,95,80,80,80,100,.75999999,95.050003,4.9000001,15,,,,,,,,,,,,,
2014,PK,PAK,Pakistan,0,5,4,6,0,3,3,,,,,,,,4.5999999,,0,0,0,0,0,1,5,5,,10,15,5,15,15,0,60,10,10,15,10,15,42,.31999999,10.9,3.02,10,,,,,,,,,,,,,
2014,PE,PER,Peru,3,7,6,3,2,1,2,,,,,,,,4.5599999,,0,0,0,0,0,0,5,15,,80,15,65,15,15,95,80,80,80,80,80,15,71,.63,39.200001,3.3099999,5,,,,,,,,,,,,,
2014,PH,PHL,Philippines,7,3,7,6,2,5,5,,,,,,,,5.2199998,,0,1,0,1,0,0,10,5,,15,95,5,10,15,5,15,5,80,5,5,10,63,.47999999,37,3.8099999,15,,,,,,,,,,,,,
2014,PL,POL,Poland,1,7,6,3,1,1,5,,,,,,,,4.1500001,,0,1,0,0,0,1,80,10,,80,15,65,15,15,15,80,55,75,15,75,65,93,.54000002,62.849998,3.0799999,15,,,,,,,,,,,,,
2014,PT,PRT,Portugal,6,6,8,6,2,2,6,,,,,,,,5.54,,1,3,0,0,0,1,80,15,,80,15,65,15,15,15,80,15,95,80,5,75,97,.63999999,62.099998,4.4899998,80,,,,,,,,,,,,,
2014,QA,QAT,Qatar,4,1,4,0,0,0,2,,,,,,,,5.9099998,,0,0,0,0,0,0,5,5,,40,15,5,15,15,5,40,10,10,5,5,0,25,.64999998,85.300003,5.9099998,5,,,,,,,,,,,,,
2014,RU,RUS,Russia,5,6,7,3,5,2,7,,,,,,,,3.9400001,,2,3,1,0,5,4,5,60,,75,75,70,15,15,15,70,70,70,70,70,15,26,.70999998,61.400002,3.5,15,,,,,,,,,,,,,
2014,RW,RWA,Rwanda,2,5,3,1,0,0,3,,,,,,,,4.8299999,,1,0,0,0,0,0,75,5,,80,15,5,5,5,0,40,60,10,75,75,75,26,.50999999,8.6999998,5.6100001,5,,,,,,,,,,,,,
2014,SA,SAU,Saudi Arabia,2,0,2,0,1,0,3,,,,,,,,5.7800002,,0,0,0,0,0,0,10,5,,60,10,5,15,5,5,40,40,40,5,5,5,8,.76999998,60.5,5.3800001,5,,,,,,,,,,,,,
2014,SN,SEN,Senegal,0,2,6,3,0,2,2,,,,,,,,5.23,,0,0,0,0,0,0,5,5,,45,15,5,5,10,0,15,15,15,0,0,5,79,.31,20.9,3.7,15,,,,,,,,,,,,,
2014,SL,SLE,Sierra Leone,1,5,3,1,0,0,0,,,,,,,,3.79,,0,0,0,0,0,0,0,0,,15,15,60,5,5,0,10,15,10,10,0,15,67,.050000001,1.7,3.9000001,0,,,,,,,,,,,,,
2014,SG,SGP,Singapore,7,0,6,2,0,7,7,,,,,,,,5.8299999,,3,0,5,0,1,5,10,10,,65,65,5,10,15,40,65,80,65,65,65,15,51,.99000001,73,5.8800001,15,,,,,,,,,,,,,
2014,ZA,ZAF,South Africa,1,6,6,3,3,3,3,,,,,,,,5.3899999,,2,1,0,1,0,0,10,25,,15,65,5,5,15,15,65,10,65,80,10,80,81,.38999999,48.900002,3.3,15,,,,,,,,,,,,,
2014,ES,ESP,Spain,6,5,9,7,7,3,7,,,,,,,,5.04,,2,2,2,0,3,5,95,15,,80,15,80,15,15,95,80,65,65,95,15,80,96,.94,71.57,3.8299999,65,,,,,,,,,,,,,
2014,SE,SWE,Sweden,8,8,9,9,8,7,7,,,,,,,,6.23,,6,4,4,4,3,5,50,60,,95,80,95,65,15,95,95,60,95,80,95,100,99,.69999999,94.779999,5.27,15,,,,,,,,,,,,,
2014,CH,CHE,Switzerland,7,6,8,8,6,3,7,,,,,,,,6.1199999,,6,5,2,0,3,5,15,5,,95,15,5,15,15,15,50,80,70,75,15,80,96,.5,86.699997,4.29,15,,,,,,,,,,,,,
2014,TZ,TZA,Tanzania,1,1,0,2,0,0,1,,,,,,,,3.9300001,,0,0,0,0,0,1,5,5,,60,15,15,15,10,0,15,10,50,10,10,15,64,.30000001,4.4000001,3.6800001,15,,,,,,,,,,,,,
2014,TH,THA,Thailand,2,4,3,1,0,0,4,,,,,,,,5.02,,0,0,0,0,0,0,5,5,,80,15,5,60,10,15,15,10,40,40,5,15,54,.44,28.940001,3.5899999,15,,,,,,,,,,,,,
2014,TN,TUN,Tunisia,5,7,7,6,4,1,5,,,,,,,,4.6900001,,4,2,0,0,1,3,5,5,,60,15,5,15,15,15,10,10,40,75,10,15,63,.63999999,43.799999,3.9200001,15,,,,,,,,,,,,,
2014,TR,TUR,Turkey,2,6,4,2,1,1,5,,,,,,,,5.3400002,,1,1,0,0,0,0,15,5,,65,60,5,5,15,15,80,40,80,45,45,55,60,.56,46.25,4.2399998,5,,,,,,,,,,,,,
2014,AE,ARE,UAE,6,0,5,0,0,1,3,,,,,,,,6.0799999,,0,3,0,0,0,0,10,5,,60,40,5,5,10,15,60,65,45,10,5,15,18,.88,88,5.9099998,5,,,,,,,,,,,,,
2014,UG,UGA,Uganda,1,4,3,5,0,0,1,,,,,,,,4.0999999,,0,1,0,0,0,0,5,5,,65,15,15,5,15,0,65,15,15,15,15,15,37,.15000001,16.200001,4,15,,,,,,,,,,,,,
2014,GB,GBR,UK,10,8,6,9,6,9,8,,,,,,,,5.6500001,,5,7,4,3,6,6,100,100,,90,90,95,100,100,95,95,95,95,95,80,95,97,.89999998,89.839996,4.4899998,95,,,,,,,,,,,,,
2014,UA,UKR,Ukraine,5,5,7,5,1,2,1,,,,,,,,4.3400002,,0,0,0,0,0,2,15,5,,45,60,5,15,15,15,60,15,15,50,15,15,55,.27000001,41.799999,2.55,15,,,,,,,,,,,,,
2014,UY,URY,Uruguay,6,8,9,5,4,4,2,,,,,,,,4.4200001,,1,2,2,1,1,2,65,15,,95,80,80,5,15,95,50,45,80,15,80,15,98,.85000002,58.099998,3.76,15,,,,,,,,,,,,,
2014,US,USA,US,9,8,5,9,8,8,7,,,,,,,,5.9899998,,5,7,3,2,7,8,95,5,,95,95,95,15,100,95,95,100,90,95,95,95,92,.94,84.199997,4.4499998,95,,,,,,,,,,,,,
2014,VE,VEN,Venezuela,1,1,2,1,1,0,1,,,,,,,,4.0999999,,0,0,0,0,0,0,15,5,,80,15,5,5,10,0,80,10,5,5,10,15,38,.55000001,54.900002,2.52,5,,,,,,,,,,,,,
2014,VN,VNM,Vietnam,0,0,3,0,0,0,0,,,,,,,,3.76,,0,0,0,0,1,0,5,5,,60,40,5,15,15,15,60,60,80,5,5,15,20,.41999999,43.900002,4.1500001,15,,,,,,,,,,,,,
2014,YE,YEM,Yemen,0,4,0,1,0,0,1,,,,,,,,4.0799999,,0,0,0,0,0,1,10,5,,10,15,5,10,10,0,10,15,5,5,10,15,26,.31,20,2.4100001,15,,,,,,,,,,,,,
2014,ZM,ZMB,Zambia,0,1,4,0,0,0,0,,,,,,,,4.6300001,,0,0,0,0,0,0,5,5,,15,10,5,5,15,0,60,10,5,5,0,15,59,.14,15.4,4.3099999,5,,,,,,,,,,,,,
2014,ZW,ZWE,Zimbabwe,1,2,4,0,0,0,2,,,,,,,,4.3499999,,0,1,0,0,0,0,5,5,,40,15,10,5,15,0,45,10,5,10,5,15,29,.31,18.5,3.5699999,5,,,,,,,,,,,,,
2015,AE,ARE,UAE,4,0,5,1,2,0,5,,,,,,,,,,2,0,0,0,0,0,0,5,,60,55,5,15,15,15,80,45,60,45,60,5,,.88,,,15,1,0,21,90.400002,6.04,6.07,,,,,,,
2015,AR,ARG,Argentina,5,4,7,4,5,3,3,,,,,,,,,,0,1,1,0,1,1,55,5,,75,65,5,0,15,15,15,15,5,15,0,80,,.55000001,,,15,3,1,80,64.699997,4.03,2.48,,,,,,,
2015,AU,AUS,Australia,8,7,5,7,9,5,6,,,,,,,,,,2,2,2,0,5,3,65,75,,80,95,5,95,15,80,95,60,95,90,65,95,,.93000001,,,95,6,7,97,84.559998,5.61,4.40,,,,,,,
2015,AT,AUT,Austria,7,4,8,8,9,6,5,,,,,,,,,,3,4,4,3,2,6,95,15,,50,15,5,15,80,80,95,15,15,80,80,90,,.75,,,15,6,7,96,81,5.68,4.19,,,,,,,
2015,BE,BEL,Belgium,8,5,9,8,8,7,6,,,,,,,,,,0,2,1,1,2,6,30,65,,95,80,5,65,15,5,80,5,0,60,80,80,,.68000001,,,60,7,3,97,85,5.64,4.11,,,,,,,
2015,BJ,BEN,Benin,0,1,6,1,0,0,2,,,,,,,,,,0,0,0,0,0,0,5,5,,60,15,5,60,15,0,80,15,5,0,0,5,,.11,,,5,0,1,81,5.3000002,3.98,3.15,,,,,,,
2015,BF,BFA,Burkina Faso,5,3,6,3,0,3,3,,,,,,,,,,0,0,0,0,0,0,5,5,,15,15,5,15,15,5,15,55,15,15,5,15,,.30000001,,,5,1,0,45,9.3999996,3.69,3.75,,,,,,,
2015,BD,BGD,Bangladesh,0,6,1,2,0,0,2,,,,,,,,,,0,0,0,0,0,0,15,5,,15,15,5,15,15,15,15,5,15,15,15,15,,.34999999,,,15,0,0,50,9.6000004,4.12,4.00,,,,,,,
2015,BH,BHR,Bahrain,4,0,2,1,0,1,3,,,,,,,,,,0,0,0,0,0,0,15,15,,95,15,0,15,15,15,45,75,5,15,5,15,,.94,,,15,1,0,15,91,5.34,5.17,,,,,,,
2015,BR,BRA,Brazil,5,7,3,6,6,5,6,,,,,,,,,,2,3,1,1,2,3,80,60,,95,100,95,5,95,15,95,95,95,50,95,95,,.60000002,,,75,5,5,81,57.599998,4.77,3.30,,,,,,,
2015,BW,BWA,Botswana,2,0,1,1,0,1,2,,,,,,,,,,0,0,0,0,0,0,5,5,,15,15,5,5,15,0,15,15,15,15,15,15,,.31,,,15,0,1,73,18.5,4.32,3.97,,,,,,,
2015,CA,CAN,Canada,7,6,7,8,9,7,7,,,,,,,,,,3,3,3,4,2,5,100,95,,95,95,5,45,80,90,95,80,55,95,95,80,,.91000003,,,95,8,7,98,87.120003,5.43,4.27,,,,,,,
2015,CH,CHE,Switzerland,6,6,8,7,3,3,7,,,,,,,,,,1,2,2,0,2,5,65,5,,80,15,5,65,15,15,80,95,80,80,80,80,,.5,,,95,7,6,96,87,6.05,4.42,,,,,,,
2015,CL,CHL,Chile,7,8,6,5,1,4,5,,,,,,,,,,1,2,0,0,0,1,45,5,,65,95,5,5,85,95,80,45,60,15,45,65,,.81999999,,,60,4,3,95,72.349998,5.20,4.22,,,,,,,
2015,CN,CHN,China,3,4,1,8,7,4,5,,,,,,,,,,1,0,1,0,0,1,5,15,,80,15,5,15,15,15,15,15,15,60,15,0,,.61000001,,,15,0,1,17,49.299999,4.66,4.69,,,,,,,
2015,CM,CMR,Cameroon,1,0,1,2,0,0,3,,,,,,,,,,0,1,0,0,0,0,0,5,,45,15,5,5,15,0,40,15,15,15,0,15,,.2,,,15,0,0,25,11,4.41,3.85,,,,,,,
2015,CO,COL,Colombia,6,6,8,3,3,2,5,,,,,,,,,,2,2,1,1,0,2,65,15,,80,80,5,15,15,15,80,80,15,80,15,80,,.79000002,,,80,8,7,63,52.57,4.36,4.38,,,,,,,
2015,CR,CRI,Costa Rica,3,4,8,5,3,3,3,,,,,,,,,,0,0,0,0,0,1,30,15,,50,70,5,15,15,0,80,65,50,15,15,95,,.61000001,,,80,0,0,90,49.41,5.03,3.82,,,,,,,
2015,CZ,CZE,Czech Republic,5,6,7,7,5,2,5,,,,,,,,,,3,3,3,0,4,5,60,45,,75,90,5,55,15,15,15,15,15,75,15,95,,.37,,,70,5,5,95,79.709999,4.95,3.20,,,,,,,
2015,DE,DEU,Germany,6,7,9,8,7,4,7,,,,,,,,,,3,3,4,0,1,5,95,45,,80,95,5,15,80,90,80,75,80,95,95,80,,.67000002,,,15,5,3,96,86.190002,5.74,4.46,,,,,,,
2015,DK,DNK,Denmark,5,6,8,6,7,7,7,,,,,,,,,,6,2,4,2,5,7,95,60,,95,95,5,15,80,90,95,90,95,95,95,90,,.66000003,,,5,6,3,98,95.989998,5.71,4.38,,,,,,,
2015,EC,ECU,Ecuador,3,7,3,2,2,2,2,,,,,,,,,,1,0,0,0,0,2,65,5,,80,80,5,50,15,0,60,65,65,15,65,60,,.47999999,,,15,5,2,59,43,4.49,4.18,,,,,,,
2015,EG,EGY,Egypt,1,1,1,4,0,2,3,,,,,,,,,,0,0,0,0,0,1,15,0,,15,15,5,5,15,15,15,0,15,0,50,75,,.58999997,,,5,0,0,26,31.700001,3.84,2.64,,,,,,,
2015,ES,ESP,Spain,7,5,9,6,9,4,7,,,,,,,,,,2,1,2,2,7,8,75,15,,95,95,5,5,80,15,65,60,65,95,75,80,,.94,,,15,5,7,96,76.190002,4.90,3.63,,,,,,,
2015,EE,EST,Estonia,6,8,9,7,3,5,6,,,,,,,,,,1,2,1,0,2,3,60,95,,65,75,5,15,80,70,65,75,60,60,40,15,,.76999998,,,5,3,5,95,84.239998,5.39,5.11,,,,,,,
2015,ET,ETH,Ethiopia,3,4,2,3,0,1,3,,,,,,,,,,0,0,0,0,0,0,5,5,,15,15,5,5,15,15,5,15,15,5,5,15,,.46000001,,,15,1,0,18,2.9000001,3.81,3.80,,,,,,,
2015,FI,FIN,Finland,8,9,9,7,7,8,6,,,,,,,,,,0,3,2,1,3,6,95,5,,95,95,5,60,15,95,65,80,40,95,95,95,,.76999998,,,15,6,6,100,92.379997,5.84,4.94,,,,,,,
2015,FR,FRA,France,9,7,9,9,8,9,8,,,,,,,,,,5,5,1,2,5,7,50,50,,100,95,5,15,95,95,95,75,95,75,75,95,,1,,,80,9,7,95,83.75,5.45,4.14,,,,,,,
2015,GB,GBR,United Kingdom,9,8,7,9,8,9,9,,,,,,,,,,4,6,6,2,7,9,100,100,,90,90,95,85,100,95,95,95,95,95,95,95,,.89999998,,,80,9,8,97,91.610001,5.72,4.56,,,,,,,
2015,GE,GEO,Georgia,4,5,6,6,1,0,2,,,,,,,,,,0,0,0,0,0,0,15,15,,30,15,5,15,15,15,5,55,55,15,15,15,,.60000002,,,15,1,2,64,48.900002,4.19,3.95,,,,,,,
2015,GH,GHA,Ghana,2,3,7,5,0,0,3,,,,,,,,,,1,0,0,0,0,0,5,5,,15,15,5,5,15,0,15,15,15,5,0,15,,.31,,,15,1,1,84,18.9,4.31,3.82,,,,,,,
2015,GR,GRC,Greece,6,5,8,6,5,5,6,,,,,,,,,,1,4,0,0,0,1,75,15,,70,15,5,5,15,95,15,70,60,60,15,75,,.61000001,,,15,7,2,83,63.209999,4.53,2.99,,,,,,,
2015,HT,HTI,Haiti,0,1,0,0,0,1,3,,,,,,,,,,0,0,0,0,0,0,15,0,,15,15,5,5,15,0,15,0,15,0,0,0,,.11,,,5,0,0,41,11.4,3.54,2.65,,,,,,,
2015,HU,HUN,Hungary,2,5,5,2,1,0,3,,,,,,,,,,0,2,0,0,0,0,65,15,,65,15,5,15,15,15,75,55,45,55,75,15,,.56,,,15,2,0,82,76.129997,4.69,3.55,,,,,,,
2015,ID,IDN,Indonesia,6,6,4,6,3,2,2,,,,,,,,,,1,2,0,0,0,2,15,15,,65,15,5,55,15,60,75,15,75,75,60,15,,.36000001,,,15,3,3,64,17.139999,5.06,4.49,,,,,,,
2015,IN,IND,India,6,4,3,6,2,2,4,,,,,,,,,,0,0,1,0,1,4,40,15,,80,60,5,15,15,80,50,50,80,50,45,15,,.54000002,,,15,6,5,78,18,4.19,3.87,,,,,,,
2015,IE,IRL,Ireland,7,7,9,8,5,5,7,,,,,,,,,,0,0,0,0,1,1,15,15,,100,80,5,15,15,65,95,80,95,95,80,15,,.68000001,,,15,5,7,97,79.690002,5.56,4.48,,,,,,,
2015,IS,ISL,Iceland,6,8,9,4,4,1,5,,,,,,,,,,1,1,0,0,4,6,95,5,,80,75,5,50,15,95,80,75,80,80,80,80,,.61000001,,,15,2,2,99,98.160004,6.17,4.29,,,,,,,
2015,IL,ISR,Israel,4,6,6,4,2,1,5,,,,,,,,,,2,3,0,0,4,6,15,15,,65,65,5,65,15,85,65,15,15,15,80,60,,.87,,,5,3,4,80,71.449997,6.05,4.53,,,,,,,
2015,IT,ITA,Italy,6,4,8,6,7,5,6,,,,,,,,,,4,4,2,0,1,5,65,5,,85,90,5,15,80,0,80,80,15,15,95,80,,.75,,,65,7,7,89,61.959999,4.15,2.85,,,,,,,
2015,JM,JAM,Jamaica,3,5,2,6,0,5,5,,,,,,,,,,1,0,0,1,2,3,15,15,,65,15,0,15,15,15,65,5,5,15,15,15,,.31,,,15,1,0,74,40.5,4.75,3.59,,,,,,,
2015,JO,JOR,Jordan,2,3,1,1,0,0,3,,,,,,,,,,0,0,0,0,0,0,15,15,,15,15,5,15,15,15,15,15,15,15,5,15,,.51999998,,,15,1,0,36,44,5.32,4.64,,,,,,,
2015,JP,JPN,Japan,7,7,7,8,3,3,6,,,,,,,,,,4,3,4,2,3,5,65,15,,80,80,80,15,15,80,80,65,15,65,65,65,,.94,,,15,5,4,92,90.580002,6.08,4.86,,,,,,,
2015,KZ,KAZ,Kazakhstan,3,1,5,2,0,0,2,,,,,,,,,,0,0,0,0,1,0,5,15,,60,65,5,55,15,5,45,55,40,40,40,15,,.75,,,5,0,2,24,54.889999,4.36,4.35,,,,,,,
2015,KE,KEN,Kenya,7,4,2,6,1,3,5,,,,,,,,,,1,2,0,0,2,3,15,5,,15,65,5,5,80,15,15,80,55,15,5,65,,.43000001,,,15,0,3,51,43.400002,4.84,4.74,,,,,,,
2015,KR,KOR,Korea (Republic of),9,8,8,8,8,8,7,,,,,,,,,,3,3,3,1,4,6,45,75,,95,15,5,60,90,90,75,60,75,75,75,90,,.98000002,,,15,8,7,84,84.330002,5.45,4.96,,,,,,,
2015,LC,LCA,Saint Lucia,3,0,5,1,0,0,3,,,,,,,,,,0,0,0,1,0,0,30,5,,15,15,5,15,15,0,45,80,15,15,15,15,,.23999999,,,5,1,0,92,51,NA,NA,,,,,,,
2015,MA,MAR,Morocco,5,3,6,4,0,3,2,,,,,,,,,,0,1,0,0,0,0,15,5,,15,15,5,15,15,15,15,60,55,5,5,15,,.69,,,15,0,0,42,56.799999,4.53,4.23,,,,,,,
2015,MD,MDA,Moldova (Republic of),7,6,7,6,0,4,4,,,,,,,,,,1,3,0,0,1,1,45,15,,65,60,5,15,15,15,65,60,55,65,65,55,,.52999997,,,80,6,4,63,46.599998,4.11,3.67,,,,,,,
2015,MX,MEX,Mexico,7,7,8,7,5,7,5,,,,,,,,,,4,4,1,3,2,6,60,5,,95,95,5,65,15,90,15,80,15,80,75,80,,.66000003,,,65,7,6,64,44.389999,4.60,3.69,,,,,,,
2015,MK,MKD,Macedonia,6,7,8,5,1,2,5,,,,,,,,,,1,2,2,0,0,2,15,15,,80,80,5,65,15,15,65,60,80,65,75,15,,.23999999,,,5,5,2,60,68.059998,4.17,4.88,,,,,,,
2015,ML,MLI,Mali,0,0,5,2,0,0,2,,,,,,,,,,0,0,0,0,0,0,0,0,,45,15,5,5,15,0,15,0,15,0,5,5,,.13,,,15,0,0,44,7,4.13,4.12,,,,,,,
2015,MM,MMR,Myanmar,0,0,0,3,0,0,2,,,,,,,,,,0,0,0,0,0,0,5,5,,80,0,5,15,15,5,60,15,15,15,5,5,,.02,,,5,0,0,25,2.0999999,2.94,2.98,,,,,,,
2015,MZ,MOZ,Mozambique,1,4,3,0,1,1,3,,,,,,,,,,0,0,0,0,0,0,5,0,,15,15,5,0,15,15,75,5,50,5,0,5,,.31,,,15,0,0,58,5.9400001,4.24,3.38,,,,,,,
2015,MU,MUS,Mauritius,2,0,8,0,0,1,3,,,,,,,,,,0,0,0,0,0,0,5,5,,65,15,5,15,15,15,65,15,65,50,65,65,,.47,,,15,1,5,90,41.439999,5.03,4.56,,,,,,,
2015,MW,MWI,Malawi,1,1,2,1,0,0,2,,,,,,,,,,0,0,0,0,1,0,65,5,,15,15,5,5,15,0,50,15,15,5,5,15,,.17,,,5,0,1,61,5.8299999,3.85,3.45,,,,,,,
2015,MY,MYS,Malaysia,5,1,5,2,0,3,4,,,,,,,,,,1,0,1,1,0,2,15,5,,15,15,5,15,15,15,65,15,15,40,65,15,,.68000001,,,15,2,1,46,67.5,5.58,5.45,,,,,,,
2015,,NAM,Namibia,3,1,2,3,0,1,3,,,,,,,,,,0,0,0,0,0,0,5,5,,15,15,5,5,15,0,15,15,5,15,5,15,,.31999999,,,15,0,0,76,14.84,4.87,3.69,,,,,,,
2015,NG,NGA,Nigeria,3,4,3,3,1,2,4,,,,,,,,,,0,1,0,0,0,0,5,5,,15,15,5,5,15,0,15,75,75,15,5,15,,.31,,,15,2,0,43,42.68,4.34,3.62,,,,,,,
2015,NL,NLD,Netherlands,7,7,8,9,8,8,7,,,,,,,,,,4,3,6,0,5,7,95,65,,80,95,5,15,80,5,95,95,95,90,90,80,,.93000001,,,15,5,7,99,93.169998,5.63,4.53,,,,,,,
2015,NO,NOR,Norway,8,7,9,5,5,2,6,,,,,,,,,,5,5,1,0,3,1,95,15,,80,80,5,75,15,80,85,60,75,80,80,15,,.75999999,,,15,6,6,100,96.300003,6.05,4.73,,,,,,,
2015,NP,NPL,Nepal,3,6,3,5,0,2,3,,,,,,,,,,1,0,0,0,1,1,5,5,,15,15,5,15,15,0,50,15,15,15,0,80,,.16,,,15,1,0,51,15.44,3.87,2.92,,,,,,,
2015,NZ,NZL,New Zealand,8,8,8,8,5,5,6,,,,,,,,,,5,3,7,2,5,7,80,85,,80,80,5,15,80,15,80,80,80,65,65,80,,.83999997,,,15,7,6,97,85.5,5.80,5.29,,,,,,,
2015,PK,PAK,Pakistan,1,4,1,3,1,3,3,,,,,,,,,,0,0,0,0,0,0,15,5,,15,15,5,15,15,0,15,0,5,15,0,15,,.31999999,,,15,0,0,42,13.8,4.42,3.15,,,,,,,
2015,PE,PER,Peru,2,6,7,5,3,3,3,,,,,,,,,,0,0,0,0,0,0,15,5,,40,65,5,5,15,60,60,45,65,45,60,75,,.63,,,75,5,0,71,40.200001,4.48,3.29,,,,,,,
2015,PH,PHL,Philippines,7,2,7,6,2,4,5,,,,,,,,,,2,2,0,1,2,2,65,5,,15,95,5,15,15,60,15,15,55,15,40,15,,.47999999,,,90,7,3,63,39.689999,5.07,3.89,,,,,,,
2015,PL,POL,Poland,5,6,8,5,4,6,6,,,,,,,,,,1,1,1,0,2,3,50,15,,80,15,5,45,15,5,80,75,80,15,95,65,,.54000002,,,15,4,3,93,66.599998,4.20,3.10,,,,,,,
2015,PT,PRT,Portugal,5,5,8,5,2,4,4,,,,,,,,,,1,0,2,1,1,1,80,5,,80,15,5,15,15,15,80,65,80,15,60,80,,.63999999,,,80,2,3,97,64.589996,5.62,4.70,,,,,,,
2015,PY,PRY,Paraguay,4,2,2,5,0,4,4,,,,,,,,,,0,1,0,0,0,1,0,15,,5,80,5,5,15,5,5,5,5,0,5,80,,.23,,,80,2,2,65,43,4.05,2.98,,,,,,,
2015,QA,QAT,Qatar,2,1,2,2,0,1,3,,,,,,,,,,0,0,0,0,0,0,15,5,,15,5,0,15,15,15,15,60,15,5,60,0,,.64999998,,,15,6,0,28,91.489998,5.76,5.84,,,,,,,
2015,RU,RUS,Russian Federation,5,5,5,4,5,3,5,,,,,,,,,,1,1,0,0,1,2,15,15,,60,15,5,15,15,15,65,60,55,40,55,15,,.70999998,,,65,4,5,23,70.519997,4.25,3.82,,,,,,,
2015,RW,RWA,Rwanda,3,3,3,2,0,1,3,,,,,,,,,,1,0,0,1,0,1,65,5,,65,65,5,15,15,0,15,80,80,5,80,60,,.50999999,,,15,4,1,25,10.6,4.97,5.75,,,,,,,
2015,SA,SAU,Saudi Arabia,5,0,2,0,1,1,3,,,,,,,,,,0,0,0,0,0,0,65,5,,65,15,0,15,15,15,60,45,5,0,0,0,,.76999998,,,15,3,3,10,63.700001,5.43,5.25,,,,,,,
2015,SN,SEN,Senegal,0,1,6,2,0,0,2,,,,,,,,,,0,0,0,0,0,0,55,5,,75,15,5,15,15,0,15,15,15,5,0,5,,.31,,,15,0,0,78,17.700001,5.04,3.99,,,,,,,
2015,SG,SGP,Singapore,8,0,5,6,,8,7,,,,,,,,,,1,1,1,2,2,3,65,15,,80,65,5,15,15,65,80,80,80,95,80,15,,.99000001,,,15,4,3,51,82,5.71,5.91,,,,,,,
2015,SL,SLE,Sierra Leone,5,4,3,3,0,0,0,,,,,,,,,,0,0,0,0,0,0,0,0,,15,15,5,5,5,0,15,15,15,15,0,15,,.050000001,,,5,2,1,65,2.0999999,3.46,3.90,,,,,,,
2015,SK,SVK,Slovak Republic,6,6,8,7,1,2,3,,,,,,,,,,2,3,1,0,1,3,15,15,,80,65,5,15,15,15,60,5,80,55,15,80,,.49000001,,,15,4,4,90,79.980003,4.81,3.29,,,,,,,
2015,SE,SWE,Sweden,8,8,9,8,8,6,5,,,,,,,,,,2,3,5,3,2,5,50,50,,80,15,5,50,15,80,95,95,90,80,80,95,,.69999999,,,5,6,6,99,92.519997,5.96,4.97,,,,,,,
2015,TH,THA,Thailand,3,4,2,3,1,5,3,,,,,,,,,,0,0,0,0,0,0,5,5,,80,15,5,15,15,15,75,60,0,15,15,15,,.44,,,15,1,1,33,34.889999,4.86,3.49,,,,,,,
2015,TN,TUN,Tunisia,5,5,5,6,5,1,4,,,,,,,,,,4,1,0,0,1,1,5,5,,80,15,5,15,15,15,75,55,75,80,40,55,,.63999999,,,15,2,1,79,46.16,4.45,3.68,,,,,,,
2015,TR,TUR,Turkey,2,5,2,4,2,2,5,,,,,,,,,,1,0,1,0,0,0,60,15,,80,15,5,15,15,5,80,40,40,60,60,65,,.56,,,15,1,0,55,51.040001,5.23,4.02,,,,,,,
2015,TZ,TZA,Tanzania,5,1,2,1,0,1,4,,,,,,,,,,0,0,0,0,0,0,5,5,,65,15,5,15,15,0,15,50,50,15,5,5,,.30000001,,,15,1,0,63,4.8600001,3.80,3.61,,,,,,,
2015,UG,UGA,Uganda,3,4,2,6,0,0,5,,,,,,,,,,0,0,0,0,0,0,5,5,,15,15,5,5,15,0,65,15,15,15,15,15,,.15000001,,,15,0,1,36,17.709999,4.09,3.89,,,,,,,
2015,UA,UKR,Ukraine,5,4,7,5,1,1,1,,,,,,,,,,0,1,0,0,0,1,15,5,,15,65,5,15,15,15,55,15,5,60,15,15,,.27000001,,,15,1,0,62,43.400002,4.23,2.70,,,,,,,
2015,UY,URY,Uruguay,6,7,9,6,4,7,5,,,,,,,,,,4,4,0,0,2,4,60,95,,95,95,5,5,15,95,75,95,65,15,65,80,,.85000002,,,95,5,3,98,61.459999,4.32,3.96,,,,,,,
2015,US,USA,United States of America,9,7,6,9,9,8,8,,,,,,,,,,3,4,3,2,6,8,95,15,,100,95,80,5,85,65,95,70,80,70,85,70,,.94,,,80,8,8,92,87.360001,6.07,4.40,,,,,,,
2015,VE,VEN,Venezuela,1,1,2,2,0,0,1,,,,,,,,,,0,0,0,0,0,0,5,5,,15,5,5,5,5,5,80,15,50,5,15,15,,.55000001,,,5,0,0,35,57,3.87,2.37,,,,,,,
2015,VN,VNM,Vietnam,1,1,2,3,0,2,2,,,,,,,,,,1,1,0,1,0,0,5,5,,65,80,5,15,15,15,65,5,60,5,45,15,,.41999999,,,5,1,1,20,48.310001,3.89,4.11,,,,,,,
2015,YE,YEM,Yemen,0,1,1,1,0,0,1,,,,,,,,,,0,0,0,0,0,0,15,5,,15,15,0,15,15,0,15,15,5,5,5,15,,.31,,,15,0,0,25,22.549999,3.65,2.32,,,,,,,
2015,ZA,ZAF,South Africa,3,6,7,3,3,3,4,,,,,,,,,,0,0,1,2,0,5,15,5,,15,15,5,15,15,15,65,15,15,80,15,65,,.38999999,,,15,0,1,81,49,5.43,3.23,,,,,,,
2015,ZM,ZMB,Zambia,0,0,4,0,0,0,2,,,,,,,,,,0,0,0,0,0,0,5,5,,15,15,5,5,15,0,15,15,15,5,0,15,,.14,,,15,0,1,60,17.34,4.68,4.21,,,,,,,
2015,ZW,ZWE,Zimbabwe,1,2,3,0,0,0,2,,,,,,,,,,0,0,0,0,0,0,5,5,,15,15,5,5,15,0,15,15,15,15,0,15,,.31,,,0,0,0,28,19.889999,4.09,3.24,,,,,,,
2016,AL,ALB,Albania,2,8,8,7,2,2,4,,,,,,,,,,0,1,0,0,0,0,15,15,,65,80,80,15,15,0,80,60,15,15,75,,,,,,15,5,5,,,4.38,3.86,67,.59,63.25,,,,
2016,AE,ARE,United Arab Emirates,4,0,4,1,2,1,5,,,,,,,,,,2,0,0,0,1,1,5,5,,50,65,5,15,15,15,60,45,5,5,65,,,,,,15,1,1,,,5.84,6.07,20,.89,91.24,,,,
2016,AR,ARG,Argentina,6,5,7,6,6,4,5,,,,,,,,,,0,2,0,0,2,4,80,5,,65,15,5,5,15,85,50,45,75,5,5,,,,,,5,5,4,,,4.13,2.58,79,.71,69.40,,,,
2016,AU,AUS,Australia,8,7,6,7,9,5,6,,,,,,,,,,3,2,3,3,5,6,75,60,,85,95,5,95,15,80,95,75,80,65,80,,,,,,80,7,7,,,5.39,4.33,98,.98,84.56,,,,
2016,AT,AUT,Austria,8,3,9,8,9,5,6,,,,,,,,,,3,4,4,3,2,6,95,15,,80,15,5,5,80,80,95,15,60,80,65,,,,,,15,6,7,,,5.44,4.42,95,.91,83.93,,,,
2016,BE,BEL,Belgium,8,5,9,7,8,5,6,,,,,,,,,,0,1,0,0,1,6,45,5,,95,75,5,65,15,60,15,15,5,80,75,,,,,,5,8,4,,,5.43,4.25,96,.71,85.05,,,,
2016,BJ,BEN,Benin,0,1,5,1,0,0,3,,,,,,,,,,0,0,0,0,0,0,15,5,,65,15,5,15,5,0,65,15,15,0,0,,,,,,15,0,0,,,4.13,3.23,82,.14,6.79,,,,
2016,BF,BFA,Burkina Faso,7,4,5,6,0,4,3,,,,,,,,,,1,4,0,1,0,2,25,5,,15,15,5,15,15,5,15,75,60,5,15,,,,,,5,0,1,,,3.71,3.75,59,.19,11.39,,,,
2016,BD,BGD,Bangladesh,4,5,1,2,0,3,2,,,,,,,,,,0,0,0,0,0,1,15,5,,15,15,5,5,15,15,15,5,15,15,5,,,,,,15,4,1,,,4.23,4.12,49,.62,14.40,,,,
2016,BG,BGR,Bulgaria,6,6,6,2,4,0,4,,,,,,,,,,1,1,0,0,1,0,30,15,,70,15,70,100,15,15,15,85,65,15,70,,,,,,15,5,4,,,4.67,3.77,80,.57,56.66,,,,
2016,BH,BHR,Bahrain,4,0,2,0,0,0,3,,,,,,,,,,2,0,0,0,0,0,15,5,,60,80,5,15,15,15,45,15,5,40,5,,,,,,15,1,0,,,5.08,5.22,14,.83,93.48,,,,
2016,BA,BIH,Bosnia and Herzegovina,0,6,5,4,0,1,2,,,,,,,,,,0,0,0,0,0,0,15,15,,15,15,5,15,15,5,15,5,15,15,5,,,,,,5,0,0,,,4.42,2.63,57,.45,65.07,,,,
2016,BY,BLR,Belarus,2,2,1,3,0,2,4,,,,,,,,,,0,0,0,0,0,1,30,15,,15,15,5,15,15,15,15,15,5,15,15,,,,,,15,1,1,,,NA,NA,17,.49,62.23,,,,
2016,BO,BOL,Bolivia,5,3,1,6,0,0,4,,,,,,,,,,0,2,0,1,0,0,45,5,,60,15,5,15,65,15,65,80,45,50,50,,,,,,15,4,2,,,3.67,3.39,68,.49,45.10,,,,
2016,BR,BRA,Brazil,6,7,3,6,6,4,6,,,,,,,,,,5,5,1,2,1,2,65,5,,75,95,65,5,15,15,80,40,95,45,60,,,,,,60,8,7,,,4.55,3.13,81,.73,59.08,,,,
2016,BW,BWA,Botswana,1,1,2,1,0,0,2,,,,,,,,,,0,0,0,0,0,0,5,5,,15,15,5,5,15,5,15,15,15,15,5,,,,,,5,1,3,,,4.40,3.99,73,.28,27.50,,,,
2016,CA,CAN,Canada,9,7,8,9,10,7,7,,,,,,,,,,4,3,3,4,3,5,95,90,,95,80,90,100,65,90,90,80,15,75,50,,,,,,85,9,8,,,5.27,4.30,99,.96,88.47,,,,
2016,CH,CHE,Switzerland,7,6,8,7,3,3,7,,,,,,,,,,2,2,2,1,2,6,65,5,,80,15,5,15,15,15,65,95,60,80,55,,,,,,80,7,6,,,6.10,4.54,96,.6,87.97,,,,
2016,CL,CHL,Chile,7,8,6,5,3,3,5,,,,,,,,,,1,2,0,0,1,1,65,15,,65,80,5,15,85,80,80,45,65,15,65,,,,,,60,4,3,,,5.13,3.92,95,.78,64.29,,,,
2016,CN,CHN,China,3,4,2,8,7,4,4,,,,,,,,,,1,0,1,0,0,2,5,5,,65,15,5,5,15,15,15,15,15,15,15,,,,,,15,1,1,,,4.60,4.69,16,.77,50.30,,,,
2016,CI,CIV,CÃ´te dâIvoire,4,4,4,1,0,2,2,,,,,,,,,,0,0,0,0,0,0,5,5,,15,15,5,5,15,15,15,15,15,15,5,,,,,,15,1,0,,,4.46,4.61,51,.19,21.00,,,,
2016,CM,CMR,Cameroon,0,1,1,2,0,2,3,,,,,,,,,,1,1,0,0,0,0,5,5,,15,15,5,5,15,0,15,15,15,15,5,,,,,,15,1,0,,,4.04,3.57,24,.22,20.68,,,,
2016,CD,COD,DR Congo,1,2,1,0,0,1,2,,,,,,,,,,0,0,0,0,0,0,90,5,,15,15,5,5,5,5,5,5,15,5,5,,,,,,15,0,0,,,3.72,NA,25,.09,3.80,,,,
2016,CO,COL,Colombia,8,7,8,7,4,4,5,,,,,,,,,,4,4,1,1,1,2,60,5,,65,65,5,15,15,5,65,60,65,60,15,,,,,,65,8,7,,,4.34,4.33,63,.79,55.90,,,,
2016,CR,CRI,Costa Rica,3,3,7,4,3,3,2,,,,,,,,,,0,1,0,0,0,1,5,5,,50,60,5,5,15,5,80,5,65,15,55,,,,,,15,1,2,,,4.94,3.65,90,.64,59.76,,,,
2016,CZ,CZE,Czech Republic,6,6,7,6,6,2,5,,,,,,,,,,2,3,2,0,1,3,75,50,,65,75,5,5,15,70,65,15,15,60,15,,,,,,60,5,6,,,5.07,3.34,95,.48,81.30,,,,
2016,DE,DEU,Germany,7,7,9,8,7,5,7,,,,,,,,,,3,3,4,1,3,8,95,5,,80,95,5,15,80,95,80,75,80,95,80,,,,,,15,5,5,,,5.67,4.71,95,.84,87.59,,,,
2016,DK,DNK,Denmark,6,5,8,5,7,7,6,,,,,,,,,,5,2,3,1,4,7,95,60,,95,80,5,15,15,80,80,90,95,95,95,,,,,,5,6,4,,,5.73,4.51,98,.78,96.33,,,,
2016,DO,DOM,Dominican Republic,6,3,4,4,0,3,2,,,,,,,,,,1,2,0,0,2,2,15,5,,65,15,5,15,15,15,65,65,15,65,60,,,,,,15,1,6,,,4.61,3.45,70,.51,51.93,,,,
2016,EC,ECU,Ecuador,5,5,2,2,1,2,2,,,,,,,,,,0,0,0,0,0,0,50,5,,15,15,5,65,15,5,15,15,60,80,15,,,,,,15,4,2,,,4.21,3.93,59,.63,48.94,,,,
2016,EG,EGY,Egypt,1,1,1,5,0,2,4,,,,,,,,,,0,0,1,0,0,1,15,5,,15,15,5,5,15,15,15,5,15,5,60,,,,,,15,0,0,,,3.84,3.24,27,.47,35.90,,,,
2016,ES,ESP,Spain,8,5,9,8,9,5,7,,,,,,,,,,2,4,1,2,8,10,80,45,,70,15,5,15,100,15,60,55,75,65,60,,,,,,80,6,7,,,4.74,3.72,95,.91,78.69,,,,
2016,EE,EST,Estonia,5,8,9,5,2,3,4,,,,,,,,,,0,0,0,0,1,3,25,15,,80,80,5,5,65,75,55,60,60,60,70,,,,,,5,3,5,,,5.39,5.01,94,.89,88.41,,,,
2016,ET,ETH,Ethiopia,4,5,2,2,0,1,2,,,,,,,,,,0,0,0,0,0,0,5,5,,70,15,5,5,5,5,15,15,15,5,5,,,,,,15,2,1,,,3.50,3.65,15,.53,11.60,,,,
2016,FI,FIN,Finland,8,8,9,7,7,8,6,,,,,,,,,,1,3,1,0,3,6,15,45,,95,15,5,5,85,85,65,95,75,95,75,,,,,,15,5,7,,,5.86,4.77,100,.9399999999999999,92.65,,,,
2016,FR,FRA,France,9,7,9,9,9,8,8,,,,,,,,,,6,4,1,3,4,8,70,5,,100,15,5,65,80,95,75,75,95,75,75,,,,,,70,8,8,,,5.15,4.40,91,.9399999999999999,84.69,,,,
2016,GB,GBR,United Kingdom,9,7,6,8,8,8,9,,,,,,,,,,5,4,4,1,6,9,100,70,,90,90,95,85,100,100,95,95,95,95,80,,,,,,80,9,8,,,5.79,4.88,95,1,92.00,,,,
2016,GE,GEO,Georgia,4,6,7,6,0,1,3,,,,,,,,,,0,3,0,0,0,0,15,5,,80,95,5,15,15,15,65,80,95,70,75,,,,,,15,1,1,,,4.02,3.70,64,.64,45.16,,,,
2016,GH,GHA,Ghana,4,3,8,3,1,1,3,,,,,,,,,,1,2,0,1,2,2,5,5,,75,15,5,5,15,5,15,15,15,5,15,,,,,,15,1,2,,,4.21,3.64,83,.45,23.48,,,,
2016,GR,GRC,Greece,6,5,8,7,8,4,5,,,,,,,,,,1,3,0,0,0,3,15,5,,70,65,90,5,15,15,80,45,60,65,15,,,,,,15,7,3,,,4.43,2.93,83,.58,66.84,,,,
2016,GT,GTM,Guatemala,2,5,3,4,0,1,3,,,,,,,,,,0,3,0,0,0,0,15,5,,60,15,5,5,15,5,45,50,65,45,40,,,,,,15,1,1,,,4.95,3.28,54,.67,27.10,,,,
2016,HR,HRV,Croatia,5,7,8,3,2,2,3,,,,,,,,,,0,1,0,0,0,2,50,5,,65,60,5,15,5,5,65,75,5,15,5,,,,,,5,4,3,,,4.33,3.45,87,.75,69.80,,,,
2016,HT,HTI,Haiti,1,1,1,0,0,1,3,,,,,,,,,,0,0,0,0,0,0,15,0,,15,60,5,5,5,0,15,5,15,0,0,,,,,,15,0,0,,,3.54,2.31,41,.17,12.20,,,,
2016,HU,HUN,Hungary,3,5,5,2,1,3,4,,,,,,,,,,0,3,0,1,0,1,50,15,,60,15,5,5,15,15,50,75,45,65,60,,,,,,5,2,1,,,3.38,3.48,79,.63,72.83,,,,
2016,ID,IDN,Indonesia,6,6,4,6,4,4,4,,,,,,,,,,3,2,1,0,0,2,45,5,,65,15,5,15,15,80,65,15,60,65,65,,,,,,15,2,3,,,5.00,4.39,65,.36,21.98,,,,
2016,IN,IND,India,7,5,2,6,5,1,4,,,,,,,,,,2,0,2,0,1,8,30,5,,60,65,5,15,15,15,45,50,80,50,45,,,,,,5,6,6,,,4.36,3.99,77,.75,26.00,,,,
2016,IE,IRL,Ireland,8,7,9,8,5,5,7,,,,,,,,,,0,1,1,0,2,1,80,15,,70,60,5,5,15,70,80,75,80,65,15,,,,,,15,6,7,,,5.39,4.78,96,.72,80.12,,,,
2016,IS,ISL,Iceland,6,7,9,3,2,1,5,,,,,,,,,,1,0,0,0,1,5,95,5,,80,80,5,5,15,65,65,80,40,40,40,,,,,,15,2,3,,,6.01,4.60,100,.62,98.20,,,,
2016,IL,ISR,Israel,5,5,7,6,3,3,5,,,,,,,,,,0,4,1,0,3,6,15,5,,80,75,5,5,15,75,80,15,15,65,80,,,,,,15,5,4,,,5.66,4.70,80,.86,78.89,,,,
2016,IT,ITA,Italy,6,4,9,8,7,4,7,,,,,,,,,,3,3,0,0,1,6,15,5,,100,80,5,5,65,90,80,70,75,5,65,,,,,,5,6,6,,,4.56,3.30,89,.87,65.57,,,,
2016,JM,JAM,Jamaica,6,5,2,6,0,3,6,,,,,,,,,,2,0,0,2,3,3,15,15,,15,70,5,15,15,15,90,95,90,5,15,,,,,,60,3,2,,,4.75,3.93,75,.36,43.18,,,,
2016,JO,JOR,Jordan,2,3,1,1,1,0,3,,,,,,,,,,0,0,0,0,1,1,5,5,,50,15,5,15,15,15,15,15,15,15,15,,,,,,15,2,0,,,5.05,4.51,36,.46,53.40,,,,
2016,JP,JPN,Japan,8,5,8,8,7,6,6,,,,,,,,,,5,4,5,2,3,7,95,15,,100,65,5,70,15,80,80,55,75,75,55,,,,,,5,6,5,,,5.55,4.94,96,.88,93.33,,,,
2016,KZ,KAZ,Kazakhstan,6,3,4,1,1,2,3,,,,,,,,,,0,0,1,0,0,1,5,5,,65,15,5,70,15,0,45,70,15,80,75,,,,,,15,1,3,,,4.45,4.38,24,.77,72.87,,,,
2016,KE,KEN,Kenya,8,5,2,8,3,5,6,,,,,,,,,,4,3,0,3,2,4,15,5,,15,65,5,5,15,15,15,60,45,15,60,,,,,,15,2,3,,,5.11,4.83,51,.5600000000000001,45.62,,,,
2016,KG,KGZ,Kyrgyzstan,2,6,3,3,0,2,3,,,,,,,,,,0,1,1,0,1,0,5,5,,80,15,5,15,15,5,15,15,15,15,15,,,,,,15,1,1,,,3.41,3.10,38,.43,30.25,,,,
2016,KR,KOR,Korea,9,7,8,9,8,8,7,,,,,,,,,,5,5,5,2,5,7,70,75,,75,80,5,5,60,60,60,45,60,45,40,,,,,,75,8,8,,,5.32,4.88,83,.9399999999999999,89.90,,,,
2016,LB,LBN,Lebanon,1,0,0,3,0,0,3,,,,,,,,,,0,0,0,0,0,0,5,5,,60,15,5,5,15,0,15,15,15,15,5,,,,,,0,0,0,,,4.47,2.72,43,.51,74.00,,,,
2016,LC,LCA,Saint Lucia,5,1,5,2,0,2,2,,,,,,,,,,0,0,0,0,0,0,40,5,,15,15,5,15,5,0,40,5,40,15,0,,,,,,5,3,1,,,NA,NA,92,.28,52.35,,,,
2016,LV,LVA,Latvia,1,5,6,2,2,1,2,,,,,,,,,,0,0,0,0,0,0,25,15,,65,15,5,90,15,5,65,60,65,60,60,,,,,,15,0,0,,,4.38,3.63,86,.61,79.20,,,,
2016,MA,MAR,Morocco,4,4,6,3,1,1,3,,,,,,,,,,0,1,0,0,1,0,15,5,,65,15,5,15,15,15,15,15,15,5,15,,,,,,15,1,1,,,4.56,4.28,41,.74,57.08,,,,
2016,MD,MDA,Moldova,7,6,7,7,3,4,3,,,,,,,,,,2,1,0,0,1,0,30,15,,80,65,5,80,15,15,80,75,55,95,80,,,,,,75,6,5,,,3.98,3.60,60,.59,49.84,,,,
2016,MX,MEX,Mexico,8,8,8,7,8,8,7,,,,,,,,,,6,5,3,2,3,7,80,5,,80,95,5,65,15,55,15,80,65,60,60,,,,,,80,8,8,,,4.59,3.90,65,.85,57.43,,,,
2016,MK,MKD,Macedonia,6,7,8,5,1,2,6,,,,,,,,,,1,0,2,0,0,1,5,55,,15,65,5,5,15,5,65,60,75,70,5,,,,,,5,5,2,,,4.51,4.82,57,.61,70.38,,,,
2016,ML,MLI,Mali,0,1,5,1,0,1,2,,,,,,,,,,0,0,0,0,0,0,5,0,,15,15,5,0,15,0,15,15,15,5,5,,,,,,15,0,1,,,3.90,3.69,45,.09,10.34,,,,
2016,MM,MMR,Myanmar,0,1,1,2,0,0,1,,,,,,,,,,0,1,0,0,0,0,5,5,,45,5,5,5,15,0,15,15,5,15,5,,,,,,5,0,0,,,2.94,2.92,28,.16,21.80,,,,
2016,ME,MNE,Montenegro,1,6,4,2,0,1,2,,,,,,,,,,0,1,0,0,0,0,0,5,,40,15,5,5,15,0,55,5,75,15,0,,,,,,15,1,0,,,4.23,4.26,70,.68,64.56,,,,
2016,MZ,MOZ,Mozambique,1,3,3,0,0,1,3,,,,,,,,,,0,0,0,0,0,0,5,0,,15,15,5,5,5,5,15,15,15,5,5,,,,,,15,0,0,,,3.86,3.57,56,.2,9.00,,,,
2016,MU,MUS,Mauritius,2,1,7,1,0,3,3,,,,,,,,,,0,0,0,0,1,1,5,5,,65,15,5,15,15,15,80,65,80,50,65,,,,,,15,1,2,,,4.75,4.44,90,.7,50.14,,,,
2016,MW,MWI,Malawi,1,1,2,0,0,0,1,,,,,,,,,,0,2,0,1,0,0,15,5,,75,15,5,5,5,0,75,45,15,5,5,,,,,,5,0,1,,,3.42,3.16,64,.22,9.30,,,,
2016,MY,MYS,Malaysia,6,1,5,4,1,5,3,,,,,,,,,,2,0,1,1,0,1,15,5,,80,15,5,15,15,5,65,5,75,5,5,,,,,,15,3,3,,,5.46,5.58,45,.72,71.06,,,,
2016,NA,NAM,Namibia,2,0,2,3,0,3,4,,,,,,,,,,0,0,0,0,0,0,5,5,,15,15,5,5,15,0,15,0,15,15,5,,,,,,15,1,1,,,4.54,3.91,77,.28,22.31,,,,
2016,NG,NGA,Nigeria,2,4,3,4,2,1,5,,,,,,,,,,0,2,0,3,2,4,15,5,,15,15,5,5,15,5,15,15,15,15,5,,,,,,15,2,1,,,4.34,3.37,48,.41,47.44,,,,
2016,NL,NLD,Netherlands,7,7,9,9,7,9,8,,,,,,,,,,4,3,5,0,3,6,100,15,,65,95,5,50,85,5,95,80,80,80,75,,,,,,15,6,8,,,5.82,4.60,99,.93,93.10,,,,
2016,NO,NOR,Norway,7,7,9,4,3,3,5,,,,,,,,,,4,6,2,0,4,7,95,15,,95,95,5,95,15,95,95,80,80,80,80,,,,,,65,6,6,,,5.97,4.94,100,.8,96.81,,,,
2016,NP,NPL,Nepal,3,6,3,2,1,2,3,,,,,,,,,,1,0,0,1,1,2,5,5,,15,15,5,80,15,0,15,5,5,15,5,,,,,,5,1,0,,,3.59,3.02,51,.4,17.58,,,,
2016,NZ,NZL,New Zealand,8,8,8,8,8,6,6,,,,,,,,,,6,3,7,2,3,8,80,80,,15,80,5,5,95,15,80,80,80,75,60,,,,,,15,7,7,,,5.59,5.22,98,.9399999999999999,88.22,,,,
2016,PK,PAK,Pakistan,1,3,0,2,0,2,3,,,,,,,,,,0,0,0,0,0,0,5,5,,15,15,5,5,15,15,15,0,5,15,0,,,,,,15,0,0,,,3.92,3.47,41,.33,18.00,,,,
2016,PA,PAN,Panama,5,6,4,3,0,0,4,,,,,,,,,,0,0,0,0,0,0,5,5,,15,65,5,5,15,5,65,15,15,15,15,,,,,,15,3,3,,,5.33,4.54,83,.33,51.21,,,,
2016,PE,PER,Peru,4,5,7,5,4,3,3,,,,,,,,,,1,2,0,0,1,0,5,5,,60,65,5,5,15,5,75,55,65,45,65,,,,,,5,5,3,,,4.20,3.15,71,.63,40.90,,,,
2016,PH,PHL,Philippines,6,2,8,7,2,4,5,,,,,,,,,,4,4,3,3,2,5,65,5,,15,65,5,15,15,60,15,45,60,60,15,,,,,,95,7,5,,,4.70,3.98,65,.67,40.70,,,,
2016,PL,POL,Poland,6,6,9,5,5,2,4,,,,,,,,,,0,1,2,0,2,2,65,5,,15,15,5,5,15,15,65,60,15,15,15,,,,,,5,6,5,,,4.68,3.27,93,.7,68.00,,,,
2016,PT,PRT,Portugal,5,5,8,5,3,4,4,,,,,,,,,,2,1,1,0,0,1,65,5,,80,15,5,5,15,75,65,75,80,65,60,,,,,,65,1,2,,,5.30,4.71,97,.75,68.63,,,,
2016,PY,PRY,Paraguay,5,4,2,5,0,3,4,,,,,,,,,,1,3,0,0,0,1,60,15,,45,95,5,5,15,5,65,15,5,15,5,,,,,,80,3,2,,,3.90,2.90,64,.6,44.38,,,,
2016,PS,PSE,Palestine,0,1,1,1,0,1,3,,,,,,,,,,0,0,0,0,0,1,5,5,,15,15,5,15,15,0,15,15,15,15,15,,,,,,15,0,0,,,NA,NA,NA,,57.42,,,,
2016,QA,QAT,Qatar,2,0,2,1,0,1,3,,,,,,,,,,0,0,0,0,0,1,15,5,,65,5,5,5,15,15,15,15,65,40,45,,,,,,15,5,1,,,5.68,5.88,27,.67,92.88,,,,
2016,RU,RUS,Russia,6,5,5,4,6,7,5,,,,,,,,,,0,2,0,0,2,6,5,5,,65,5,5,75,15,60,60,75,60,95,90,,,,,,80,6,6,,,4.33,3.82,22,.73,73.41,,,,
2016,RW,RWA,Rwanda,2,3,3,1,0,1,1,,,,,,,,,,1,0,0,0,0,0,65,5,,65,60,5,5,15,0,85,15,15,15,5,,,,,,5,3,1,,,4.74,5.77,24,.46,18.00,,,,
2016,SA,SAU,Saudi Arabia,5,0,2,1,1,0,3,,,,,,,,,,0,0,0,1,1,1,60,5,,60,5,5,15,15,15,65,5,5,5,0,,,,,,15,3,3,,,4.89,5.28,10,.67,69.62,,,,
2016,SN,SEN,Senegal,1,1,5,1,0,1,1,,,,,,,,,,0,0,0,0,0,0,40,5,,15,15,5,15,15,5,15,15,15,15,5,,,,,,15,0,2,,,4.88,4.10,78,.38,21.69,,,,
2016,SG,SGP,Singapore,8,0,5,6,,9,6,,,,,,,,,,3,1,0,2,2,4,65,15,,65,65,5,15,15,65,65,65,65,80,75,,,,,,15,4,5,,,5.67,5.93,51,.97,82.10,,,,
2016,SL,SLE,Sierra Leone,2,6,3,3,0,2,2,,,,,,,,,,0,2,0,0,0,0,5,5,,15,15,5,5,15,0,15,15,15,15,5,,,,,,5,3,0,,,3.72,3.90,65,.12,2.50,,,,
2016,SV,SLV,El Salvador,1,6,2,5,0,1,2,,,,,,,,,,0,1,0,0,0,0,45,5,,50,15,5,5,15,5,60,5,45,5,5,,,,,,65,0,0,,,4.04,3.42,69,.49,26.92,,,,
2016,RS,SRB,Serbia,3,8,5,4,0,5,3,,,,,,,,,,0,0,0,0,0,0,15,15,,45,15,5,15,15,15,55,15,45,5,65,,,,,,5,3,1,,,3.84,3.23,78,.82,65.32,,,,
2016,SK,SVK,Slovakia,7,6,8,7,1,4,2,,,,,,,,,,4,3,0,0,1,3,75,15,,80,65,5,70,15,15,75,5,15,80,15,,,,,,15,6,5,,,4.92,3.52,89,.44,85.02,,,,
2016,SE,SWE,Sweden,8,8,9,8,8,6,5,,,,,,,,,,0,3,2,2,1,6,100,65,,80,95,5,15,15,80,95,80,80,80,95,,,,,,5,5,5,,,6.04,4.81,100,.88,90.61,,,,
2016,SZ,SWZ,Swaziland,0,1,2,0,0,1,1,,,,,,,,,,0,0,0,0,0,0,5,5,,5,5,5,5,5,0,5,15,5,15,5,,,,,,5,0,0,,,3.93,3.20,55,.28,30.38,,,,
2016,TG,TGO,Togo,4,4,1,2,0,1,2,,,,,,,,,,0,0,0,0,0,0,5,15,,75,80,5,15,15,0,5,60,80,5,5,,,,,,15,1,1,,,NA,NA,48,.32,7.12,,,,
2016,TH,THA,Thailand,5,4,2,3,1,6,3,,,,,,,,,,1,0,1,0,0,2,15,5,,65,15,55,75,15,15,15,60,60,15,60,,,,,,5,2,4,,,4.92,3.89,32,.55,39.32,,,,
2016,TJ,TJK,Tajikistan,1,2,2,2,1,2,3,,,,,,,,,,0,0,1,0,0,0,5,5,,45,15,5,5,15,0,60,75,5,0,15,,,,,,15,0,1,,,4.06,3.93,16,.12,18.98,,,,
2016,TT,TTO,Trinidad and Tobago,2,5,3,2,1,3,5,,,,,,,,,,1,1,0,0,1,1,5,30,,45,15,5,15,15,15,15,15,5,15,15,,,,,,15,2,1,,,4.22,3.74,81,.53,69.20,,,,
2016,TN,TUN,Tunisia,4,6,6,7,3,2,4,,,,,,,,,,3,1,1,0,0,2,5,5,,80,80,5,15,15,15,60,5,15,80,45,,,,,,15,2,0,,,4.11,3.59,79,.72,48.52,,,,
2016,TR,TUR,Turkey,1,4,6,5,0,0,5,,,,,,,,,,1,1,1,0,1,0,65,60,,80,80,5,15,15,15,80,60,60,55,60,,,,,,15,2,0,,,4.80,3.88,53,.6,53.74,,,,
2016,TZ,TZA,Tanzania,7,2,2,5,1,4,5,,,,,,,,,,1,2,0,0,1,0,5,5,,80,15,5,5,15,15,15,40,60,15,15,,,,,,15,5,2,,,4.20,3.59,60,.57,5.36,,,,
2016,UG,UGA,Uganda,2,5,2,4,0,0,4,,,,,,,,,,0,1,0,0,0,0,5,5,,15,15,0,15,15,15,80,15,15,15,5,,,,,,5,0,1,,,4.14,4.15,36,.5,19.22,,,,
2016,UA,UKR,Ukraine,7,5,7,6,6,4,4,,,,,,,,,,0,2,1,0,1,2,5,5,,15,80,65,75,15,5,15,5,75,80,15,,,,,,65,5,4,,,4.43,3.11,61,.59,49.26,,,,
2016,UY,URY,Uruguay,8,7,9,8,4,8,5,,,,,,,,,,3,4,0,1,1,2,65,80,,80,95,95,5,15,95,75,50,65,15,5,,,,,,80,6,5,,,4.62,4.09,98,.78,64.60,,,,
2016,US,USA,United States of America,8,5,6,9,9,10,9,,,,,,,,,,3,3,4,2,4,8,95,15,,75,15,85,5,85,70,95,90,70,80,65,,,,,,80,8,8,,,5.97,4.67,90,.93,74.55,,,,
2016,VE,VEN,Venezuela,0,2,2,3,0,0,3,,,,,,,,,,0,1,0,0,0,0,65,5,,60,15,5,5,5,5,65,15,45,5,15,,,,,,5,0,1,,,3.85,2.37,35,.43,61.87,,,,
2016,VN,VNM,Vietnam,1,2,2,3,0,2,2,,,,,,,,,,1,1,0,1,0,0,5,5,,65,80,5,15,15,15,65,15,5,5,5,,,,,,0,1,1,,,4.38,4.30,20,.57,52.72,,,,
2016,XK,XKX,Kosovo,6,7,6,5,4,1,5,,,,,,,,,,0,2,0,0,0,0,65,5,,60,15,5,5,15,15,80,15,15,15,15,,,,,,15,1,1,,,NA,NA,52,,NA,,,,
2016,YE,YEM,Yemen,0,3,1,0,0,0,1,,,,,,,,,,0,0,0,0,0,0,5,5,,15,5,5,15,15,0,15,15,40,5,5,,,,,,5,0,0,,,3.27,2.32,17,.14,25.10,,,,
2016,ZA,ZAF,South Africa,4,6,7,6,5,4,5,,,,,,,,,,0,2,0,2,0,5,5,5,,80,80,5,15,15,15,60,15,15,55,5,,,,,,15,1,2,,,5.43,3.22,79,.5600000000000001,51.92,,,,
2016,ZM,ZMB,Zambia,0,0,4,0,0,0,1,,,,,,,,,,0,0,0,0,0,0,5,5,,15,15,5,5,15,0,15,15,15,15,5,,,,,,5,0,0,,,4.17,4.11,60,.37,21.00,,,,
2016,ZW,ZWE,Zimbabwe,0,2,4,0,0,0,2,,,,,,,,,,0,0,0,0,0,0,5,5,,15,15,5,5,15,0,15,15,15,15,0,,,,,,0,1,0,,,3.90,2.84,32,.26,16.36,,,,
2017,AR,ARG,Argentina,8,6,7,6,8,7,6,,,,,,,,,,1,3,1,0,2,5,65,5,,65,80,70,5,65,85,65,40,60,75,40,60,,,,,60,7,7,,,,,,.7099999785423279,,82,70.970001,4.1300001,2.5799999
2017,AU,AUS,Australia,8,6,7,8,8,8,7,,,,,,,,,,5,5,6,6,7,8,75,80,,100,95,5,90,65,100,90,95,80,95,95,95,,,,,95,9,8,,,,,,.9800000190734863,,98,88.239998,5.29,4.3299999
2017,BR,BRA,Brazil,7,8,3,5,6,3,7,,,,,,,,,,6,6,1,2,1,2,65,5,,80,85,65,5,75,0,80,95,70,0,55,80,,,,,80,9,8,,,,,,.7300000190734863,,79,60.869999,4.5500002,3.1300001
2017,CA,CAN,Canada,10,7,8,10,10,8,8,,,,,,,,,,6,6,6,5,4,6,90,95,,95,75,75,100,80,95,90,80,85,90,60,95,,,,,100,9,9,,,,,,.9599999785423279,,99,89.839996,5.29,4.3000002
2017,CL,CHL,Chile,6,8,6,4,3,3,5,,,,,,,,,,2,3,0,0,1,1,40,5,,75,80,5,25,85,80,80,45,80,50,45,65,,,,,65,4,3,,,,,,.7799999713897705,,94,66.010002,5.0500002,3.9200001
2017,CN,CHN,China,3,4,2,6,7,4,4,,,,,,,,,,1,0,3,0,0,2,5,5,,80,50,5,10,50,50,50,50,50,50,50,0,,,,,65,2,2,,,,,,.7699999809265137,,15,53.200001,4.5599999,4.6900001
2017,CO,COL,Colombia,9,7,8,7,5,6,6,,,,,,,,,,4,5,2,2,1,3,75,75,,80,80,5,60,50,30,65,75,80,60,40,65,,,,,65,9,8,,,,,,.7900000214576721,,64,58.139999,4.2800002,4.3299999
2017,CR,CRI,Costa Rica,4,3,7,4,3,5,3,,,,,,,,,,0,1,0,0,0,1,45,5,,65,65,5,5,50,5,65,60,60,45,75,65,,,,,30,4,2,,,,,,.6399999856948853,,91,66.029999,4.96,3.6500001
2017,DE,DEU,Germany,8,6,8,9,8,7,8,,,,,,,,,,3,2,3,0,1,7,100,65,,80,95,45,50,70,80,80,75,60,80,90,65,,,,,45,7,5,,,,,,.8399999737739563,,95,89.650002,5.6500001,4.71
2017,FR,FRA,France,9,7,9,9,9,9,8,,,,,,,,,,6,5,4,4,5,9,70,5,,100,80,5,95,80,95,75,95,95,95,75,95,,,,,90,9,9,,,,,,.9399999976158142,,90,85.620003,5.1399999,4.4000001
2017,GB,GBR,United Kingdom,10,7,6,7,8,8,10,,,,,,,,,,6,5,5,1,7,10,85,70,,90,90,90,85,100,100,90,95,95,90,75,90,,,,,95,8,9,,,,,,1,,95,94.779999,5.6199999,4.8800001
2017,GT,GTM,Guatemala,4,5,3,5,0,1,3,,,,,,,,,,0,3,0,0,0,0,30,5,,65,50,5,5,50,30,65,65,5,45,40,45,,,,,50,4,1,,,,,,.6700000166893005,,54,34.509998,4.9499998,3.28
2017,ID,IDN,Indonesia,7,7,5,6,5,4,4,,,,,,,,,,3,3,2,0,0,2,40,5,,65,45,5,30,50,60,65,50,50,60,65,45,,,,,45,3,3,,,,,,.3600000143051147,,65,25.370001,4.98,4.3899999
2017,IN,IND,India,7,6,3,8,7,8,6,,,,,,,,,,3,3,3,1,1,8,25,5,,60,80,5,60,50,65,75,60,30,55,55,65,,,,,45,7,8,,,,,,.75,,77,29.549999,4.3499999,3.99
2017,IT,ITA,Italy,6,5,9,7,5,2,3,,,,,,,,,,2,4,2,0,2,6,50,50,,100,80,5,65,70,95,45,40,70,40,80,65,,,,,65,7,7,,,,,,.8700000047683716,,89,61.32,4.5300002,3.3
2017,JP,JPN,Japan,9,6,9,9,7,7,6,,,,,,,,,,6,5,7,3,5,9,95,35,,100,80,5,95,95,70,80,60,75,75,60,95,,,,,5,7,7,,,,,,.8799999952316284,,96,93.18,5.52,4.9400001
2017,KR,KOR,South Korea,9,7,8,8,8,10,8,,,,,,,,,,7,6,5,5,7,10,80,80,,85,90,5,5,50,80,80,55,70,75,75,80,,,,,90,9,8,,,,,,.9399999976158142,,82,92.839996,5.3000002,4.8800001
2017,MX,MEX,Mexico,9,9,9,8,9,9,8,,,,,,,,,,7,8,5,4,5,8,60,5,,80,95,75,85,50,55,90,75,60,60,55,65,,,,,100,9,9,,,,,,.8500000238418579,,65,59.540001,4.5999999,3.9000001
2017,NZ,NZL,New Zealand,9,8,8,7,8,7,6,,,,,,,,,,6,3,8,3,3,8,95,80,,90,95,5,50,95,65,80,75,80,75,55,80,,,,,55,8,7,,,,,,.9399999976158142,,98,88.470001,5.4699998,5.2199998
2017,PA,PAN,Panama,6,6,5,3,1,1,4,,,,,,,,,,0,0,0,0,0,0,5,5,,50,80,5,5,50,5,80,80,60,45,80,40,,,,,45,6,5,,,,,,.3300000131130219,,83,54,5.0599999,4.54
2017,PH,PHL,Philippines,6,3,8,7,1,3,5,,,,,,,,,,3,4,3,3,2,3,45,5,,80,65,5,25,50,30,50,45,40,40,25,60,,,,,65,7,6,,,,,,.6700000166893005,,63,55.5,4.6700001,3.98
2017,PY,PRY,Paraguay,6,4,2,5,0,3,4,,,,,,,,,,1,3,1,3,0,1,60,50,,45,95,5,40,50,5,80,25,5,40,5,80,,,,,85,3,5,,,,,,.6000000238418579,,64,51.349998,3.96,2.9000001
2017,RU,RUS,Russia,7,6,6,4,8,8,6,,,,,,,,,,3,7,0,0,2,7,30,30,,65,100,5,5,50,60,95,60,60,80,80,65,,,,,100,7,7,,,,,,.7300000190734863,,20,73.089996,4.3699999,3.8199999
2017,SA,SAU,Saudi Arabia,7,0,2,2,2,3,3,,,,,,,,,,0,0,0,1,1,0,45,25,,65,5,5,25,50,35,65,75,5,5,30,,,,,,50,4,2,,,,,,.6700000166893005,,10,73.75,5.0999999,5.2800002
2017,SL,SLE,Sierra Leone,6,6,3,4,0,4,3,,,,,,,,,,0,2,2,2,0,0,5,5,,45,50,5,5,45,5,25,30,30,40,5,50,,,,,5,3,1,,,,,,.119999997317791,,66,11.77,3.55,3.9000001
2017,TR,TUR,Turkey,1,3,6,3,1,1,4,,,,,,,,,,0,1,2,0,1,0,30,65,,80,65,5,35,50,50,65,60,60,60,60,65,,,,,50,1,1,,,,,,.6000000238418579,,38,58.349998,4.8000002,3.8800001
2017,UA,UKR,Ukraine,8,7,7,7,7,6,4,,,,,,,,,,2,5,1,0,3,6,30,5,,50,45,80,60,80,50,60,40,60,60,25,45,,,,,85,8,4,,,,,,.5899999737739563,,61,52.48,4.27,3.1099999
2017,UY,URY,Uruguay,9,8,9,8,5,7,6,,,,,,,,,,4,6,1,2,1,3,65,80,,80,95,95,5,50,95,75,65,65,30,70,80,,,,,95,7,6,,,,,,.7799999713897705,,98,66.400002,4.4200001,4.0900002
2017,US,USA,United States of America,7,5,6,9,9,9,9,,,,,,,,,,2,2,3,3,4,8,95,25,,95,60,85,5,100,95,95,90,75,90,75,80,,,,,75,7,9,,,,,,.9300000071525574,,89,76.18,6.0100002,4.6700001
2017,ZA,ZAF,South Africa,4,7,7,7,6,5,4,,,,,,,,,,0,3,2,3,0,5,5,5,,80,80,5,15,50,30,60,25,25,60,5,65,,,,,45,1,2,,,,,,.5600000023841858,,78,54,5.0100002,3.22
