country,year,gwno,ccode,ifscode,ifs,lngdp_wdi_pw,internet_br_wdi,v2x_cspart_vdem,v2xdd_dd_vdem,v2x_pubcorr_vdem,v2x_execorr_vdem,v2x_civlib_vdem,ge_est_wgi
United States of America,2013,2,2,111,USA,30.391212,30.004932,.97305059,0,.0169053,.02825903,.90164441,1.5135006
United States of America,2014,2,2,111,USA,30.41464,30.320877,.97305059,0,.0169053,.02825903,.90164441,1.4574155
United States of America,2015,2,2,111,USA,30.440269,31.023201,.97305059,0,.0169053,.02825903,.9050281,1.4619954
United States of America,2016,2,2,111,USA,,,.97602004,0,.026885221,.025807209,.91445369,
United States of America,2017,2,2,111,USA,,,,,,,,
Canada,2013,20,20,156,CAN,28.182051,34.377132,.91522551,.0099999998,.021487771,.032320108,.93719923,1.7835534
Canada,2014,20,20,156,CAN,28.20738,35.37817,.91794491,.0099999998,.021487771,.032320108,.93895841,1.7596112
Canada,2015,20,20,156,CAN,28.216753,36.324322,.93978137,.0099999998,.021487771,.032320108,.94492435,1.7651273
Canada,2016,20,20,156,CAN,,,.94407749,.0099999998,.021487771,.032320108,.93004978,
Canada,2017,20,20,156,CAN,,,,,,,,
Bahamas,2013,31,31,313,BHS,22.827953,,,,,,,.873613
Bahamas,2014,31,31,313,BHS,22.822695,20.170897,,,,,,.72044748
Bahamas,2015,31,31,313,BHS,22.80592,20.905228,,,,,,.70510399
Bahamas,2016,31,31,313,BHS,,,,,,,,
Bahamas,2017,31,31,313,BHS,,,,,,,,
Cuba,2013,40,40,928,CUB,24.971708,.047578339,.21097168,.029999999,.75551289,.51917785,.41827151,-.47288126
Cuba,2014,40,40,928,CUB,24.98213,.069218211,.21818776,.029999999,.75551289,.51917785,.46026284,-.058031999
Cuba,2015,40,40,928,CUB,25.025557,.072514512,.21038517,.029999999,.7942434,.51917785,.45000714,.013740357
Cuba,2016,40,40,928,CUB,,,.25013268,.029999999,.75820667,.38962606,.4456777,
Cuba,2017,40,40,928,CUB,,,,,,,,
Haiti,2013,41,41,263,HTI,22.737421,,.52825278,0,.59902465,.60008401,.79273319,-1.5638556
Haiti,2014,41,41,263,HTI,22.765007,0,.52825278,0,.59902465,.60008401,.79273319,-2.0307193
Haiti,2015,41,41,263,HTI,22.776791,.0127125,.52825278,0,.59902465,.60008401,.79273319,-2.0021462
Haiti,2016,41,41,263,HTI,,,.52825278,0,.59902465,.60008401,.81745744,
Haiti,2017,41,41,263,HTI,,,,,,,,
Dominican Republic,2013,42,42,243,DOM,24.815844,5.0626402,.89686763,.029999999,.85148793,.68552655,.89451784,-.46134356
Dominican Republic,2014,42,42,243,DOM,24.889177,5.6985335,.89686763,.029999999,.85148793,.68552655,.89530778,-.4318448
Dominican Republic,2015,42,42,243,DOM,24.957218,6.4410281,.75302655,.029999999,.77549422,.6889233,.84923714,-.34423929
Dominican Republic,2016,42,42,243,DOM,,,.75302655,.029999999,.77549422,.6889233,.84923714,
Dominican Republic,2017,42,42,243,DOM,,,,,,,,
Jamaica,2013,51,51,343,JAM,23.318821,5.0582495,.86478668,.02,.18077257,.23329552,.8469032,.038339254
Jamaica,2014,51,51,343,JAM,23.325743,5.4148922,.86478668,.02,.18077257,.23329552,.8469032,.13720793
Jamaica,2015,51,51,343,JAM,23.335659,8.1360664,.86478668,.02,.18077257,.23329552,.8469032,.2461531
Jamaica,2016,51,51,343,JAM,,,.86478668,.02,.18077257,.23329552,.8469032,
Jamaica,2017,51,51,343,JAM,,,,,,,,
Trinidad and Tobago,2013,52,52,369,TTO,23.857565,15.84445,.8506453,0,.11183176,.14875843,.88306475,.36841023
Trinidad and Tobago,2014,52,52,369,TTO,23.851788,18.355421,.8506453,0,.11183176,.14875843,.876661,.28705657
Trinidad and Tobago,2015,52,52,369,TTO,23.845985,19.972198,.8506453,0,.11183176,.14875843,.89269799,.23712811
Trinidad and Tobago,2016,52,52,369,TTO,,,.8506453,0,.091029167,.074583597,.89243054,
Trinidad and Tobago,2017,52,52,369,TTO,,,,,,,,
Barbados,2013,53,53,316,BRB,22.225248,23.818523,.84698588,0,.1775834,.073040023,.8839069,1.3568363
Barbados,2014,53,53,316,BRB,22.227232,27.17205,.84698588,0,.1775834,.073040023,.8839069,1.2297351
Barbados,2015,53,53,316,BRB,22.236017,27.225704,.82879132,0,.10989529,.11292927,.89540786,1.0025311
Barbados,2016,53,53,316,BRB,,,.82879132,0,.10989529,.11292927,.89261782,
Barbados,2017,53,53,316,BRB,,,,,,,,
Dominica,2013,54,54,321,DMA,20.012299,14.81466,,,,,,.72272426
Dominica,2014,54,54,321,DMA,20.053316,14.908558,,,,,,.065530106
Dominica,2015,54,54,321,DMA,20.035538,20.857182,,,,,,.10644317
Dominica,2016,54,54,321,DMA,,,,,,,,
Dominica,2017,54,54,321,DMA,,,,,,,,
Grenada,2013,55,55,328,GRD,20.48247,16.997648,,,,,,.23981161
Grenada,2014,55,55,328,GRD,20.553457,17.695644,,,,,,-.11794951
Grenada,2015,55,55,328,GRD,20.61388,18.517443,,,,,,-.2024104
Grenada,2016,55,55,328,GRD,,,,,,,,
Grenada,2017,55,55,328,GRD,,,,,,,,
Saint Lucia,2013,56,56,362,LCA,20.928316,13.553296,,,,,,.73246968
Saint Lucia,2014,56,56,362,LCA,20.932678,15.348207,,,,,,-.018670989
Saint Lucia,2015,56,56,362,LCA,20.956102,15.37064,,,,,,-.083963931
Saint Lucia,2016,56,56,362,LCA,,,,,,,,
Saint Lucia,2017,56,56,362,LCA,,,,,,,,
Saint Vincent and the Grenadines,2013,57,57,364,VCT,20.367071,13.352472,,,,,,.91164559
Saint Vincent and the Grenadines,2014,57,57,364,VCT,20.378527,13.455121,,,,,,.12085786
Saint Vincent and the Grenadines,2015,57,57,364,VCT,20.39443,15.506428,,,,,,.019483725
Saint Vincent and the Grenadines,2016,57,57,364,VCT,,,,,,,,
Saint Vincent and the Grenadines,2017,57,57,364,VCT,,,,,,,,
Antigua & Barbuda,2013,58,58,311,ATG,20.867929,17.388454,,,,,,.49216825
Antigua & Barbuda,2014,58,58,311,ATG,20.91293,11.830193,,,,,,-.087237626
Antigua & Barbuda,2015,58,58,311,ATG,20.953371,13.068764,,,,,,.2102745
Antigua & Barbuda,2016,58,58,311,ATG,,,,,,,,
Antigua & Barbuda,2017,58,58,311,ATG,,,,,,,,
Saint Kitts and Nevis,2013,60,60,361,KNA,20.451752,24.54282,,,,,,.91164559
Saint Kitts and Nevis,2014,60,60,361,KNA,20.509672,25.585428,,,,,,-.081537448
Saint Kitts and Nevis,2015,60,60,361,KNA,20.54661,29.572378,,,,,,.10644317
Saint Kitts and Nevis,2016,60,60,361,KNA,,,,,,,,
Saint Kitts and Nevis,2017,60,60,361,KNA,,,,,,,,
Mexico,2013,70,70,273,MEX,27.773439,10.050749,.63895136,.07,.63000023,.71920413,.72340798,.33956966
Mexico,2014,70,70,273,MEX,27.795645,10.233638,.64904159,.07,.63000023,.71920413,.72612184,.18899705
Mexico,2015,70,70,273,MEX,27.819996,11.641447,.68122298,.059999999,.63628834,.71920413,.72858423,.21091041
Mexico,2016,70,70,273,MEX,,,.70250612,.059999999,.63628834,.71920413,.72858423,
Mexico,2017,70,70,273,MEX,,,,,,,,
Belize,2013,80,80,339,BLZ,21.129133,2.9828262,,,,,,-.31653169
Belize,2014,80,80,339,BLZ,21.169157,2.9138386,,,,,,-.67477214
Belize,2015,80,80,339,BLZ,21.179541,4.9997411,,,,,,-.69650912
Belize,2016,80,80,339,BLZ,,,,,,,,
Belize,2017,80,80,339,BLZ,,,,,,,,
Guatemala,2013,90,90,258,GTM,24.551409,2.2809761,.74091977,.029999999,.74042094,.81733245,.72433698,-.69931668
Guatemala,2014,90,90,258,GTM,24.592302,2.7348161,.74091977,.029999999,.74042094,.81733245,.71691799,-.71303397
Guatemala,2015,90,90,258,GTM,24.632954,2.8289409,.79470992,.029999999,.74042094,.80378014,.71032131,-.71374345
Guatemala,2016,90,90,258,GTM,,,.79470992,.029999999,.59159005,.77453721,.72603834,
Guatemala,2017,90,90,258,GTM,,,,,,,,
Honduras,2013,91,91,268,HND,23.584442,.8519839,.75678355,.059999999,.76127189,.78541744,.81520891,-.73095721
Honduras,2014,91,91,268,HND,23.614828,1.9108679,.75678355,.059999999,.76514047,.78541744,.81520891,-.79884142
Honduras,2015,91,91,268,HND,23.650612,2.3430786,.75678355,.059999999,.74788171,.78275013,.81520891,-.81861353
Honduras,2016,91,91,268,HND,,,.75678355,.059999999,.74750805,.78924751,.81520891,
Honduras,2017,91,91,268,HND,,,,,,,,
El Salvador,2013,92,92,253,SLV,23.846376,4.4859247,.74815822,.0099999998,.43349561,.39508218,.8085041,-.12217087
El Salvador,2014,92,92,253,SLV,23.860529,4.9957299,.7504648,.0099999998,.43349561,.34093449,.8085041,-.02264829
El Salvador,2015,92,92,253,SLV,23.884783,5.4933224,.7504648,.0099999998,.43349561,.32385686,.8085041,-.24252985
El Salvador,2016,92,92,253,SLV,,,.75070304,.0099999998,.48108354,.33478794,.83161622,
El Salvador,2017,92,92,253,SLV,,,,,,,,
Nicaragua,2013,93,93,278,NIC,23.05051,2.1657343,.49898693,.079999998,.44353893,.66482395,.7219848,-.81028098
Nicaragua,2014,93,93,278,NIC,23.095152,1.8058703,.49898693,.079999998,.44353893,.71696424,.71144527,-.8335411
Nicaragua,2015,93,93,278,NIC,23.143265,1.8589916,.49898693,.079999998,.44353893,.71696424,.70241016,-.80302227
Nicaragua,2016,93,93,278,NIC,,,.49898693,.079999998,.44353893,.71696424,.68306071,
Nicaragua,2017,93,93,278,NIC,,,,,,,,
Costa Rica,2013,94,94,238,CRI,24.450712,9.9521036,.94872785,.22,.20213117,.14456588,.94738579,.48104513
Costa Rica,2014,94,94,238,CRI,24.48003,10.447238,.94872785,.2,.15996219,.12705325,.95128608,.39826608
Costa Rica,2015,94,94,238,CRI,24.516836,11.169418,.94643956,.19,.16287525,.12912519,.9469794,.37888399
Costa Rica,2016,94,94,238,CRI,,,.9297325,.18000001,.16540202,.1511768,.95430547,
Costa Rica,2017,94,94,238,CRI,,,,,,,,
Panama,2013,95,95,283,PAN,24.351742,7.9516687,.61828864,.13,.2396417,.14810053,.91888213,.29824144
Panama,2014,95,95,283,PAN,24.410513,7.8976989,.61828864,.12,.2396417,.14810053,.91888213,.27302885
Panama,2015,95,95,283,PAN,24.466679,7.9282503,.61828864,.11,.2396417,.14810053,.91888213,.29727489
Panama,2016,95,95,283,PAN,,,.61828864,.1,.2396417,.14810053,.91888213,
Panama,2017,95,95,283,PAN,,,,,,,,
Colombia,2013,100,100,233,COL,26.533859,9.3904991,.82901657,.12,.46780455,.24771012,.80746329,.074870706
Colombia,2014,100,100,233,COL,26.576782,10.277182,.82835305,.1,.46780455,.24771012,.78766471,-.1082004
Colombia,2015,100,100,233,COL,26.607149,11.156066,.85794079,.079999998,.46780455,.24771012,.80126113,-.034857702
Colombia,2016,100,100,233,COL,,,.86580557,.23999999,.45131674,.26730239,.81329018,
Colombia,2017,100,100,233,COL,,,,,,,,
Venezuela,2013,101,101,299,VEN,26.808104,7.3455544,.59044296,.34,.91297936,.92787391,.62328565,-1.1749533
Venezuela,2014,101,101,299,VEN,26.768381,7.7795091,.59044296,.31999999,.91297936,.92787391,.59678507,-1.2286708
Venezuela,2015,101,101,299,VEN,,8.2449894,.5503239,.28999999,.91297936,.92787391,.55345041,-1.220161
Venezuela,2016,101,101,299,VEN,,,.56009185,.27000001,.91297936,.92787391,.57628411,
Venezuela,2017,101,101,299,VEN,,,,,,,,
Guyana,2013,110,110,336,GUY,21.689199,4.6147323,.73549706,.0099999998,.65081185,.82426453,.74168366,-.11796794
Guyana,2014,110,110,336,GUY,21.726889,5.6272607,.73158526,.0099999998,.65081185,.82426453,.74208653,-.22452825
Guyana,2015,110,110,336,GUY,21.756504,6.6476312,.73789626,.0099999998,.66178513,.44415215,.85488755,-.33663517
Guyana,2016,110,110,336,GUY,,,.7634846,.0099999998,.72528499,.4347868,.85690868,
Guyana,2017,110,110,336,GUY,,,,,,,,
Surinam,2013,115,115,366,SUR,22.307226,6.8786669,.81067473,.02,.33068013,.28365663,.87475479,-.0069202101
Surinam,2014,115,115,366,SUR,22.325487,8.5305882,.81067473,.02,.33068013,.28365663,.87460166,-.15687574
Surinam,2015,115,115,366,SUR,22.322483,9.607152,.81067473,.02,.33068013,.28365663,.86490035,-.35614857
Surinam,2016,115,115,366,SUR,,,.83194953,.02,.51247615,.56257594,.86589265,
Surinam,2017,115,115,366,SUR,,,,,,,,
Ecuador,2013,130,130,248,ECU,25.144295,6.725513,.60937506,.38,.43491128,.52212965,.82734883,-.50853592
Ecuador,2014,130,130,248,ECU,25.183445,8.2566729,.60937506,.37,.43491128,.52212965,.82734883,-.49624431
Ecuador,2015,130,130,248,ECU,25.18502,9.7404785,.60937506,.36000001,.43491128,.52212965,.83091831,-.43587646
Ecuador,2016,130,130,248,ECU,,,.60937506,.34,.43491128,.52212965,.83091831,
Ecuador,2017,130,130,248,ECU,,,,,,,,
Peru,2013,135,135,293,PER,25.894855,5.3095636,.79482919,.28999999,.47238743,.32861307,.82039803,-.1100025
Peru,2014,135,135,293,PER,25.918127,5.7429638,.78350598,.28999999,.47238743,.31738016,.8250103,-.27599886
Peru,2015,135,135,293,PER,25.950121,6.4165087,.78208292,.28,.36067176,.25058407,.82151258,-.27753046
Peru,2016,135,135,293,PER,,,.81732595,.25999999,.36067176,.21272688,.81290382,
Peru,2017,135,135,293,PER,,,,,,,,
Brazil,2013,140,140,223,BRA,28.510439,10.661025,.92058784,.15000001,.23293351,.26981109,.88763875,-.096028551
Brazil,2014,140,140,223,BRA,28.515467,11.675736,.92058784,.14,.23293351,.26981109,.88668561,-.15434389
Brazil,2015,140,140,223,BRA,28.477045,12.248156,.92058784,.12,.23293351,.26981109,.88641417,-.18901372
Brazil,2016,140,140,223,BRA,,,.78962767,.11,.31004566,.56680936,.78888243,
Brazil,2017,140,140,223,BRA,,,,,,,,
Bolivia,2013,145,145,218,BOL,23.867765,1.444055,.89976567,.44999999,.48624685,.32451195,.80787867,-.38659069
Bolivia,2014,145,145,218,BOL,23.920918,1.592813,.91344792,.41,.48624685,.33582267,.80558681,-.59257412
Bolivia,2015,145,145,218,BOL,23.968266,1.64135,.84845018,.37,.58373475,.3788304,.79886448,-.65760946
Bolivia,2016,145,145,218,BOL,,,.85662425,.34,.588723,.35155448,.80218887,
Bolivia,2017,145,145,218,BOL,,,,,,,,
Paraguay,2013,150,150,288,PRY,23.88191,2.3018115,.59993434,.17,.64576036,.62236023,.83229005,-.87040257
Paraguay,2014,150,150,288,PRY,23.928053,2.6761529,.59993434,.17,.64576036,.61972857,.83021665,-.92466682
Paraguay,2015,150,150,288,PRY,23.957245,3.1403358,.62200075,.17,.64576036,.66126817,.81806165,-.9450354
Paraguay,2016,150,150,288,PRY,,,.61441863,.16,.64576036,.658005,.82113576,
Paraguay,2017,150,150,288,PRY,,,,,,,,
Chile,2013,155,155,228,CHL,26.254526,13.026147,.77708852,.0099999998,.084303252,.059372649,.9356541,1.2592115
Chile,2014,155,155,228,CHL,26.273115,14.008525,.82332033,.0099999998,.055001691,.059372649,.9372431,1.1443884
Chile,2015,155,155,228,CHL,26.29591,15.172002,.83858395,.0099999998,.11847907,.20424435,.91621816,1.081781
Chile,2016,155,155,228,CHL,,,.83858395,.0099999998,.11847907,.20424435,.91312206,
Chile,2017,155,155,228,CHL,,,,,,,,
Argentina,2013,160,160,213,ARG,26.844963,15.082234,.81789768,.0099999998,.45425138,.52155018,.88638002,-.2953952
Argentina,2014,160,160,213,ARG,26.819517,15.571702,.82637644,.0099999998,.45425138,.52155018,.88413435,-.1824571
Argentina,2015,160,160,213,ARG,26.845644,16.263435,.83982724,.0099999998,.45425138,.51675045,.87457007,-.087074138
Argentina,2016,160,160,213,ARG,,,.85309571,.0099999998,.41474849,.45028645,.87348807,
Argentina,2017,160,160,213,ARG,,,,,,,,
Uruguay,2013,165,165,298,URY,24.549673,21.633829,.94489366,.61000001,.066122152,.071917944,.90574586,.45315552
Uruguay,2014,165,165,298,URY,24.581547,24.578421,.94489366,.60000002,.066122152,.071917944,.90574586,.48016882
Uruguay,2015,165,165,298,URY,24.591322,26.266291,.90605211,.57999998,.069836877,.10219204,.90653199,.5401243
Uruguay,2016,165,165,298,URY,,,.90605211,.56,.069836877,.10219204,.90742391,
Uruguay,2017,165,165,298,URY,,,,,,,,
United Kingdom,2013,200,200,112,GBR,28.565702,36.492184,.95004988,.13,.0298576,.049183302,.92425191,1.4829572
United Kingdom,2014,200,200,112,GBR,28.595945,37.376102,.95049465,.13,.0298576,.049183302,.91925204,1.6160786
United Kingdom,2015,200,200,112,GBR,28.617649,38.613449,.95049465,.13,.0298576,.049183302,.9208321,1.7387553
United Kingdom,2016,200,200,112,GBR,,,.94854051,.13,.0298576,.049183302,.90578616,
United Kingdom,2017,200,200,112,GBR,,,,,,,,
Ireland,2013,205,205,178,IRL,26.122473,25.700617,.94059706,.2,.04133423,.066113919,.93719852,1.47671
Ireland,2014,205,205,178,IRL,26.203707,26.911835,.94059706,.2,.04133423,.066113919,.93719852,1.5999104
Ireland,2015,205,205,178,IRL,26.437008,27.702705,.94059706,.2,.04133423,.066113919,.93719852,1.5365726
Ireland,2016,205,205,178,IRL,,,.94059706,.2,.04133423,.066113919,.93719852,
Ireland,2017,205,205,178,IRL,,,,,,,,
Netherlands,2013,210,210,138,NLD,27.456388,40.526924,.87977219,.07,.02424462,.033773638,.91801906,1.7795126
Netherlands,2014,210,210,138,NLD,27.470486,40.773785,.87977219,.059999999,.02424462,.033773638,.91100001,1.8291703
Netherlands,2015,210,210,138,NLD,27.489815,41.730087,.88284177,.059999999,.02244791,.02001873,.93421656,1.8417928
Netherlands,2016,210,210,138,NLD,,,.88284177,.19,.02244791,.02001873,.93562227,
Netherlands,2017,210,210,138,NLD,,,,,,,,
Belgium,2013,211,211,124,BEL,26.922981,34.480854,.95817763,.0099999998,.02119864,.029767269,.94601268,1.6021718
Belgium,2014,211,211,124,BEL,26.939379,35.992908,.95817763,.0099999998,.02119864,.029767269,.94601268,1.3992206
Belgium,2015,211,211,124,BEL,26.954269,36.849659,.94977719,.0099999998,.02119864,.029767269,.94164252,1.4413593
Belgium,2016,211,211,124,BEL,,,.94977719,.0099999998,.02119864,.029767269,.94164252,
Belgium,2017,211,211,124,BEL,,,,,,,,
Luxembourg,2013,212,212,137,LUX,24.752914,33.278027,,,,,,1.6276003
Luxembourg,2014,212,212,137,LUX,24.798903,34.801334,,,,,,1.6553829
Luxembourg,2015,212,212,137,LUX,24.833616,35.94957,,,,,,1.7247707
Luxembourg,2016,212,212,137,LUX,,,,,,,,
Luxembourg,2017,212,212,137,LUX,,,,,,,,
France,2013,220,220,132,FRA,28.632597,38.792198,.9085989,.11,.060881801,.10558528,.95921743,1.4814482
France,2014,220,220,132,FRA,28.638943,40.174019,.9085989,.090000004,.060881801,.10558528,.95420808,1.4030387
France,2015,220,220,132,FRA,28.651604,41.344727,.89218128,.07,.060881801,.10558528,.95261681,1.4431598
France,2016,220,220,132,FRA,,,.87725782,.050000001,.060881801,.10558528,.95261681,
France,2017,220,220,132,FRA,,,,,,,,
Monaco,2013,221,221,183,MCO,,44.661785,,,,,,
Monaco,2014,221,221,183,MCO,,46.760887,,,,,,
Monaco,2015,221,221,183,MCO,,47.89666,,,,,,
Monaco,2016,221,221,183,MCO,,,,,,,,
Monaco,2017,221,221,183,MCO,,,,,,,,
Liechtenstein,2013,223,223,147,LIE,,40.666214,,,,,,1.745014
Liechtenstein,2014,223,223,147,LIE,,41.969135,,,,,,1.6794685
Liechtenstein,2015,223,223,147,LIE,,41.899574,,,,,,1.6654379
Liechtenstein,2016,223,223,147,LIE,,,,,,,,
Liechtenstein,2017,223,223,147,LIE,,,,,,,,
Switzerland,2013,225,225,146,CHE,27.13434,42.562084,.98015153,.67000002,.02836776,.01784985,.94022727,1.8183014
Switzerland,2014,225,225,146,CHE,27.154114,42.472961,.98015153,.67000002,.02836776,.01784985,.94022727,2.1280079
Switzerland,2015,225,225,146,CHE,27.1625,45.107609,.96267867,.67000002,.01579345,.03108752,.91222346,2.00982
Switzerland,2016,225,225,146,CHE,,,.96010596,.67000002,.01579345,.03108752,.91129947,
Switzerland,2017,225,225,146,CHE,,,,,,,,
Spain,2013,230,230,184,ESP,27.932871,26.108788,.82121325,.12,.079464316,.045041449,.9412145,1.1578232
Spain,2014,230,230,184,ESP,27.946568,27.631109,.82052416,.11,.079464316,.045041449,.9386456,1.1540415
Spain,2015,230,230,184,ESP,27.978111,28.693163,.83742797,.1,.027888341,.031928118,.92163026,1.1773156
Spain,2016,230,230,184,ESP,,,.83742797,.1,.027888341,.031928118,.92070758,
Spain,2017,230,230,184,ESP,,,,,,,,
Andorra,2013,232,232,171,ADO,21.863575,35.00972,,,,,,1.5391347
Andorra,2014,232,232,171,ADO,,35.893852,,,,,,1.6781135
Andorra,2015,232,232,171,ADO,,37.917233,,,,,,1.7523551
Andorra,2016,232,232,171,ADO,,,,,,,,
Andorra,2017,232,232,171,ADO,,,,,,,,
Portugal,2013,235,235,182,PRT,26.12595,24.164011,.81726718,.15000001,.16225065,.073496498,.95367301,1.2391139
Portugal,2014,235,235,182,PRT,26.134842,25.668463,.85458326,.14,.16225065,.073496498,.95367301,1.0099896
Portugal,2015,235,235,182,PRT,26.150671,29.615305,.85099727,.13,.1060832,.072126672,.95853031,1.2324576
Portugal,2016,235,235,182,PRT,,,.83100253,.12,.1626109,.11262532,.94170123,
Portugal,2017,235,235,182,PRT,,,,,,,,
German Federal Republic,2013,260,260,134,DEU,28.905609,34.622421,.97632986,.0099999998,.043385342,.038277529,.94222146,1.5303698
German Federal Republic,2014,260,260,134,DEU,28.921436,35.779808,.97581863,.0099999998,.043385342,.038277529,.94230956,1.7316604
German Federal Republic,2015,260,260,134,DEU,28.938498,37.193172,.96825755,.0099999998,.032778949,.04337582,.93729734,1.7397292
German Federal Republic,2016,260,260,134,DEU,,,.96825755,.0099999998,.032778949,.04337582,.93729734,
German Federal Republic,2017,260,260,134,DEU,,,,,,,,
German Democratic Republic,2013,265,265,,DDR,,,,,,,,
German Democratic Republic,2014,265,265,,DDR,,,,,,,,
German Democratic Republic,2015,265,265,,DDR,,,,,,,,
Poland,2013,290,290,964,POL,26.974337,18.397892,.81827497,.12,.18413033,.1369807,.93914068,.71927494
Poland,2014,290,290,964,POL,27.006634,18.926613,.81827497,.11,.18413033,.1369807,.93914068,.82450062
Poland,2015,290,290,964,POL,27.045286,19.009014,.81145507,.16,.18413033,.1369807,.93521422,.79975653
Poland,2016,290,290,964,POL,,,.73799807,,.15591422,.14000373,.83494037,
Poland,2017,290,290,964,POL,,,,,,,,
Austria,2013,305,305,122,AUT,26.726379,26.279716,.94167048,.19,.02637217,.042873438,.9255172,1.5783783
Austria,2014,305,305,122,AUT,26.732807,27.666916,.94167048,.19,.02637217,.042873438,.9255172,1.5680679
Austria,2015,305,305,122,AUT,26.742392,28.693253,.94167048,.19,.02637217,.042873438,.9255172,1.4736092
Austria,2016,305,305,122,AUT,,,.94167048,.19,.02637217,.042873438,.9255172,
Austria,2017,305,305,122,AUT,,,,,,,,
Hungary,2013,310,310,944,HUN,25.614824,26.089146,.67353922,.31,.12231904,.45562431,.87591785,.65532976
Hungary,2014,310,310,944,HUN,25.654501,25.978979,.60614532,.28999999,.12231904,.45562431,.87598509,.53277832
Hungary,2015,310,310,944,HUN,25.685495,27.43099,.62311327,.25999999,.12231904,.45562431,.86549038,.49179479
Hungary,2016,310,310,944,HUN,,,.61949456,.23999999,.12231904,.45562431,.86114532,
Hungary,2017,310,310,944,HUN,,,,,,,,
Czech Republic,2013,316,316,935,CZE,26.06303,26.687679,.79976004,.079999998,.24836478,.30927774,.94810647,.8875556
Czech Republic,2014,316,316,935,CZE,26.089821,27.883497,.78333151,.07,.23257926,.28466564,.94052523,1.02301
Czech Republic,2015,316,316,935,CZE,26.134178,27.34165,.78333151,.059999999,.23632017,.26052722,.92468464,1.0514957
Czech Republic,2016,316,316,935,CZE,,,.78333151,.059999999,.23632017,.26388183,.92651767,
Czech Republic,2017,316,316,935,CZE,,,,,,,,
Slovakia,2013,317,317,936,SVK,25.276608,20.348892,.77926916,.38999999,.29750487,.19371264,.92616987,.78820968
Slovakia,2014,317,317,936,SVK,25.301992,21.840527,.77926916,.38,.29750487,.19371264,.91642761,.87097025
Slovakia,2015,317,317,936,SVK,25.339586,23.338913,.81008506,.34999999,.29750487,.19371264,.90794194,.8402918
Slovakia,2016,317,317,936,SVK,,,.81008506,.34,.29750487,.19371264,.88954705,
Slovakia,2017,317,317,936,SVK,,,,,,,,
Italy/Sardinia,2013,325,325,136,ITA,28.344603,22.975754,.83150387,.34,.26487768,.16361521,.89886361,.46234694
Italy/Sardinia,2014,325,325,136,ITA,28.34552,23.536583,.83150387,.31999999,.26487768,.16361521,.89918798,.3763186
Italy/Sardinia,2015,325,325,136,ITA,28.352812,24.369692,.83150387,.31,.26487768,.16361521,.90115291,.45399916
Italy/Sardinia,2016,325,325,136,ITA,,,.83150387,.27000001,.26487768,.16361521,.89915901,
Italy/Sardinia,2017,325,325,136,ITA,,,,,,,,
San Marino,2013,331,331,135,SMR,,32.53307,,,,,,
San Marino,2014,331,331,135,SMR,,36.982014,,,,,,
San Marino,2015,331,331,135,SMR,,36.604614,,,,,,
San Marino,2016,331,331,135,SMR,,,,,,,,
San Marino,2017,331,331,135,SMR,,,,,,,,
Malta,2013,338,338,181,MLT,22.981228,33.335354,,,,,,1.2598869
Malta,2014,338,338,181,MLT,23.015251,35.233852,,,,,,1.0264869
Malta,2015,338,338,181,MLT,23.074982,37.845604,,,,,,.850959
Malta,2016,338,338,181,MLT,,,,,,,,
Malta,2017,338,338,181,MLT,,,,,,,,
Albania,2013,339,339,914,ALB,23.252386,5.7529283,.62944788,.07,.48679388,.67980796,.89375722,-.31898057
Albania,2014,339,339,914,ALB,23.270226,6.5275993,.63287944,.059999999,.48679388,.67980796,.88558757,-.070620991
Albania,2015,339,339,914,ALB,23.29784,7.5968547,.63287944,.059999999,.48679388,.67980796,.88375956,.027829643
Albania,2016,339,339,914,ALB,,,.63217998,.050000001,.48679388,.67980796,.88375956,
Albania,2017,339,339,914,ALB,,,,,,,,
Serbia,2013,340,345,942,SRB,24.427668,15.232808,.59398896,.18000001,.76613605,.5231418,.85690492,-.091984101
Serbia,2014,340,345,942,SRB,24.409185,15.566621,.59398896,.17,.6731708,.5231418,.83024448,.090880424
Serbia,2015,340,345,942,SRB,24.416733,17.378767,.57681054,.17,.6731708,.5231418,.8206501,.11414071
Serbia,2016,340,345,942,SRB,,,.59447128,.16,.6731708,.58345592,.8227607,
Serbia,2017,340,345,942,SRB,,,,,,,,
Montenegro,2013,341,341,943,MNE,22.182747,15.404509,.75357598,.14,.47356915,.69290918,.80664063,.16756673
Montenegro,2014,341,341,943,MNE,22.200426,16.710535,.75357598,.13,.47356915,.69290918,.80664063,.27548772
Montenegro,2015,341,341,943,MNE,22.231453,18.082684,.75357598,.13,.47356915,.69290918,.80641651,.16119657
Montenegro,2016,341,341,943,MNE,,,.75357598,.12,.47356915,.69290918,.80641651,
Montenegro,2017,341,341,943,MNE,,,,,,,,
Macedonia (Former Yugoslav Republic of),2013,343,343,962,MKD,23.012129,16.063627,.6035108,.22,.46763781,.84348315,.6953482,-.0512021
Macedonia (Former Yugoslav Republic of),2014,343,343,962,MKD,23.046925,16.79417,.60621458,.20999999,.46763781,.84348315,.70804173,.150582
Macedonia (Former Yugoslav Republic of),2015,343,343,962,MKD,23.08292,17.182449,.59633744,.19,.46763781,.84348315,.70812637,.12611376
Macedonia (Former Yugoslav Republic of),2016,343,343,962,MKD,,,.50798941,.18000001,.47750938,.76081926,.67317432,
Macedonia (Former Yugoslav Republic of),2017,343,343,962,MKD,,,,,,,,
Croatia,2013,344,344,960,HRV,24.776644,22.256029,.86620033,.31,.28934643,.27077413,.92531574,.70021719
Croatia,2014,344,344,960,HRV,24.773033,23.044823,.86620033,.31,.29178998,.27945575,.92664611,.69356483
Croatia,2015,344,344,960,HRV,24.789345,23.175755,.86620033,.31,.29871181,.27945575,.91893715,.50924671
Croatia,2016,344,344,960,HRV,,,.78307068,.31,.37783512,.2313758,.85568374,
Croatia,2017,344,344,960,HRV,,,,,,,,
Yugoslavia,2014,345,345,188,YSR,,,,,,,,
Bosnia-Herzegovina,2013,346,346,963,BIH,23.589354,13.477739,.60201967,0,.68724847,.64991218,.83521599,-.43112302
Bosnia-Herzegovina,2014,346,346,963,BIH,23.600115,14.181464,.61037505,0,.68724847,.64991218,.85719895,-.46620432
Bosnia-Herzegovina,2015,346,346,963,BIH,23.630013,16.624071,.61037505,0,.66721213,.61905438,.83872575,-.54428518
Bosnia-Herzegovina,2016,346,346,963,BIH,,,.6108284,0,.65863883,.62734526,.84057337,
Bosnia-Herzegovina,2017,346,346,963,BIH,,,,,,,,
Kosovo,2013,347,347,967,KSV,22.592955,,.4626528,0,.61247492,.57106405,.76825547,-.40387014
Kosovo,2014,347,347,967,KSV,22.605066,,.4626528,0,.56646788,.54194373,.76806015,-.32142624
Kosovo,2015,347,347,967,KSV,22.643478,,.4626528,0,.56646788,.54194373,.76183182,-.41955578
Kosovo,2016,347,347,967,KSV,,,.58413583,0,.5436669,.53803706,.70708972,
Kosovo,2017,347,347,967,KSV,,,,,,,,
Slovenia,2013,349,349,961,SVN,24.563091,25.319582,.90314925,.47999999,.14614552,.15782897,.92208451,1.0120564
Slovenia,2014,349,349,961,SVN,24.593681,26.778625,.91588241,.47,.14614552,.081053361,.92511249,1.0085008
Slovenia,2015,349,349,961,SVN,24.616583,27.633791,.90705866,.44999999,.14614552,.081053361,.90653968,.97397035
Slovenia,2016,349,349,961,SVN,,,.92545843,.16,.12997673,.085934862,.90468699,
Slovenia,2017,349,349,961,SVN,,,,,,,,
Greece,2013,350,350,174,GRC,26.220451,26.178951,.8470329,.02,.33016887,.2465229,.93720418,.45982382
Greece,2014,350,350,174,GRC,26.223974,28.3605,.80212557,.02,.33016887,.2465229,.93645561,.39539856
Greece,2015,350,350,174,GRC,26.221781,30.910351,.80212557,.2,.33016887,.295385,.93199027,.24921289
Greece,2016,350,350,174,GRC,,,.80212557,.2,.33016887,.295385,.92938346,
Greece,2017,350,350,174,GRC,,,,,,,,
Cyprus,2013,352,352,423,CYP,23.87413,20.084282,.92488247,0,.20470491,.21579506,.89379835,1.3628389
Cyprus,2014,352,352,423,CYP,23.858696,21.127384,.91987723,0,.20470491,.21579506,.89608711,1.1357609
Cyprus,2015,352,352,423,CYP,23.875349,22.378391,.91598618,0,.20470491,.21579506,.8963722,1.0361711
Cyprus,2016,352,352,423,CYP,,,.92012239,0,.20470491,.21579506,.90007919,
Cyprus,2017,352,352,423,CYP,,,,,,,,
Bulgaria,2013,355,355,918,SUN,24.675278,19.681063,.80539417,.23999999,.36818081,.2641418,.8977347,.16354978
Bulgaria,2014,355,355,918,SUN,24.688478,20.659729,.79685962,.23999999,.36818081,.24513002,.90033758,.090131164
Bulgaria,2015,355,355,918,SUN,24.724014,22.699598,.75742108,.23999999,.35060123,.23835295,.89431977,.21614966
Bulgaria,2016,355,355,918,SUN,,,.77255088,.38999999,.35060123,.23835295,.88891149,
Bulgaria,2017,355,355,918,SUN,,,,,,,,
Moldova,2013,359,359,921,MDA,22.631725,13.459694,.74288601,.20999999,.6222657,.60537034,.78495198,-.38919863
Moldova,2014,359,359,921,MDA,22.67861,14.710752,.76002651,.22,.62114489,.60870504,.77598184,-.38174397
Moldova,2015,359,359,921,MDA,22.673597,15.549018,.75757742,.2,.69811583,.80276716,.78185248,-.63101041
Moldova,2016,359,359,921,MDA,,,.77003378,.19,.803882,.81759095,.77418286,
Moldova,2017,359,359,921,MDA,,,,,,,,
Rumania,2013,360,360,968,ROM,25.898821,17.467821,.81074411,.30000001,.53936118,.39778164,.88594306,-.062753692
Rumania,2014,360,360,968,ROM,25.929121,18.557411,.81074411,.28999999,.45268148,.39778164,.88594306,-.00343436
Rumania,2015,360,360,968,ROM,25.965096,19.751112,.83551776,.28,.45268148,.3562429,.89266402,-.038319569
Rumania,2016,360,360,968,ROM,,,.81849831,.27000001,.4031412,.02475629,.87900102,
Rumania,2017,360,360,968,ROM,,,,,,,,
Russia (Soviet Union),2013,365,365,974,RUS,28.142006,16.624472,.4064531,.050000001,.80890942,.73466915,.57823026,-.35125133
Russia (Soviet Union),2014,365,365,974,RUS,28.149294,17.513134,.34315532,.050000001,.80890942,.73466915,.53219551,-.07850489
Russia (Soviet Union),2015,365,365,974,RUS,28.120604,18.917534,.32953814,.050000001,.80890942,.73466915,.50368303,-.18261999
Russia (Soviet Union),2016,365,365,974,RUS,,,.23078957,.050000001,.85362399,.77151674,.46371818,
Russia (Soviet Union),2017,365,365,974,RUS,,,,,,,,
Estonia,2013,366,366,939,EST,23.822723,28.040218,.82740355,.13,.062525474,.03181228,.95328653,.99539709
Estonia,2014,366,366,939,EST,23.850561,28.899937,.78350383,.12,.06193402,.03181228,.95554101,1.0464598
Estonia,2015,366,366,939,EST,23.864901,30.004757,.78350383,.11,.056878749,.032514889,.95386177,1.0913043
Estonia,2016,366,366,939,EST,,,.81418425,.1,.046866249,.039464392,.95139366,
Estonia,2017,366,366,939,EST,,,,,,,,
Latvia,2013,367,367,941,LVA,24.019527,24.191381,.88282073,.30000001,.093759269,.087667048,.95187831,.89326173
Latvia,2014,367,367,941,LVA,24.040304,24.741428,.88135046,.28,.091198273,.05779995,.95429838,.97432935
Latvia,2015,367,367,941,LVA,24.06732,24.786486,.88135046,.25999999,.093198799,.055296779,.9497717,1.0979009
Latvia,2016,367,367,941,LVA,,,.78996968,.25,.22932731,.059708659,.91379517,
Latvia,2017,367,367,941,LVA,,,,,,,,
Lithuania,2013,368,368,946,LTU,24.468594,27.71689,.81138277,.30000001,.12560546,.052489329,.92813557,.83558202
Lithuania,2014,368,368,946,LTU,24.502947,26.655136,.81138277,.44,.12560546,.052489329,.9233796,.99436003
Lithuania,2015,368,368,946,LTU,24.520576,27.78615,.81138277,.43000001,.12560546,.052489329,.91995591,1.2009108
Lithuania,2016,368,368,946,LTU,,,.79955816,.41999999,.14020865,.062640771,.9189353,
Lithuania,2017,368,368,946,LTU,,,,,,,,
Ukraine,2013,369,369,926,UKR,25.691347,8.8343401,.70854634,.16,.80842316,.83803552,.72933078,-.64038628
Ukraine,2014,369,369,926,UKR,25.623577,9.2935238,.83566016,.14,.64152169,.57867581,.50354213,-.37948766
Ukraine,2015,369,369,926,UKR,25.519661,11.809348,.90385878,.13,.45224532,.55992901,.49902236,-.51378495
Ukraine,2016,369,369,926,UKR,,,.83664131,.11,.41738266,.56135774,.5206852,
Ukraine,2017,369,369,926,UKR,,,,,,,,
Belarus (Byelorussia),2013,370,370,913,BLR,24.816408,29.773836,.4028933,.13,.32333624,.71298367,.58206409,-.93390477
Belarus (Byelorussia),2014,370,370,913,BLR,24.833492,28.840349,.4028933,.12,.32333624,.71298367,.59070331,-.49582431
Belarus (Byelorussia),2015,370,370,913,BLR,24.793839,31.35639,.4028933,.11,.32333624,.71298367,.58893073,-.47623643
Belarus (Byelorussia),2016,370,370,913,BLR,,,.47901249,.1,.38395157,.70102578,.64917511,
Belarus (Byelorussia),2017,370,370,913,BLR,,,,,,,,
Armenia,2013,371,371,911,ARM,23.096922,8.1657181,.45744663,.1,.67389655,.80375755,.74610358,.092591003
Armenia,2014,371,371,911,ARM,23.13229,9.1449699,.44217029,.090000004,.67389655,.80375755,.73950058,-.16924228
Armenia,2015,371,371,911,ARM,23.161848,9.5775938,.45926082,.13,.67389655,.81954753,.77392238,-.13541475
Armenia,2016,371,371,911,ARM,,,.53546351,.13,.68337744,.80855393,.76714557,
Armenia,2017,371,371,911,ARM,,,,,,,,
Georgia,2013,372,372,915,GEO,23.342194,11.908397,.7061739,.25999999,.076380372,.25581989,.82671505,.58118725
Georgia,2014,372,372,915,GEO,23.38739,13.898866,.69588917,.23999999,.076380372,.25581989,.83439791,.48425341
Georgia,2015,372,372,915,GEO,23.414761,14.741923,.76438659,.22,.10782216,.2459233,.87087595,.40131882
Georgia,2016,372,372,915,GEO,,,.82518101,.2,.10349272,.19372199,.81255311,
Georgia,2017,372,372,915,GEO,,,,,,,,
Azerbaijan,2013,373,373,912,AZE,24.770491,18.188681,.24674864,.14,.94855821,.92652202,.40417367,-.4639467
Azerbaijan,2014,373,373,912,AZE,24.790293,19.948423,.12993418,.14,.94855821,.92652202,.40589342,-.33884344
Azerbaijan,2015,373,373,912,AZE,24.801231,19.760105,.12991691,.13,.94855821,.92652202,.35300222,-.23323147
Azerbaijan,2016,373,373,912,AZE,,,.18894996,.14,.94883275,.95665783,.34405655,
Azerbaijan,2017,373,373,912,AZE,,,,,,,,
Finland,2013,375,375,172,FIN,26.239355,31.701025,.98361826,.0099999998,.032048289,.030584579,.95787579,2.1806862
Finland,2014,375,375,172,FIN,26.233019,32.3046,.98361826,.0099999998,.032048289,.030584579,.94958824,2.0159051
Finland,2015,375,375,172,FIN,26.235701,31.679661,.97377253,.0099999998,.03025073,.042873289,.93011856,1.8225006
Finland,2016,375,375,172,FIN,,,.97377253,.0099999998,.03025073,.042873289,.93011856,
Finland,2017,375,375,172,FIN,,,,,,,,
Sweden,2013,380,380,144,SWE,26.950123,32.886642,.95585948,.050000001,.0083862804,.01062793,.95261556,1.9027278
Sweden,2014,380,380,144,SWE,26.975832,34.070389,.94925821,.039999999,.0083862804,.01062793,.9532252,1.7886889
Sweden,2015,380,380,144,SWE,27.015869,36.066456,.94300276,.02,.0153782,.01698325,.94900781,1.8113704
Sweden,2016,380,380,144,SWE,,,.93932706,.02,.0153782,.01698325,.93494922,
Sweden,2017,380,380,144,SWE,,,,,,,,
Norway,2013,385,385,142,NOR,26.830311,37.891029,.97957772,.0099999998,.01331722,.02325944,.96102852,1.8769027
Norway,2014,385,385,142,NOR,26.849316,38.82872,.97957772,.0099999998,.01331722,.02325944,.96102852,1.8098027
Norway,2015,385,385,142,NOR,26.865299,39.712673,.97957772,.0099999998,.01304287,.02325944,.94555628,1.862226
Norway,2016,385,385,142,NOR,,,.97813541,.0099999998,.01447876,.01971508,.93934178,
Norway,2017,385,385,142,NOR,,,,,,,,
Denmark,2013,390,390,128,DNK,26.522631,40.440685,.97903216,.18000001,.0064424798,.01351354,.94511133,1.9834943
Denmark,2014,390,390,128,DNK,26.539251,41.524761,.97903216,.18000001,.0064424798,.01351354,.93975115,1.806536
Denmark,2015,390,390,128,DNK,26.555183,42.508297,.97823215,.18000001,.01684716,.02593622,.93868446,1.849331
Denmark,2016,390,390,128,DNK,,,.97823215,.18000001,.016829081,.02593622,.9377597,
Denmark,2017,390,390,128,DNK,,,,,,,,
Iceland,2013,395,395,176,ISL,23.382559,35.64629,.97372597,.16,.025880611,.032458689,.85533321,1.4950569
Iceland,2014,395,395,176,ISL,23.40164,35.91547,.97372597,.16,.025880611,.032458689,.85533321,1.4958994
Iceland,2015,395,395,176,ISL,23.442495,36.954456,.97372597,.16,.025880611,.032458689,.85533321,1.5009251
Iceland,2016,395,395,176,ISL,,,.97372597,.16,.025880611,.032458689,.85533321,
Iceland,2017,395,395,176,ISL,,,,,,,,
Abkhazia,2013,396,,,,,,,,,,,
Abkhazia,2014,396,,,,,,,,,,,
Abkhazia,2015,396,,,,,,,,,,,
Cape Verde,2013,402,402,624,CPV,21.290207,4.2497749,.83020443,.059999999,.2390454,.073112004,.9335885,.095790669
Cape Verde,2014,402,402,624,CPV,21.308683,3.7876487,.83020443,.059999999,.2390454,.12860461,.93334299,.075785123
Cape Verde,2015,402,402,624,CPV,21.323126,3.2593963,.87639177,.059999999,.21087655,.1041063,.92106557,.15073855
Cape Verde,2016,402,402,624,CPV,,,.87639177,.059999999,.21087655,.1041063,.92106557,
Cape Verde,2017,402,402,624,CPV,,,,,,,,
SÃ£o TomÃ© and Principe,2013,403,403,716,STP,19.222019,.5067541,,,,,,-.7299543
SÃ£o TomÃ© and Principe,2014,403,403,716,STP,19.282246,.55588686,,,,,,-.82484967
SÃ£o TomÃ© and Principe,2015,403,403,716,STP,19.321209,.49314284,,,,,,-.75845343
SÃ£o TomÃ© and Principe,2016,403,403,716,STP,,,,,,,,
SÃ£o TomÃ© and Principe,2017,403,403,716,STP,,,,,,,,
Guinea-Bissau,2013,404,404,654,GNB,20.635687,.085198507,.77106977,.02,.96167254,.93992501,.67692661,-1.4336848
Guinea-Bissau,2014,404,404,654,GNB,20.66078,.079906151,.77106977,.02,.96167254,.93992501,.67750621,-1.6001334
Guinea-Bissau,2015,404,404,654,GNB,20.707634,.058787558,.77106977,.02,.96167254,.93992501,.67694962,-1.622959
Guinea-Bissau,2016,404,404,654,GNB,,,.77106977,.02,.96167254,.93992501,.67934084,
Guinea-Bissau,2017,404,404,654,GNB,,,,,,,,
Equatorial Guinea,2013,411,411,642,GNQ,23.615185,.46472061,.2747224,.2,.77510124,.82317275,.30892804,-1.5416526
Equatorial Guinea,2014,411,411,642,GNQ,23.608389,.49880406,.2747224,.2,.77510124,.82317275,.30892804,-1.5115565
Equatorial Guinea,2015,411,411,642,GNQ,23.521904,.47524807,.2747224,.2,.77510124,.82317275,.30892804,-1.4225465
Equatorial Guinea,2016,411,411,642,GNQ,,,.2747224,.18000001,.77510124,.82317275,.32484272,
Equatorial Guinea,2017,411,411,642,GNQ,,,,,,,,
Gambia,2013,420,420,648,GMB,20.733944,.023684829,.3868621,.039999999,.82435161,.71559608,.36467484,-.69647396
Gambia,2014,420,420,648,GMB,20.742682,.14369126,.40382996,.029999999,.82435161,.71559608,.36364806,-.64054793
Gambia,2015,420,420,648,GMB,20.788761,.18136311,.40382996,.02,.82435161,.71559608,.3446067,-.89269346
Gambia,2016,420,420,648,GMB,,,.40382996,.02,.82435161,.71559608,.36689278,
Gambia,2017,420,420,648,GMB,,,,,,,,
Mali,2013,432,432,678,MLI,23.137787,.019011021,.9085865,.029999999,.70937008,.68810511,.76365346,-.88463181
Mali,2014,432,432,678,MLI,23.205851,.01896218,.8738538,.029999999,.70937008,.68810511,.77626944,-1.0801378
Mali,2015,432,432,678,MLI,23.263767,.021520929,.83700466,.029999999,.70937008,.68810511,.78575957,-.91128254
Mali,2016,432,432,678,MLI,,,.8401162,.029999999,.70937008,.68810511,.78891635,
Mali,2017,432,432,678,MLI,,,,,,,,
Senegal,2013,433,433,722,SEN,23.376471,.75518918,.82838422,.079999998,.41972908,.17543168,.85518956,-.40880013
Senegal,2014,433,433,722,SEN,23.418678,.71048105,.81260157,.079999998,.41972908,.17543168,.85672694,-.38972944
Senegal,2015,433,433,722,SEN,23.481514,.67219883,.81260157,.07,.41972908,.17543168,.85552382,-.43514502
Senegal,2016,433,433,722,SEN,,,.81260157,.15000001,.41972908,.17543168,.82187068,
Senegal,2017,433,433,722,SEN,,,,,,,,
Benin,2013,434,434,638,BEN,22.810556,.41146031,.90746218,.02,.66195804,.48117721,.8801949,-.48723271
Benin,2014,434,434,638,BEN,22.872192,.42850095,.90746218,.02,.66195804,.48117721,.88145047,-.46330947
Benin,2015,434,434,638,BEN,22.89292,.67338377,.93507808,.02,.70053381,.62560993,.89411932,-.61799204
Benin,2016,434,434,638,BEN,,,.95417845,.02,.25477189,.36546937,.90647459,
Benin,2017,434,434,638,BEN,,,,,,,,
Mauritania,2013,435,435,682,MRT,22.352053,.19363065,.53188032,.17,.89363885,.56100988,.53576332,-.99648428
Mauritania,2014,435,435,682,MRT,22.393255,.20078018,.53339303,.16,.89363885,.56100988,.5260604,-.98853779
Mauritania,2015,435,435,682,MRT,,.23621252,.52043784,.15000001,.89363885,.56100988,.51495308,-1.0285877
Mauritania,2016,435,435,682,MRT,,,.51225245,.14,.89363885,.56100988,.47576222,
Mauritania,2017,435,435,682,MRT,,,,,,,,
Niger,2013,436,436,692,NER,22.652845,.035891999,.9053328,.25,.7083298,.83068377,.83906311,-.7271964
Niger,2014,436,436,692,NER,22.72097,.049636349,.89796001,.23999999,.7083298,.83068377,.82577187,-.70403653
Niger,2015,436,436,692,NER,22.756388,.057088342,.89796001,.22,.7083298,.83068377,.8232972,-.60729223
Niger,2016,436,436,692,NER,,,.89337349,.2,.7083298,.83068377,.84786636,
Niger,2017,436,436,692,NER,,,,,,,,
Cote DâIvoire,2013,437,437,662,CIV,24.079523,.27702677,.80017734,.1,.4924325,.4419252,.77039534,-.90828925
Cote DâIvoire,2014,437,437,662,CIV,24.160976,.6097495,.80114281,.090000004,.4924325,.4419252,.77756894,-.80621099
Cote DâIvoire,2015,437,437,662,CIV,24.248652,.5151704,.79987848,.079999998,.49312541,.46345711,.78376877,-.65096319
Cote DâIvoire,2016,437,437,662,CIV,,,.79649282,.18000001,.49312541,.46345711,.77304149,
Cote DâIvoire,2017,437,437,662,CIV,,,,,,,,
Guinea,2013,438,438,656,GIN,22.378216,.0068112998,.77179152,.11,.75773299,.76787359,.67820793,-1.1741852
Guinea,2014,438,438,656,GIN,22.382208,.0074726599,.77179152,.1,.74722338,.77435398,.67820793,-1.2385628
Guinea,2015,438,438,656,GIN,22.383207,.0080986302,.77179152,.090000004,.74722338,.7884841,.67820793,-1.1357539
Guinea,2016,438,438,656,GIN,,,.77179152,.079999998,.74439776,.80162472,.66385579,
Guinea,2017,438,438,656,GIN,,,,,,,,
Burkina Faso (Upper Volta),2013,439,439,748,BFA,23.101439,.076540433,.87893522,.029999999,.64468908,.32305247,.78228533,-.66350329
Burkina Faso (Upper Volta),2014,439,439,748,BFA,23.140951,.030890459,.88288659,.029999999,.57042265,.32046551,.77604222,-.57833272
Burkina Faso (Upper Volta),2015,439,439,748,BFA,23.180374,.040246438,.91506034,.029999999,.57042265,.21000183,.80465978,-.58643401
Burkina Faso (Upper Volta),2016,439,439,748,BFA,,,.93220931,.029999999,.42667976,.22558162,.81917632,
Burkina Faso (Upper Volta),2017,439,439,748,BFA,,,,,,,,
Liberia,2013,450,450,668,LBR,21.219175,.11830249,.92309713,.079999998,.81848502,.56224096,.85024351,-1.3649919
Liberia,2014,450,450,668,LBR,21.226162,.13646062,.92309713,.079999998,.81848502,.56224096,.85024351,-1.3407507
Liberia,2015,450,450,668,LBR,21.226162,.15543675,.92309713,.079999998,.81848502,.56224096,.85024351,-1.3672909
Liberia,2016,450,450,668,LBR,,,.92309713,.079999998,.81848502,.56224096,.84359539,
Liberia,2017,450,450,668,LBR,,,,,,,,
Sierra Leone,2013,451,451,724,SLE,22.061737,,.93677431,0,.73176199,.76803768,.82376605,-1.204417
Sierra Leone,2014,451,451,724,SLE,22.106297,,.93677431,0,.73176199,.76803768,.82309711,-1.2220378
Sierra Leone,2015,451,451,724,SLE,21.875641,,.93677431,0,.73176199,.76803768,.82309711,-1.2576936
Sierra Leone,2016,451,451,724,SLE,,,.93762547,0,.73176199,.76803768,.82081169,
Sierra Leone,2017,451,451,724,SLE,,,,,,,,
Ghana,2013,452,452,652,GHA,24.485313,.26557061,.88463765,.02,.65529299,.63899601,.92832386,-.095546782
Ghana,2014,452,452,652,GHA,24.524399,.26537147,.88463765,.02,.65529299,.63899601,.92394686,-.29197907
Ghana,2015,452,452,652,GHA,24.562822,.27101657,.84895653,.02,.68913907,.63275856,.9114033,-.25561482
Ghana,2016,452,452,652,GHA,,,.89486146,.02,.71701944,.67664099,.90646315,
Ghana,2017,452,452,652,GHA,,,,,,,,
Togo,2013,461,461,742,TGO,22.011597,.10143785,.87752992,.039999999,.72237116,.62575066,.71536112,-1.2910327
Togo,2014,461,461,742,TGO,22.068655,.18031688,.87752992,.039999999,.72237116,.62575066,.72010213,-1.2480441
Togo,2015,461,461,742,TGO,22.120924,.88006955,.87752992,.039999999,.72237116,.62575066,.73049676,-1.1790981
Togo,2016,461,461,742,TGO,,,.87752992,.039999999,.72237116,.62575066,.75323135,
Togo,2017,461,461,742,TGO,,,,,,,,
Cameroon,2013,471,471,622,CMR,24.025028,.07594154,.60029417,.02,.89506054,.92982572,.68353021,-.91582721
Cameroon,2014,471,471,622,CMR,24.082607,.071204968,.60029417,.02,.89506054,.92982572,.67242175,-.77333462
Cameroon,2015,471,471,622,CMR,24.138735,.068396151,.60029417,.02,.89506054,.92982572,.67035347,-.76352769
Cameroon,2016,471,471,622,CMR,,,.60906732,.02,.94934374,.94791949,.60754114,
Cameroon,2017,471,471,622,CMR,,,,,,,,
Nigeria,2013,475,475,694,NGA,26.771135,.0086657004,.87857091,0,.89958203,.89282602,.71434546,-.98517942
Nigeria,2014,475,475,694,NGA,26.832321,.0088170897,.87857091,0,.89958203,.87194067,.71434546,-1.1825869
Nigeria,2015,475,475,694,NGA,26.858503,.0085482197,.87857091,0,.752078,.78064817,.71137989,-.95197809
Nigeria,2016,475,475,694,NGA,,,.88259172,0,.76067871,.76838601,.73756731,
Nigeria,2017,475,475,694,NGA,,,,,,,,
Gabon,2013,481,481,646,GAB,23.56216,.53238869,.83780915,.039999999,.62199348,.67673093,.85021645,-.83062357
Gabon,2014,481,481,646,GAB,23.604404,.63110137,.83780915,.029999999,.62199348,.67673093,.85021645,-.64033228
Gabon,2015,481,481,646,GAB,23.643747,.63282359,.83780915,.029999999,.62199348,.67673093,.85021645,-.73222154
Gabon,2016,481,481,646,GAB,,,.83780915,.029999999,.62199348,.67673093,.85021645,
Gabon,2017,481,481,646,GAB,,,,,,,,
Central African Republic,2013,482,482,626,CAF,21.024891,,.58154976,.0099999998,.90930098,.83072448,.35554036,-1.6144283
Central African Republic,2014,482,482,626,CAF,21.035236,,.59665775,.0099999998,.81967479,.64144081,.49163198,-1.8673525
Central African Republic,2015,482,482,626,CAF,21.082119,,.6400876,.11,.81967479,.60996127,.56608528,-1.7916058
Central African Republic,2016,482,482,626,CAF,,,.66759467,.0099999998,.81967479,.43694332,.56921566,
Central African Republic,2017,482,482,626,CAF,,,,,,,,
Chad,2013,483,483,628,TCD,23.230911,.1145313,.5218935,.14,.97854245,.97205114,.40036872,-1.3826287
Chad,2014,483,483,628,TCD,23.297636,.076685242,.49577472,.12,.98369628,.97205114,.42654893,-1.4849703
Chad,2015,483,483,628,TCD,23.315475,.083325833,.4999899,.1,.98215538,.97205114,.43129614,-1.4503635
Chad,2016,483,483,628,TCD,,,.49178863,.090000004,.98114628,.97205114,.41349405,
Chad,2017,483,483,628,TCD,,,,,,,,
Congo,2013,484,484,634,COG,23.313587,.0098479297,.62397969,.090000004,.57254404,.74464971,.42101997,-1.1630834
Congo,2014,484,484,634,COG,23.379187,.01096829,.62397969,.079999998,.57254404,.74464971,.42526242,-1.1186954
Congo,2015,484,484,634,COG,23.405308,,.62397969,.15000001,.57254404,.74464971,.415591,-1.022714
Congo,2016,484,484,634,COG,,,.62397969,.15000001,.57254404,.74464971,.36356872,
Congo,2017,484,484,634,COG,,,,,,,,
"Congo, Democratic Republic of (Zaire)",2013,490,490,636,ZAR,23.961964,.00066652999,.4891403,.12,.89952624,.86863285,.38443801,-1.4781049
"Congo, Democratic Republic of (Zaire)",2014,490,490,636,ZAR,24.047861,.00072086998,.4891403,.11,.89952624,.86863285,.38443801,-1.5672015
"Congo, Democratic Republic of (Zaire)",2015,490,490,636,ZAR,24.114737,.00140358,.4891403,.1,.89952624,.91752183,.38371894,-1.6254585
"Congo, Democratic Republic of (Zaire)",2016,490,490,636,ZAR,,,.4891403,.090000004,.89952624,.91752183,.37834457,
"Congo, Democratic Republic of (Zaire)",2017,490,490,636,ZAR,,,,,,,,
Uganda,2013,500,500,746,UGA,23.890665,.11043438,.75701725,.23999999,.68898183,.57118934,.62798125,-.58832848
Uganda,2014,500,500,746,UGA,23.941204,.14209945,.79490829,.22,.68898183,.57118934,.63026428,-.4996219
Uganda,2015,500,500,746,UGA,23.991364,.18098833,.80396342,.2,.68898183,.57118934,.63066906,-.48298699
Uganda,2016,500,500,746,UGA,,,.79896426,.18000001,.69558609,.59550917,.59867179,
Uganda,2017,500,500,746,UGA,,,,,,,,
Kenya,2013,501,501,664,KEN,24.571375,.16716534,.88162249,.15000001,.66983259,.71387202,.70164549,-.45567504
Kenya,2014,501,501,664,KEN,24.62332,.22353894,.88162249,.15000001,.66983259,.71387202,.69404006,-.3197608
Kenya,2015,501,501,664,KEN,24.678274,.28900748,.88162249,.14,.66983259,.71387202,.69404006,-.28513628
Kenya,2016,501,501,664,KEN,,,.7812258,.13,.72038245,.79514951,.66437709,
Kenya,2017,501,501,664,KEN,,,,,,,,
Tanzania/Tanganyika,2013,510,510,738,TZA,24.366648,.11456125,.77790642,.0099999998,.55965197,.52967995,.68798822,-.7036252
Tanzania/Tanganyika,2014,510,510,738,TZA,24.433981,.16667502,.77790642,.0099999998,.55965197,.52967995,.68043256,-.64860654
Tanzania/Tanganyika,2015,510,510,738,TZA,24.501261,.20271254,.77790642,.0099999998,.60016543,.5183332,.67311394,-.59887123
Tanzania/Tanganyika,2016,510,510,738,TZA,,,.73061514,.0099999998,.39868015,.35391071,.71133316,
Tanzania/Tanganyika,2017,510,510,738,TZA,,,,,,,,
Zanzibar,2013,511,511,,,,,.88917619,.25,.77079076,.81623441,.66993159,
Zanzibar,2014,511,511,,,,,.87500471,.25,.77343833,.80755973,.66778165,
Zanzibar,2015,511,511,,,,,.85588974,.23,.77343833,.80755973,.67462826,
Zanzibar,2016,511,511,,,,,.68382168,.22,.77343833,.80755973,.59698457,
Burundi,2013,516,516,618,BDI,21.555141,.01509466,.71880174,.16,.91785216,.83944815,.35139596,-1.0636677
Burundi,2014,516,516,618,BDI,21.600697,.016217111,.69973546,.15000001,.94408762,.85210502,.31102681,-1.1235819
Burundi,2015,516,516,618,BDI,21.560863,.033655118,.59206146,.14,.9436844,.85509956,.22786865,-1.1451013
Burundi,2016,516,516,618,BDI,,,.44814894,.12,.93341184,.90150028,.17565757,
Burundi,2017,516,516,618,BDI,,,,,,,,
Rwanda,2013,517,517,714,RWA,22.669081,.023614779,.74793547,.14,.13916197,.12910397,.58115643,.021065678
Rwanda,2014,517,517,714,RWA,22.736826,.024107341,.7428695,.12,.13916197,.12910397,.59777611,-.0078826901
Rwanda,2015,517,517,714,RWA,22.803589,.16997901,.7428695,.23,.13916197,.12910397,.58749825,-.039430529
Rwanda,2016,517,517,714,RWA,,,.73009866,.22,.13916197,.12910397,.53521216,
Rwanda,2017,517,517,714,RWA,,,,,,,,
Somalia,2013,520,520,726,SOM,,.57166904,.47771502,.029999999,.93459064,.86317503,.29847899,-2.2364669
Somalia,2014,520,520,726,SOM,,.64780921,.47771502,.029999999,.93459064,.86317503,.29847899,-2.4870677
Somalia,2015,520,520,726,SOM,,.7372303,.4741981,.029999999,.93459064,.86317503,.29562983,-2.2187388
Somalia,2016,520,520,726,SOM,,,.57538718,.029999999,.91639161,.86358428,.29289508,
Somalia,2017,520,520,726,SOM,,,,,,,,
Djibouti,2013,522,522,611,DJI,20.984037,2.0282221,.59919035,.039999999,.72806346,.65414464,.45782322,-.97121584
Djibouti,2014,522,522,611,DJI,21.042309,2.2680476,.58966947,.039999999,.72806346,.65414464,.46555069,-.9833529
Djibouti,2015,522,522,611,DJI,21.105288,2.6860206,.5885669,.039999999,.72806346,.65414464,.46555069,-.95645416
Djibouti,2016,522,522,611,DJI,,,.59316593,.039999999,.72806346,.65414464,.46555069,
Djibouti,2017,522,522,611,DJI,,,,,,,,
Ethiopia,2013,530,530,644,ETH,24.411749,.25299159,.36422342,.0099999998,.63677478,.46233821,.41715693,-.60967666
Ethiopia,2014,530,530,644,ETH,24.509594,.48834771,.36422342,.0099999998,.63677478,.46233821,.41715693,-.41636541
Ethiopia,2015,530,530,644,ETH,24.60133,.48311082,.36422342,.0099999998,.63677478,.46233821,.41715693,-.64066952
Ethiopia,2016,530,530,644,ETH,,,.21576186,.0099999998,.58036512,.34043464,.40252191,
Ethiopia,2017,530,530,644,ETH,,,,,,,,
Eritrea,2013,531,531,643,ERI,,.00230533,.071447909,0,.61551028,.73059523,.087567128,-1.5273257
Eritrea,2014,531,531,643,ERI,,.0030598899,.071447909,0,.61151147,.73059523,.088601559,-1.6198369
Eritrea,2015,531,531,643,ERI,,,.071447909,0,.61151147,.73059523,.084162518,-1.5996221
Eritrea,2016,531,531,643,ERI,,,.067245103,0,.68608725,.71107697,.11399359,
Eritrea,2017,531,531,643,ERI,,,,,,,,
Angola,2013,540,540,614,AGO,25.290333,.1037742,.35014358,.0099999998,.90024698,.93199354,.49245659,-1.224122
Angola,2014,540,540,614,AGO,25.337259,.30604509,.35014358,.0099999998,.90024698,.93199354,.51100636,-1.133835
Angola,2015,540,540,614,AGO,25.366886,.67296886,.35014358,.0099999998,.90024698,.93199354,.50983477,-1.0120357
Angola,2016,540,540,614,AGO,,,.35014358,.0099999998,.90024698,.93199354,.5168649,
Angola,2017,540,540,614,AGO,,,,,,,,
Mozambique,2013,541,541,688,MOZ,23.248405,.11168335,.68928266,.029999999,.73928595,.61314338,.69705188,-.60805017
Mozambique,2014,541,541,688,MOZ,23.320204,.1397085,.68928266,.029999999,.73928595,.61314338,.67485237,-.7257449
Mozambique,2015,541,541,688,MOZ,23.384209,.15695845,.68031162,.029999999,.75506192,.53992546,.68257302,-.74171746
Mozambique,2016,541,541,688,MOZ,,,.78408629,.029999999,.6409868,.51946598,.67729098,
Mozambique,2017,541,541,688,MOZ,,,,,,,,
Zambia,2013,551,551,754,ZMB,23.908926,.092491448,.80770338,.029999999,.30701178,.26342717,.71507084,-.48803607
Zambia,2014,551,551,754,ZMB,23.954815,.13661538,.80770338,.029999999,.30701178,.26342717,.72259849,-.48710501
Zambia,2015,551,551,754,ZMB,23.983595,.15071259,.83529788,.029999999,.30701178,.26342717,.7232843,-.55447948
Zambia,2016,551,551,754,ZMB,,,.80630475,.13,.30701178,.29428703,.63918561,
Zambia,2017,551,551,754,ZMB,,,,,,,,
Zimbabwe (Rhodesia),2013,552,552,698,ZWE,23.223114,.73440695,.62678075,.2,.86778778,.84011912,.44894719,-1.2704417
Zimbabwe (Rhodesia),2014,552,552,698,ZWE,23.260876,1.0427468,.59766698,.2,.86778778,.84011912,.45298818,-1.1941153
Zimbabwe (Rhodesia),2015,552,552,698,ZWE,23.265606,1.0898969,.59766698,.2,.86778778,.84011912,.44967407,-1.1479688
Zimbabwe (Rhodesia),2016,552,552,698,ZWE,,,.65216261,.2,.88385516,.79708332,.36620471,
Zimbabwe (Rhodesia),2017,552,552,698,ZWE,,,,,,,,
Malawi,2013,553,553,676,MWI,22.779854,.05364072,.72983915,.0099999998,.82893765,.74974275,.76412982,-.48228502
Malawi,2014,553,553,676,MWI,22.835289,.05087008,.72907746,.0099999998,.77028483,.74079221,.7497611,-.63545567
Malawi,2015,553,553,676,MWI,22.863159,.03382694,.74546808,.0099999998,.77028483,.74079221,.7743116,-.67486936
Malawi,2016,553,553,676,MWI,,,.7200526,.0099999998,.86032605,.77366245,.74594373,
Malawi,2017,553,553,676,MWI,,,,,,,,
South Africa,2013,560,560,199,ZAF,26.728365,3.0604935,.84709686,.02,.42438537,.37072709,.85986996,.44409835
South Africa,2014,560,560,199,ZAF,26.744522,3.2110052,.84709686,.02,.42438537,.37072709,.85986996,.34009364
South Africa,2015,560,560,199,ZAF,26.75709,2.6347203,.85158229,.02,.36442283,.35137543,.82567537,.26526666
South Africa,2016,560,560,199,ZAF,,,.85210508,.02,.36442283,.35137543,.8292405,
South Africa,2017,560,560,199,ZAF,,,,,,,,
Namibia,2013,565,565,728,NAM,23.300531,1.5516766,.69715387,.029999999,.34325713,.34927651,.8834011,.19341758
Namibia,2014,565,565,728,NAM,23.363119,1.7552049,.69715387,.029999999,.34325713,.34927651,.86465102,.11733196
Namibia,2015,565,565,728,NAM,23.414717,2.943023,.69715387,.029999999,.34325713,.34927651,.86465102,.25781685
Namibia,2016,565,565,728,NAM,,,.69715387,.029999999,.34325713,.34927651,.88069284,
Namibia,2017,565,565,728,NAM,,,,,,,,
Lesotho,2013,570,570,666,LSO,21.73634,.10966683,.87931138,.0099999998,.32383159,.29067433,.82466698,-.40595764
Lesotho,2014,570,570,666,LSO,21.780756,.071608678,.87931138,.0099999998,.32383159,.29067433,.8217966,-.53019053
Lesotho,2015,570,570,666,LSO,21.796747,.097258821,.87931138,.0099999998,.73790908,.48115951,.73524499,-.67317027
Lesotho,2016,570,570,666,LSO,,,.87931138,.0099999998,.73790908,.48115951,.72790194,
Lesotho,2017,570,570,666,LSO,,,,,,,,
Botswana,2013,571,571,616,BWA,23.468027,1.0682069,.82211798,.059999999,.22483844,.21908502,.87815642,.42616925
Botswana,2014,571,571,616,BWA,23.499573,1.6329938,.82240218,.059999999,.22483844,.21908502,.85875332,.35966069
Botswana,2015,571,571,616,BWA,23.497021,1.7917495,.82971144,.050000001,.25595593,.22627863,.88603967,.5132882
Botswana,2016,571,571,616,BWA,,,.82888043,.039999999,.25595593,.22627863,.89264458,
Botswana,2017,571,571,616,BWA,,,,,,,,
Swaziland,2013,572,572,734,SWZ,22.330456,.33613068,.42636254,.0099999998,.85813886,.77366543,.28364268,-.4381353
Swaziland,2014,572,572,734,SWZ,22.357571,.40230212,.42636254,.0099999998,.85813886,.77366543,.28364268,-.54121548
Swaziland,2015,572,572,734,SWZ,22.37607,.46673754,.42636254,.0099999998,.85813886,.77366543,.28364268,-.52813625
Swaziland,2016,572,572,734,SWZ,,,.42636254,.0099999998,.85813886,.77366543,.28364268,
Swaziland,2017,572,572,734,SWZ,,,,,,,,
Madagascar,2013,580,580,674,MDG,22.956591,.16570663,.55342215,.20999999,.83556372,.84874749,.68560535,-1.1199626
Madagascar,2014,580,580,674,MDG,22.98921,.10535822,.59588701,.20999999,.83046961,.75452489,.73240787,-1.293658
Madagascar,2015,580,580,674,MDG,23.019295,.097766109,.59588701,.2,.83046961,.75452489,.72972608,-1.2920991
Madagascar,2016,580,580,674,MDG,,,.59588701,.18000001,.83046961,.75452489,.72895026,
Madagascar,2017,580,580,674,MDG,,,,,,,,
Comoros,2013,581,581,632,COM,20.178946,.17689072,.56460357,.13,.48734489,.49839711,.76034117,-1.5866396
Comoros,2014,581,581,632,COM,20.199352,.21038277,.56460357,.12,.48734489,.49839711,.76580381,-1.6774912
Comoros,2015,581,581,632,COM,20.209454,.25972068,.56460357,.11,.48734489,.49839711,.75965405,-1.5220095
Comoros,2016,581,581,632,COM,,,.56435853,.1,.48734489,.49839711,.74271268,
Comoros,2017,581,581,632,COM,,,,,,,,
Mauritius,2013,590,590,684,MUS,23.1336,13.050435,.66747421,0,.38405392,.58064765,.88463545,.86555982
Mauritius,2014,590,590,684,MUS,23.170361,14.569896,.66747421,0,.38405392,.58064765,.87844187,1.035982
Mauritius,2015,590,590,684,MUS,23.20446,15.746888,.66914117,0,.38405392,.58858383,.88165265,1.0358155
Mauritius,2016,590,590,684,MUS,,,.66914117,0,.38405392,.58858383,.8753742,
Mauritius,2017,590,590,684,MUS,,,,,,,,
Seychelles,2013,591,591,718,SYC,20.891407,13.368448,.8379463,.0099999998,.23719761,.30240655,.72946137,.38892397
Seychelles,2014,591,591,718,SYC,20.924038,12.675498,.8379463,.0099999998,.23719761,.30240655,.74422097,.37451568
Seychelles,2015,591,591,718,SYC,20.958418,14.314055,.8379463,.0099999998,.23719761,.30240655,.75040591,.42825997
Seychelles,2016,591,591,718,SYC,,,.8379463,.0099999998,.23719761,.30240655,.76472604,
Seychelles,2017,591,591,718,SYC,,,,,,,,
Morocco,2013,600,600,686,MAR,25.383331,2.5567625,.83306026,.20999999,.61285901,.28724667,.60720688,-.03252073
Morocco,2014,600,600,686,MAR,25.408524,2.9661531,.85464627,.20999999,.61285901,.28724667,.60424638,-.066279553
Morocco,2015,600,600,686,MAR,25.452621,3.3795543,.84556651,.20999999,.65965927,.24469595,.63080585,-.060515668
Morocco,2016,600,600,686,MAR,,,.84036553,.2,.65443975,.25199273,.65418673,
Morocco,2017,600,600,686,MAR,,,,,,,,
Algeria,2013,615,615,612,DZA,25.894957,3.2646236,.44104877,.18000001,.62693602,.55817789,.52867401,-.53945416
Algeria,2014,615,615,612,DZA,25.932148,4.0063467,.44015363,.16,.62693602,.55817789,.53168684,-.48289227
Algeria,2015,615,615,612,DZA,25.969091,5.5849237,.44015363,.14,.62693602,.55817789,.54700661,-.50621796
Algeria,2016,615,615,612,DZA,,,.42076555,.12,.62292039,.54790515,.57665193,
Algeria,2017,615,615,612,DZA,,,,,,,,
Tunisia,2013,616,616,744,TUN,24.55797,4.7286253,.93907869,.12,.28368527,.17297073,.73559541,-.07019522
Tunisia,2014,616,616,744,TUN,24.586246,4.4862332,.90390134,.11,.28368527,.17297073,.75815278,-.11820782
Tunisia,2015,616,616,744,TUN,24.596144,4.3427877,.86261469,.1,.22964555,.1657057,.80494612,-.10389267
Tunisia,2016,616,616,744,TUN,,,.88868934,.090000004,.28958681,.16587672,.79000664,
Tunisia,2017,616,616,744,TUN,,,,,,,,
Libya,2013,620,620,672,LBY,,1.0432924,.77228516,.0099999998,.78482008,.52545851,.4101145,-1.4875584
Libya,2014,620,620,672,LBY,,1.0042453,.63917184,.0099999998,.78482008,.55856347,.4147031,-1.7146957
Libya,2015,620,620,672,LBY,,.96563601,.66158253,.0099999998,.71834058,.531124,.40697852,-1.6971939
Libya,2016,620,620,672,LBY,,,.6745218,.0099999998,.71834058,.531124,.4051398,
Libya,2017,620,620,672,LBY,,,,,,,,
Sudan,2013,625,625,732,SDN,24.935699,.067713603,.331231,.059999999,.87465268,.86327189,.21506438,-1.5068135
Sudan,2014,625,625,732,SDN,24.962141,.05366493,.34665695,.050000001,.87465268,.86327189,.22580865,-1.5569222
Sudan,2015,625,625,732,SDN,25.010035,.069883242,.34665695,.039999999,.87465268,.86327189,.22580865,-1.4762483
Sudan,2016,625,625,732,SDN,,,.50017136,.029999999,.88308358,.89711839,.24242814,
Sudan,2017,625,625,732,SDN,,,,,,,,
South Sudan,2013,626,626,733,,22.936811,.00088524999,.32518399,.02,.89821982,.8735655,.28536156,-1.6938157
South Sudan,2014,626,626,733,,22.96999,.00085188,.33706835,.02,.89821982,.8735655,.24628612,-2.0873961
South Sudan,2015,626,626,733,,22.904387,.00123433,.31925631,.02,.89821982,.8735655,.2484851,-2.1712434
South Sudan,2016,626,626,733,,,,.36658415,.02,.91106635,.93636578,.18369624,
South Sudan,2017,626,626,733,,,,,,,,,
Iran (Persia),2013,630,630,429,IRN,26.820423,6.6640992,.45795584,.029999999,.57341868,.54718351,.29662576,-.68688923
Iran (Persia),2014,630,630,429,IRN,26.86294,9.4632168,.45795584,.029999999,.57341868,.54233366,.29502586,-.41080186
Iran (Persia),2015,630,630,429,IRN,,10.86344,.45795584,.029999999,.57341868,.54233366,.30206421,-.20181292
Iran (Persia),2016,630,630,429,IRN,,,.41340938,.029999999,.53043711,.52490264,.31021103,
Iran (Persia),2017,630,630,429,IRN,,,,,,,,
Turkey (Ottoman Empire),2013,640,640,186,TUR,27.464088,11.868514,.56775439,.30000001,.40708256,.44691515,.52519363,.38644543
Turkey (Ottoman Empire),2014,640,640,186,TUR,27.493843,11.691337,.56775439,.28999999,.53932863,.53268278,.51553833,.38073191
Turkey (Ottoman Empire),2015,640,640,186,TUR,27.532795,12.393442,.54799902,.27000001,.53932863,.53268278,.45081219,.2329108
Turkey (Ottoman Empire),2016,640,640,186,TUR,,,.39572698,.25,.57351899,.54328144,.3061274,
Turkey (Ottoman Empire),2017,640,640,186,TUR,,,,,,,,
Iraq,2013,645,645,433,IRQ,25.921133,,.68777287,.1,.87409365,.87147242,.41780543,-1.1159564
Iraq,2014,645,645,433,IRQ,25.921734,,.6109035,.090000004,.87409365,.87147242,.38344479,-1.132624
Iraq,2015,645,645,433,IRQ,25.951485,,.61611068,.079999998,.87409365,.87147242,.38735297,-1.2692649
Iraq,2016,645,645,433,IRQ,,,.75392675,.07,.87971163,.89627528,.42938912,
Iraq,2017,645,645,433,IRQ,,,,,,,,
Egypt,2013,651,651,469,EGY,26.17238,3.261493,.38986617,.30000001,.71327353,.77957273,.24973318,-.88880599
Egypt,2014,651,651,469,EGY,26.194424,3.6790957,.37808612,.20999999,.71327353,.77957273,.18591556,-.84039325
Egypt,2015,651,651,469,EGY,26.235565,4.5173001,.3493686,.20999999,.88475806,.79733652,.16464923,-.76189482
Egypt,2016,651,651,469,EGY,,,.36873534,.20999999,.88475806,.79733652,.15998766,
Egypt,2017,651,651,469,EGY,,,,,,,,
Syria,2013,652,652,463,SYR,24.816681,1.5807153,.09564779,.2,.91156995,.92632842,.099711418,-1.432465
Syria,2014,652,652,463,SYR,24.820673,2.2795415,.085710429,.2,.91156995,.92632842,.10382838,-1.4412606
Syria,2015,652,652,463,SYR,,3.1439486,.085710429,.2,.91156995,.92632842,.10510624,-1.6338952
Syria,2016,652,652,463,SYR,,,.10138867,.2,.86296469,.88909489,.12420212,
Syria,2017,652,652,463,SYR,,,,,,,,
Lebanon,2013,660,660,446,LBN,24.411467,9.9544353,.75075394,0,.71530873,.6814149,.71722084,-.39568385
Lebanon,2014,660,660,446,LBN,24.429306,22.798201,.76641715,0,.71530873,.6814149,.73817599,-.37500715
Lebanon,2015,660,660,446,LBN,24.442223,25.392826,.78577375,0,.71530873,.6814149,.72457206,-.47065166
Lebanon,2016,660,660,446,LBN,,,.75624764,0,.71530873,.6814149,.74793321,
Lebanon,2017,660,660,446,LBN,,,,,,,,
Jordan,2013,663,663,439,JOR,24.076942,4.5145874,.62174606,0,.48140568,.37304351,.63441199,-.042498071
Jordan,2014,663,663,439,JOR,24.107435,4.6874328,.61797512,0,.48140568,.35794345,.66246825,.13467199
Jordan,2015,663,663,439,JOR,24.130983,4.1640439,.61797512,0,.48140568,.35794345,.65647441,.13580668
Jordan,2016,663,663,439,JOR,,,.61076617,0,.45871079,.32648522,.62861526,
Jordan,2017,663,663,439,JOR,,,,,,,,
Israel,2013,666,666,436,ISR,26.293291,25.901497,.78925198,0,.12403393,.200709,.74152434,1.2290089
Israel,2014,666,666,436,ISR,26.324432,27.243299,.78925198,.0099999998,.12403393,.200709,.7393102,1.1585391
Israel,2015,666,666,436,ISR,26.349201,27.438503,.78925198,.0099999998,.12403393,.200709,.73743582,1.3751553
Israel,2016,666,666,436,ISR,,,.78925198,.0099999998,.12403393,.200709,.73480779,
Israel,2017,666,666,436,ISR,,,,,,,,
Saudi Arabia,2013,670,670,456,SAU,27.163839,10.127698,.20786327,0,.78390151,.75100946,,.070970118
Saudi Arabia,2014,670,670,456,SAU,27.199579,10.324468,.22906511,0,.78390151,.75100946,,.22513649
Saudi Arabia,2015,670,670,456,SAU,27.233843,11.923898,.25461996,0,.78390151,.75100946,,.21018575
Saudi Arabia,2016,670,670,456,SAU,,,.25461996,0,.78390151,.75100946,,
Saudi Arabia,2017,670,670,456,SAU,,,,,,,,
Yemen (Arab Republic of Yemen),2013,678,678,459,YEM,24.089006,1.0521407,.59787506,.059999999,.90931666,.84439719,.53165466,-1.2078686
Yemen (Arab Republic of Yemen),2014,678,678,459,YEM,24.087118,1.3617153,.47586477,.059999999,.90931666,.84439719,.41325897,-1.4053209
Yemen (Arab Republic of Yemen),2015,678,678,459,YEM,23.757267,1.5468912,.34904462,.050000001,.90931666,.84439719,.1793278,-1.6408907
Yemen (Arab Republic of Yemen),2016,678,678,459,YEM,,,.24300769,.039999999,.90898484,.90408987,.16817589,
Yemen (Arab Republic of Yemen),2017,678,678,459,YEM,,,,,,,,
"Yemen, People's Republic of",2013,680,680,,YMD,,,,,,,,
"Yemen, People's Republic of",2014,680,680,,YMD,,,,,,,,
"Yemen, People's Republic of",2015,680,680,,YMD,,,,,,,,
Kuwait,2013,690,690,443,KWT,25.639347,1.39525,.64295143,0,.49697027,.66912431,.51175779,-.062882021
Kuwait,2014,690,690,443,KWT,25.644337,1.3795596,.64295143,0,.49697027,.66912431,.51267391,-.14765134
Kuwait,2015,690,690,443,KWT,25.662638,1.5348556,.64295143,0,.49697027,.66912431,.51222247,-.024442
Kuwait,2016,690,690,443,KWT,,,.64295143,0,.49697027,.66912431,.51222247,
Kuwait,2017,690,690,443,KWT,,,,,,,,
Bahrain,2013,692,692,419,BHR,24.079268,22.523834,,,,,,.59502906
Bahrain,2014,692,692,419,BHR,24.121853,21.394958,,,,,,.59089243
Bahrain,2015,692,692,419,BHR,24.15008,18.609705,,,,,,.5738638
Bahrain,2016,692,692,419,BHR,,,,,,,,
Bahrain,2017,692,692,419,BHR,,,,,,,,
Qatar,2013,694,694,453,QAT,25.767056,9.9363527,.20283829,.12,.48386812,.57922137,.42444098,1.0822593
Qatar,2014,694,694,453,QAT,25.806072,9.9048204,.2144852,.11,.48386812,.57922137,.41907001,.9922902
Qatar,2015,694,694,453,QAT,25.840967,10.11568,.2144852,.1,.48386812,.57922137,.41907001,.9956395
Qatar,2016,694,694,453,QAT,,,.19628905,.090000004,.49282002,.57931125,.40257668,
Qatar,2017,694,694,453,QAT,,,,,,,,
United Arab Emirates,2013,696,696,466,ARE,26.54212,11.148294,,,,,,1.1789733
United Arab Emirates,2014,696,696,466,ARE,26.572454,11.5584,,,,,,1.477198
United Arab Emirates,2015,696,696,466,ARE,26.609343,12.889532,,,,,,1.5369009
United Arab Emirates,2016,696,696,466,ARE,,,,,,,,
United Arab Emirates,2017,696,696,466,ARE,,,,,,,,
Oman,2013,698,698,449,OMN,24.915596,4.2475533,.30235177,0,.16705593,.40042987,.45255968,.22214426
Oman,2014,698,698,449,OMN,24.940706,4.5094452,.3055599,0,.16705593,.40042987,.46280158,.28682154
Oman,2015,698,698,449,OMN,24.995697,5.6095762,.3055599,0,.16312703,.40042987,.46280158,.093591452
Oman,2016,698,698,449,OMN,,,.3055599,0,.16312703,.40042987,.46280158,
Oman,2017,698,698,449,OMN,,,,,,,,
Afghanistan,2013,700,700,512,AFG,23.705475,.00490971,.73677862,.02,.86069661,.81014246,.54281342,-1.4040779
Afghanistan,2014,700,700,512,AFG,23.718513,.0047953101,.73677862,.02,.84862274,.81014246,.54995704,-1.3440053
Afghanistan,2015,700,700,512,AFG,23.726887,.3262558,.80906522,.02,.84862274,.66564012,.54319096,-1.3356041
Afghanistan,2016,700,700,512,AFG,,,.68205833,.02,.87777436,.79928321,.50081933,
Afghanistan,2017,700,700,512,AFG,,,,,,,,
Turkmenistan,2013,701,701,925,TKM,24.180008,.034350671,.046418611,.079999998,.93724167,.9179185,.16245991,-1.3108009
Turkmenistan,2014,701,701,925,TKM,24.278042,.043337591,.046418611,.079999998,.92599118,.92526001,.16091093,-.86351252
Turkmenistan,2015,701,701,925,TKM,24.341015,.055829659,.046418611,.079999998,.93281698,.92228258,.15461217,-.87437391
Turkmenistan,2016,701,701,925,TKM,,,.046418611,.079999998,.93281698,.91793191,.16320345,
Turkmenistan,2017,701,701,925,TKM,,,,,,,,
Tajikistan,2013,702,702,923,TJK,22.668636,.07066419,.21459343,.090000004,.92559862,.95829695,.3950704,-1.0714422
Tajikistan,2014,702,702,923,TJK,22.73348,.072541781,.21459343,.079999998,.92559862,.95829695,.38953391,-.74620521
Tajikistan,2015,702,702,923,TJK,22.79175,.069683298,.2133332,.07,.92559862,.95829695,.35876063,-.8193962
Tajikistan,2016,702,702,923,TJK,,,.16698515,.13,.92559862,.95829695,.22482561,
Tajikistan,2017,702,702,923,TJK,,,,,,,,
Kyrgyz Republic,2013,703,703,917,KGZ,22.451279,2.4551387,.73133868,.19,.79589415,.64349312,.68139911,-.63959706
Kyrgyz Republic,2014,703,703,917,KGZ,22.49073,3.0347652,.72260511,.19,.79589415,.64349312,.68023682,-.83619195
Kyrgyz Republic,2015,703,703,917,KGZ,22.524834,3.7059996,.66483372,.18000001,.87542313,.69292599,.66510671,-.90176207
Kyrgyz Republic,2016,703,703,917,KGZ,,,.71319199,.19,.87680846,.77111834,.6779843,
Kyrgyz Republic,2017,703,703,917,KGZ,,,,,,,,
Uzbekistan,2013,704,704,927,UZB,24.630831,1.0586125,.15849684,.11,.90778047,.9329617,.22518712,-.93720275
Uzbekistan,2014,704,704,927,UZB,24.708717,2.797791,.17157516,.1,.91120917,.92942524,.2084762,-.6317026
Uzbekistan,2015,704,704,927,UZB,24.785679,6.0174694,.15530066,.090000004,.91340256,.92942524,.213525,-.68205476
Uzbekistan,2016,704,704,927,UZB,,,.14948094,.079999998,.9034487,.9296965,.19440173,
Uzbekistan,2017,704,704,927,UZB,,,,,,,,
Kazakhstan,2013,705,705,916,KAZ,25.897341,11.914557,.56120366,.039999999,.74331939,.80997592,.55314243,-.52720916
Kazakhstan,2014,705,705,916,KAZ,25.938482,12.9344,.56120366,.029999999,.74331939,.80997592,.54354811,-.01522462
Kazakhstan,2015,705,705,916,KAZ,25.950411,13.720565,.56120366,.029999999,.74331939,.80997592,.52623546,-.05297124
Kazakhstan,2016,705,705,916,KAZ,,,.57128209,.029999999,.46579233,.80639774,.55896348,
Kazakhstan,2017,705,705,916,KAZ,,,,,,,,
Hong Kong,2013,708,,532,,26.249701,31.028233,,,,,,1.7456211
Hong Kong,2014,708,,532,,26.276167,31.424387,,,,,,1.8394936
Hong Kong,2015,708,,532,,26.300241,32.102478,,,,,,1.9281948
Hong Kong,2016,708,,532,,,,,,,,,
Hong Kong,2017,708,,532,,,,,,,,,
Macao,2013,709,,546,MAC,24.450489,26.801325,,,,,,1.0510623
Macao,2014,709,,546,MAC,24.441931,28.063133,,,,,,1.4515578
Macao,2015,709,,546,MAC,24.214418,29.078232,,,,,,1.4316443
Macao,2016,709,,546,MAC,,,,,,,,
Macao,2017,709,,546,MAC,,,,,,,,
China,2013,710,710,924,CHN,29.680841,13.634062,.39868206,0,.60735309,.45750466,.2576662,.004753076
China,2014,710,710,924,CHN,29.75128,14.384081,.39534491,0,.64059597,.4190881,.28251439,.33927009
China,2015,710,710,924,CHN,29.818174,19.766598,.32127905,0,.59970063,.41861933,.27099118,.4242478
China,2016,710,710,924,CHN,,,.32127905,0,.60102522,.41861933,.26953524,
China,2017,710,710,924,CHN,,,,,,,,
Mongolia,2013,712,712,948,MNG,23.081739,4.9216418,.79526252,.02,.53881311,.4409847,.87590015,-.54386193
Mongolia,2014,712,712,948,MNG,23.157639,6.8454909,.7936101,.02,.51856822,.43832308,.87494028,-.4148154
Mongolia,2015,712,712,948,MNG,23.180937,7.1174631,.79082179,.02,.57319993,.46632016,.86421114,-.40359733
Mongolia,2016,712,712,948,MNG,,,.79654461,.02,.53482956,.4314808,.85867965,
Mongolia,2017,712,712,948,MNG,,,,,,,,
Taiwan,2013,713,713,528,TWN,,,.88704258,.30000001,.15447362,.19086556,.91605866,1.2039778
Taiwan,2014,713,713,528,TWN,,,.88704258,.27000001,.15447362,.19086556,.91926026,1.3743794
Taiwan,2015,713,713,528,TWN,,,.88704258,.23999999,.15447362,.19086556,.91926026,1.4098498
Taiwan,2016,713,713,528,TWN,,,.94921464,.20999999,.13216788,.14625904,.9243896,
Taiwan,2017,713,713,528,TWN,,,,,,,,
"Korea, People's Republic of",2013,731,731,954,PRK,,,.02847812,0,.86571884,.84729499,.03420553,-1.9163218
"Korea, People's Republic of",2014,731,731,954,PRK,,,.02847812,0,.86571884,.84729499,.03420553,-1.6498144
"Korea, People's Republic of",2015,731,731,954,PRK,,,.02847812,0,.86571884,.84729499,.03420553,-1.6327326
"Korea, People's Republic of",2016,731,731,954,PRK,,,.02847812,0,.86571884,.84729499,.03420553,
"Korea, People's Republic of",2017,731,731,954,PRK,,,,,,,,
"Korea, Republic of",2013,732,732,542,KOR,27.808689,38.035908,.78486383,.029999999,.13873567,.35912442,.87263232,1.1334176
"Korea, Republic of",2014,732,732,542,KOR,27.841558,38.776306,.78486383,.029999999,.13873567,.35912442,.87074131,1.1766865
"Korea, Republic of",2015,732,732,542,KOR,27.867342,40.249901,.71680415,.029999999,.27652663,.48591462,.86926174,1.0260922
"Korea, Republic of",2016,732,732,542,KOR,,,.73104191,.029999999,.27652663,.48591462,.86926174,
"Korea, Republic of",2017,732,732,542,KOR,,,,,,,,
Japan,2013,740,740,158,JPN,29.404995,29.036976,.80536038,.0099999998,.01836695,.057980921,.92579049,1.6070156
Japan,2014,740,740,158,JPN,29.408346,29.755108,.80536038,.0099999998,.01836695,.057980921,.92552471,1.8188713
Japan,2015,740,740,158,JPN,29.420467,30.656776,.77703911,.0099999998,.032049,.058203939,.8525309,1.7913879
Japan,2016,740,740,158,JPN,,,.77703911,.0099999998,.032049,.058203939,.8525309,
Japan,2017,740,740,158,JPN,,,,,,,,
India,2013,750,750,534,IND,28.316782,1.192173,.84193277,0,.46046469,.46823049,.72974646,-.1735526
India,2014,750,750,534,IND,28.386116,1.2426997,.84193277,0,.42361695,.42078921,.72509092,-.20434386
India,2015,750,750,534,IND,28.462463,1.3211851,.74755907,0,.53832448,.43452886,.63366425,.10058618
India,2016,750,750,534,IND,,,.74850786,0,.53832448,.43452886,.61187267,
India,2017,750,750,534,IND,,,,,,,,
Bhutan,2013,760,760,514,BTN,21.33077,2.7165039,.84187686,.02,.20400043,.097703949,.67989069,.40429085
Bhutan,2014,760,760,514,BTN,21.386635,3.2628744,.84187686,.02,.20400043,.097703949,.67470312,.27038914
Bhutan,2015,760,760,514,BTN,21.44953,3.5898776,.84187686,.02,.20400043,.097703949,.68619108,.4062863
Bhutan,2016,760,760,514,BTN,,,.74716336,.02,.22156091,.068915218,.65281063,
Bhutan,2017,760,760,514,BTN,,,,,,,,
Pakistan,2013,770,770,564,PAK,26.006319,.89386284,.69994307,.11,.84526956,.49732736,.51271862,-.78969485
Pakistan,2014,770,770,564,PAK,26.052008,1.0849955,.69743931,.1,.7104758,.52039987,.51603889,-.74862355
Pakistan,2015,770,770,564,PAK,26.098055,.95309901,.56633711,.090000004,.72548866,.53161758,.50106829,-.66135818
Pakistan,2016,770,770,564,PAK,,,.56633711,.079999998,.72176945,.53161758,.50660348,
Pakistan,2017,770,770,564,PAK,,,,,,,,
Bangladesh,2013,771,771,513,BGD,25.654835,.9740575,.62755787,0,.88954997,.77603602,.59614724,-.8037712
Bangladesh,2014,771,771,513,BGD,25.71368,1.9513726,.62755787,0,.88954997,.77603602,.56742644,-.77060109
Bangladesh,2015,771,771,513,BGD,25.777149,3.0502474,.59538817,0,.85606259,.68197477,.54178017,-.72782224
Bangladesh,2016,771,771,513,BGD,,,.61353958,0,.88750613,.6813522,.52864015,
Bangladesh,2017,771,771,513,BGD,,,,,,,,
Myanmar (Burma),2013,775,775,518,MMR,24.83213,,.56623691,0,.64080811,.45810795,.43881869,-1.5050161
Myanmar (Burma),2014,775,775,518,MMR,24.90901,,.57610375,0,.64080811,.45810795,.43436599,-1.2789673
Myanmar (Burma),2015,775,775,518,MMR,24.979414,.060779922,.64530265,0,.56862116,.4117986,.47446215,-1.2379392
Myanmar (Burma),2016,775,775,518,MMR,,,.59576613,0,.43339205,.33346978,.48295948,
Myanmar (Burma),2017,775,775,518,MMR,,,,,,,,
Sri Lanka (Ceylon),2013,780,780,524,LKA,24.963093,1.9947937,.73484105,.029999999,.48561361,.81646591,.66083217,-.15828437
Sri Lanka (Ceylon),2014,780,780,524,LKA,25.010725,2.6466799,.73444051,.029999999,.48561361,.79741359,.67223251,.088819399
Sri Lanka (Ceylon),2015,780,780,524,LKA,25.057476,2.8961761,.86690581,.029999999,.37939304,.43138489,.81474864,.0087453956
Sri Lanka (Ceylon),2016,780,780,524,LKA,,,.8710494,.029999999,.37939304,.43138489,.82409519,
Sri Lanka (Ceylon),2017,780,780,524,LKA,,,,,,,,
Maldives,2013,781,781,556,MDV,21.72039,5.8984475,.61245871,.18000001,.61396271,.61119467,.55267388,-.31042269
Maldives,2014,781,781,556,MDV,21.778635,5.6437941,.55351353,.17,.61396271,.62024212,.54858929,-.36676058
Maldives,2015,781,781,556,MDV,21.806704,6.4738073,.37833315,.16,.58695084,.65663874,.5265491,-.38202518
Maldives,2016,781,781,556,MDV,,,.32611403,.15000001,.48856759,.5842613,.47395629,
Maldives,2017,781,781,556,MDV,,,,,,,,
Nepal,2013,790,790,558,NPL,23.616829,1.1204515,.79127651,.02,.75009722,.60159308,.68642259,-.92625511
Nepal,2014,790,790,558,NPL,23.674995,.8911643,.79041368,.02,.75009722,.60159308,.70248044,-.83093232
Nepal,2015,790,790,558,NPL,23.701883,1.06434,.81153655,.02,.77812988,.61797684,.74363184,-1.0434798
Nepal,2016,790,790,558,NPL,,,.85272026,.02,.79336745,.64071119,.73758131,
Nepal,2017,790,790,558,NPL,,,,,,,,
Thailand,2013,800,800,578,THA,26.659704,7.7480392,.71608424,.13,.71780634,.7246297,.55469179,.24180423
Thailand,2014,800,800,578,THA,26.667847,8.0924721,.60800642,0,.73563403,.88503408,.39910018,.33918893
Thailand,2015,800,800,578,THA,26.695738,9.2417374,.62640136,0,.73563403,.88503408,.33812913,.35681024
Thailand,2016,800,800,578,THA,,,.64556849,0,.72677511,.89038223,.3149215,
Thailand,2017,800,800,578,THA,,,,,,,,
Cambodia (Kampuchea),2013,811,811,522,KHM,23.353489,.21570951,.55485028,0,.82900012,.95532739,.53530657,-.90522075
Cambodia (Kampuchea),2014,811,811,522,KHM,23.421816,.4290618,.55485028,0,.82900012,.95532739,.5378989,-.67834032
Cambodia (Kampuchea),2015,811,811,522,KHM,23.489811,.53265095,.55485028,0,.82900012,.95532739,.51042944,-.68981808
Cambodia (Kampuchea),2016,811,811,522,KHM,,,.48236048,0,.83346677,.95532739,.42858496,
Cambodia (Kampuchea),2017,811,811,522,KHM,,,,,,,,
Laos,2013,812,812,544,LAO,22.923149,.13331409,.27708521,0,.79525805,.772807,.169027,-.72883797
Laos,2014,812,812,544,LAO,22.995623,.16371974,.27708521,0,.76845616,.79794002,.17317411,-.387941
Laos,2015,812,812,544,LAO,23.066551,.5247981,.27708521,0,.78202832,.78906751,.1617524,-.49899369
Laos,2016,812,812,544,LAO,,,.27708521,0,.78202832,.7874378,.18531707,
Laos,2017,812,812,544,LAO,,,,,,,,
"Vietnam, Democratic Republic of",2013,816,816,582,VNM,25.640743,5.6201911,.65854895,.02,.35524362,.26205876,.48065129,-.26874238
"Vietnam, Democratic Republic of",2014,816,816,582,VNM,25.698858,6.4836946,.65854895,.02,.35524362,.26205876,.48065129,-.062280931
"Vietnam, Democratic Republic of",2015,816,816,582,VNM,25.763515,8.1382103,.65854895,.02,.35524362,.26205876,.48065129,.076964222
"Vietnam, Democratic Republic of",2016,816,816,582,VNM,,,.65854895,.02,.35524362,.26205876,.50127548,
"Vietnam, Democratic Republic of",2017,816,816,582,VNM,,,,,,,,
"Vietnam, Republic of",2013,817,817,,,,,,,,,,
"Vietnam, Republic of",2014,817,817,,,,,,,,,,
Malaysia,2013,820,820,548,MYS,26.415339,9.8893003,.74669302,0,.48394847,.62164044,.58874869,1.0113723
Malaysia,2014,820,820,548,MYS,26.473722,10.139826,.74669302,0,.48394847,.62164044,.58874869,1.1395011
Malaysia,2015,820,820,548,MYS,26.522215,9.9957666,.74669302,0,.48394847,.62164044,.58874869,.96442771
Malaysia,2016,820,820,548,MYS,,,.74669302,0,.48394847,.62164044,.57941145,
Malaysia,2017,820,820,548,MYS,,,,,,,,
Singapore,2013,830,830,576,SGP,26.330847,27.595575,.45298645,.0099999998,.0092382198,.032419361,.70998526,2.0866621
Singapore,2014,830,830,576,SGP,26.362926,26.716925,.45298645,.0099999998,.0092382198,.032419361,.70998526,2.1937506
Singapore,2015,830,830,576,SGP,26.382811,26.396786,.45298645,.0099999998,.0092382198,.032419361,.70998526,2.2521286
Singapore,2016,830,830,576,SGP,,,.45298645,.0099999998,.0092382198,.032419361,.70998526,
Singapore,2017,830,830,576,SGP,,,,,,,,
Brunei,2013,835,835,516,BRN,23.365566,6.5959921,,,,,,.86979353
Brunei,2014,835,835,516,BRN,23.341787,7.1499629,,,,,,1.0819396
Brunei,2015,835,835,516,BRN,23.336103,8.0331078,,,,,,1.052562
Brunei,2016,835,835,516,BRN,,,,,,,,
Brunei,2017,835,835,516,BRN,,,,,,,,
Philippines,2013,840,840,566,PHL,26.188435,2.614805,.81394333,.07,.53420103,.48702255,.72293484,.11939321
Philippines,2014,840,840,566,PHL,26.248762,2.8972044,.81394333,.07,.53420103,.48702255,.72808433,.19271889
Philippines,2015,840,840,566,PHL,26.306135,4.7839417,.88802361,.07,.53420103,.48702255,.70796227,.10709221
Philippines,2016,840,840,566,PHL,,,.76429564,.07,.47334337,.3311989,.63648319,
Philippines,2017,840,840,566,PHL,,,,,,,,
Indonesia,2013,850,850,536,IDN,27.522614,1.3014195,.88994861,0,.76125985,.57092834,.71709555,-.18706039
Indonesia,2014,850,850,536,IDN,27.57163,1.1902845,.88994861,0,.76210785,.57092834,.72323179,-.01091979
Indonesia,2015,850,850,536,IDN,27.618456,1.0891296,.90240604,0,.68290466,.54504561,.74229634,-.22453643
Indonesia,2016,850,850,536,IDN,,,.90240604,0,.68290466,.54504561,.74229634,
Indonesia,2017,850,850,536,IDN,,,,,,,,
East Timor,2013,860,860,537,TMP,20.826725,.061789472,.69640607,.0099999998,.51527345,.48954463,.86559117,-1.2135092
East Timor,2014,860,860,537,TMP,20.883682,.089202113,.69640607,.0099999998,.51527345,.48954463,.86906499,-1.1550368
East Timor,2015,860,860,537,TMP,20.925783,.087663338,.67350882,.0099999998,.51527345,.48954463,.83770561,-1.0453568
East Timor,2016,860,860,537,TMP,,,.68800151,.0099999998,.51527345,.48954463,.84517062,
East Timor,2017,860,860,537,TMP,,,,,,,,
Australia,2013,900,900,193,AUS,27.847328,25.622732,.94161284,.029999999,.030551421,.05732381,.93358332,1.6366813
Australia,2014,900,900,193,AUS,27.872021,27.659557,.94161284,.029999999,.02582057,.04658379,.92035186,1.5905408
Australia,2015,900,900,193,AUS,27.894173,28.541451,.92389405,.029999999,.02953607,.050056111,.90657222,1.5582972
Australia,2016,900,900,193,AUS,,,.92389405,.029999999,.02741823,.04382069,.9138763,
Australia,2017,900,900,193,AUS,,,,,,,,
Papua New Guinea,2013,910,910,853,PNG,23.230093,.15434498,.78258067,0,.70444864,.75307888,.72026205,-.67591006
Papua New Guinea,2014,910,910,853,PNG,23.311987,.17656244,.78258067,.0099999998,.70444864,.75307888,.72026205,-.63068217
Papua New Guinea,2015,910,910,853,PNG,,.19654554,.76148266,.0099999998,.70444864,.75307888,.72812742,-.62090713
Papua New Guinea,2016,910,910,853,PNG,,,.76148266,.0099999998,.70444864,.75307888,.72812742,
Papua New Guinea,2017,910,910,853,PNG,,,,,,,,
New Zealand,2013,920,920,196,NZL,25.785418,29.207052,.92337388,.40000001,.01421095,.017188789,.93691856,1.7580936
New Zealand,2014,920,920,196,NZL,25.820555,30.979826,.92337388,.40000001,.01421095,.017188789,.93546253,1.9283566
New Zealand,2015,920,920,196,NZL,25.853922,31.566036,.92337388,.40000001,.01421095,.017188789,.93613034,1.8901094
New Zealand,2016,920,920,196,NZL,,,.93466848,.40000001,.01421095,.017188789,.93613034,
New Zealand,2017,920,920,196,NZL,,,,,,,,
Vanuatu,2013,935,935,846,VUT,20.416792,.12264453,.85802519,.0099999998,.39211619,.60650957,.88950986,-.20353721
Vanuatu,2014,935,935,846,VUT,20.439835,1.7688665,.85802519,.0099999998,.39211619,.60650957,.88950986,-.5461117
Vanuatu,2015,935,935,846,VUT,20.431791,1.6283423,.87140697,.0099999998,.39168653,.60650957,.88625085,-.78636557
Vanuatu,2016,935,935,846,VUT,,,.87140697,.0099999998,.39168653,.60650957,.88625085,
Vanuatu,2017,935,935,846,VUT,,,,,,,,
Solomon Islands,2013,940,940,813,SLB,20.521988,.33569065,.71056008,0,.49155658,.63579828,.81929368,-.80544758
Solomon Islands,2014,940,940,813,SLB,20.536949,.23303919,.75017256,0,.49155658,.66783202,.81652755,-1.0701073
Solomon Islands,2015,940,940,813,SLB,20.573612,.24295016,.69961405,0,.49155658,.66783202,.81097364,-1.0276672
Solomon Islands,2016,940,940,813,SLB,,,.67578715,0,.49155658,.64278167,.81778795,
Solomon Islands,2017,940,940,813,SLB,,,,,,,,
Fiji,2013,950,950,819,FJI,21.972031,1.2402036,.45898804,0,.20087659,.32567945,.6291002,-.83887845
Fiji,2014,950,950,819,FJI,22.025063,1.400972,.58335775,0,.1708799,.32177949,.67102039,-.36719069
Fiji,2015,950,950,819,FJI,22.079206,1.4264159,.75397986,0,.16652162,.32019928,.74734169,-.29235107
Fiji,2016,950,950,819,FJI,,,.73866993,0,.18106169,.35612282,.72385609,
Fiji,2017,950,950,819,FJI,,,,,,,,
Kiribati,2013,970,946,826,KIR,18.959295,.68392104,,,,,,-.7522257
Kiribati,2014,970,946,826,KIR,18.983097,.4810375,,,,,,-.57507694
Kiribati,2015,970,946,826,KIR,19.017471,.11084268,,,,,,-.50213414
Kiribati,2016,970,946,826,KIR,,,,,,,,
Kiribati,2017,970,946,826,KIR,,,,,,,,
Nauru,2013,971,970,836,,18.213272,,,,,,,-.57831919
Nauru,2014,971,970,836,,18.524603,,,,,,,-.60016936
Nauru,2015,971,970,836,,18.552298,,,,,,,-.56581241
Nauru,2016,971,970,836,,,,,,,,,
Nauru,2017,971,970,836,,,,,,,,,
Tonga,2013,972,955,866,TON,19.732122,1.6140823,,,,,,-.39625189
Tonga,2014,972,955,866,TON,19.75256,1.7016127,,,,,,-.080562681
Tonga,2015,972,955,866,TON,19.78895,2.3106065,,,,,,-.32945368
Tonga,2016,972,955,866,TON,,,,,,,,
Tonga,2017,972,955,866,TON,,,,,,,,
Tuvalu,2013,973,947,869,TUV,17.371508,7.0878897,,,,,,-.64413732
Tuvalu,2014,973,947,869,TUV,17.39362,9.0964222,,,,,,-.93476653
Tuvalu,2015,973,947,869,TUV,17.419699,10.084711,,,,,,-.96908963
Tuvalu,2016,973,947,869,TUV,,,,,,,,
Tuvalu,2017,973,947,869,TUV,,,,,,,,
Marshall Islands,2013,983,983,867,MHL,18.996225,2.4394877,,,,,,-1.5719591
Marshall Islands,2014,983,983,867,MHL,18.986683,2.5998635,,,,,,-1.5497347
Marshall Islands,2015,983,983,867,MHL,18.993008,1.8870417,,,,,,-1.5973598
Marshall Islands,2016,983,983,867,MHL,,,,,,,,
Marshall Islands,2017,983,983,867,MHL,,,,,,,,
Palau,2013,986,986,565,PLW,19.085382,8.628932,,,,,,-.57831919
Palau,2014,986,986,565,PLW,19.127068,5.2614117,,,,,,-.60016936
Palau,2015,986,986,565,PLW,19.21657,5.748908,,,,,,-.56581241
Palau,2016,986,986,565,PLW,,,,,,,,
Palau,2017,986,986,565,PLW,,,,,,,,
Federated States of Micronesia,2013,987,987,868,,19.489147,1.9922935,,,,,,-.54947621
Federated States of Micronesia,2014,987,987,868,,19.454527,2.9758525,,,,,,-.51997364
Federated States of Micronesia,2015,987,987,868,,19.49156,3.1370859,,,,,,-.41716102
Federated States of Micronesia,2016,987,987,868,,,,,,,,,
Federated States of Micronesia,2017,987,987,868,,,,,,,,,
Samoa/Western Samoa,2013,990,990,862,WSM,20.343536,.65030569,,,,,,.027566079
Samoa/Western Samoa,2014,990,990,862,WSM,20.355427,1.0535315,,,,,,.42943779
Samoa/Western Samoa,2015,990,990,862,WSM,20.371641,1.0785186,,,,,,.48889276
Samoa/Western Samoa,2016,990,990,862,WSM,,,,,,,,
Samoa/Western Samoa,2017,990,990,862,WSM,,,,,,,,
